31007.64387, 3,   1.055, -0.385,  9.574, 4,  -0.004, -0.037,  0.001
31007.68430, 3,   1.053, -0.371,  9.636, 4,   0.005,  0.019,  0.001, 5,  19.013, 37.200, 13.500
31007.72472, 3,   1.058, -0.399,  9.840, 4,  -0.002, -0.008, -0.000, 5,  19.088, 37.200, 13.388, 81, 335.057,  2.204,  6.232, 82,  -0.012,  0.004, -0.105, 83,   1.065, -0.375,  9.741
31007.76514, 3,   1.123, -0.373,  8.949, 4,  -0.060, -0.036,  0.005, 5,  19.144, 37.144, 13.388, 81, 335.054,  2.211,  6.262, 82,  -0.012, -0.023,  0.099, 83,   1.070, -0.376,  9.741
31007.80556, 3,   1.111, -0.416,  9.576, 4,   0.003,  0.166, -0.002, 5,  19.256, 37.069, 13.313, 81, 335.046,  2.202,  6.398, 82,   0.030,  0.002, -0.789, 83,   1.093, -0.375,  9.738
31007.84599, 3,   1.058, -0.373,  9.037, 4,   0.028, -0.083, -0.003, 5,  19.013, 37.200, 13.313, 81, 335.050,  2.204,  6.237, 82,   0.046, -0.041, -0.165, 83,   1.065, -0.375,  9.741
31007.88641, 3,   1.077, -0.442,  9.775, 4,   0.020,  0.077, -0.003, 5,  19.088, 37.144, 13.500, 81, 335.048,  2.194,  6.241, 82,  -0.008,  0.000, -0.704, 83,   1.066, -0.373,  9.741
31007.92683, 3,   1.051, -0.351,  9.842, 4,  -0.006, -0.019,  0.003, 5,  18.956, 37.144, 13.744, 81, 335.044,  2.199,  6.218, 82,   0.015, -0.068,  0.033, 83,   1.062, -0.374,  9.742
31007.96725, 3,   1.034, -0.382,  9.409, 4,  -0.004, -0.020,  0.001, 5,  19.088, 36.844, 13.500, 81, 335.039,  2.205,  6.262, 82,  -0.019,  0.024,  0.101, 83,   1.070, -0.375,  9.741
31008.00767, 3,   1.043, -0.397,  9.964, 4,   0.004,  0.011,  0.001, 5,  19.013, 36.581, 13.669, 81, 335.037,  2.196,  6.213, 82,  -0.027, -0.008, -0.333, 83,   1.061, -0.374,  9.742
31008.04810, 3,   1.024, -0.378,  9.447, 4,  -0.006, -0.025,  0.001, 5,  18.656, 36.544, 13.781, 81, 335.031,  2.201,  6.249, 82,  -0.024, -0.023,  0.223, 83,   1.067, -0.374,  9.741
31008.08852, 3,   1.091, -0.397,  9.742, 4,   0.003,  0.024, -0.000, 5,  17.944, 36.544, 13.988, 81, 335.030,  2.198,  6.231, 82,  -0.040, -0.004, -0.295, 83,   1.064, -0.374,  9.742
31008.12894, 3,   1.012, -0.387,  9.689, 4,  -0.001, -0.006,  0.002, 5,  18.113, 36.488, 14.100, 81, 335.037,  2.199,  6.227, 82,   0.027, -0.023,  0.000, 83,   1.064, -0.374,  9.742
31008.16936, 3,   1.060, -0.385,  9.586, 4,  -0.001, -0.004,  0.002, 5,  18.356, 36.713, 14.400, 81, 335.045,  2.199,  6.231, 82,  -0.052, -0.013, -0.053, 83,   1.064, -0.374,  9.742
31008.20979, 3,   1.058, -0.411,  9.765, 4,   0.002,  0.003,  0.002, 5,  18.656, 36.713, 14.400, 81, 335.052,  2.197,  6.213, 82,  -0.001, -0.011, -0.156, 83,   1.061, -0.374,  9.742
31008.25021, 3,   0.993, -0.359,  9.600, 4,  -0.002, -0.008,  0.001, 5,  18.956, 36.413, 14.288, 81, 335.052,  2.202,  6.223, 82,  -0.005, -0.036,  0.023, 83,   1.063, -0.375,  9.742
31008.29063, 3,   1.120, -0.438,  9.698, 4,   0.002,  0.007,  0.002, 5,  19.256, 37.013, 14.100, 81, 335.050,  2.197,  6.211, 82,  -0.068,  0.015, -0.142, 83,   1.061, -0.374,  9.742
31008.33105, 3,   0.969, -0.366,  9.684, 4,  -0.002, -0.004, -0.000, 5,  19.256, 36.881, 13.669, 81, 335.040,  2.201,  6.216, 82,   0.058, -0.064, -0.044, 83,   1.062, -0.374,  9.742
31008.37147, 3,   1.106, -0.394,  9.631, 4,  -0.001,  0.001, -0.000, 5,  19.088, 36.881, 13.388, 81, 335.028,  2.200,  6.210, 82,  -0.092,  0.008, -0.058, 83,   1.061, -0.374,  9.742
31008.41190, 3,   1.039, -0.390,  9.706, 4,   0.001,  0.003, -0.000, 5,  19.313, 37.388, 13.388, 81, 335.021,  2.202,  6.207, 82,   0.046, -0.019, -0.111, 83,   1.060, -0.375,  9.742
31008.45232, 3,   1.027, -0.368,  9.653, 4,   0.002, -0.003, -0.000, 5,  19.313, 37.069, 13.613, 81, 335.013,  2.204,  6.210, 82,  -0.022, -0.015, -0.036, 83,   1.061, -0.375,  9.742
31008.49274, 3,   1.101, -0.416,  9.677, 4,   0.001,  0.005, -0.002, 5,  19.144, 37.069, 13.988, 81, 335.005,  2.199,  6.207, 82,  -0.033,  0.006, -0.089, 83,   1.060, -0.374,  9.742
31008.53316, 3,   0.991, -0.366,  9.679, 4,   0.002,  0.000, -0.000, 5,  19.088, 37.013, 13.988, 81, 335.002,  2.201,  6.209, 82,   0.040, -0.042, -0.065, 83,   1.061, -0.374,  9.742
31008.57359, 3,   1.082, -0.416,  9.660, 4,  -0.001, -0.003, -0.000, 5,  18.713, 36.788, 13.613, 81, 334.994,  2.198,  6.203, 82,  -0.068,  0.008, -0.063, 83,   1.059, -0.374,  9.742
31008.61401, 3,   1.048, -0.368,  9.660, 4,  -0.001,  0.000,  0.001, 5,  18.956, 36.881, 13.388, 81, 334.995,  2.200,  6.202, 82,   0.023, -0.042, -0.082, 83,   1.059, -0.374,  9.742
31008.65443, 3,   0.993, -0.382,  9.660, 4,   0.001, -0.002, -0.002, 5,  18.713, 37.013, 13.200, 81, 334.997,  2.201,  6.203, 82,  -0.011,  0.007, -0.082, 83,   1.060, -0.375,  9.742
31008.69485, 3,   1.132, -0.402,  9.667, 4,   0.001, -0.001, -0.002, 5,  18.656, 36.844, 13.444, 81, 335.003,  2.199,  6.197, 82,  -0.065, -0.008, -0.082, 83,   1.058, -0.374,  9.742
31008.73527, 3,   0.974, -0.380,  9.686, 4,   0.001, -0.002, -0.000, 5,  18.769, 36.713, 13.444, 81, 335.006,  2.202,  6.208, 82,   0.072, -0.027, -0.075, 83,   1.060, -0.375,  9.742
31008.77570, 3,   1.115, -0.411,  9.655, 4,   0.001, -0.002, -0.000, 5,  18.525, 36.488, 13.200, 81, 335.011,  2.201,  6.196, 82,  -0.084, -0.005, -0.056, 83,   1.058, -0.374,  9.742
31008.81612, 3,   1.017, -0.390,  9.691, 4,   0.002, -0.002,  0.002, 5,  18.656, 36.188, 13.088, 81, 335.009,  2.204,  6.203, 82,   0.056, -0.036, -0.087, 83,   1.059, -0.375,  9.742
31008.85654, 3,   0.993, -0.397,  9.686, 4,   0.001, -0.004, -0.002, 5,  18.656, 36.225, 13.313, 81, 335.001,  2.204,  6.198, 82,  -0.042, -0.015, -0.051, 83,   1.059, -0.375,  9.742
31008.89696, 3,   1.190, -0.390,  9.643, 4,   0.001,  0.001,  0.002, 5,  18.413, 36.225, 13.200, 81, 334.994,  2.204,  6.188, 82,  -0.064, -0.022, -0.056, 83,   1.057, -0.375,  9.742
31008.93739, 3,   0.967, -0.404,  9.670, 4,  -0.001, -0.001,  0.003, 5,  18.488, 36.225, 13.613, 81, 334.985,  2.206,  6.206, 82,   0.130, -0.015, -0.099, 83,   1.060, -0.375,  9.742
31008.97781, 3,   1.024, -0.406,  9.679, 4,  -0.001, -0.001,  0.002, 5,  18.656, 36.413, 13.669, 81, 334.985,  2.209,  6.193, 82,  -0.090, -0.028, -0.072, 83,   1.058, -0.376,  9.742
31009.01823, 3,   1.125, -0.402,  9.662, 4,  -0.002, -0.001,  0.004, 5,  19.013, 36.413, 13.313, 81, 334.982,  2.214,  6.188, 82,  -0.033, -0.029, -0.063, 83,   1.057, -0.377,  9.742
31009.05865, 3,   0.969, -0.373,  9.686, 4,  -0.002,  0.000, -0.000, 5,  19.313, 36.581, 13.313, 81, 334.967,  2.221,  6.197, 82,   0.067, -0.024, -0.080, 83,   1.058, -0.378,  9.742
31009.09907, 3,   1.094, -0.303,  9.670, 4,   0.001, -0.002, -0.002, 5,  19.144, 36.581, 13.313, 81, 334.939,  2.220,  6.182, 82,  -0.087,  0.005, -0.056, 83,   1.056, -0.378,  9.742
31009.13950, 3,   1.070, -0.576,  9.667, 4,   0.005,  0.000,  0.001, 5,  19.013, 36.881, 13.388, 81, 334.927,  2.214,  6.191, 82,   0.037,  0.074, -0.072, 83,   1.057, -0.377,  9.742
31009.17992, 3,   1.058, -0.191,  9.651, 4,  -0.004, -0.001,  0.001, 5,  18.956, 36.581, 13.613, 81, 334.913,  2.243,  6.198, 82,   0.012, -0.195, -0.075, 83,   1.058, -0.381,  9.742
31009.22034, 3,   1.070, -0.536,  9.682, 4,  -0.001, -0.002, -0.002, 5,  18.844, 36.544, 13.444, 81, 334.912,  2.218,  6.194, 82,   0.000,  0.186, -0.091, 83,   1.058, -0.377,  9.742
31009.26076, 3,   1.039, -0.330,  9.665, 4,   0.002,  0.001,  0.001, 5,  18.956, 36.581, 13.144, 81, 334.905,  2.241,  6.200, 82,   0.011, -0.155, -0.060, 83,   1.059, -0.381,  9.742
31009.30119, 3,   1.046, -0.414,  9.667, 4,  -0.001,  0.000,  0.002, 5,  19.313, 36.188, 12.900, 81, 334.892,  2.233,  6.194, 82,  -0.019,  0.050, -0.077, 83,   1.058, -0.380,  9.742
31009.34161, 3,   1.051, -0.390,  9.667, 4,   0.002, -0.002, -0.000, 5,  19.088, 36.488, 12.713, 81, 334.864,  2.238,  6.191, 82,  -0.011, -0.033, -0.075, 83,   1.057, -0.381,  9.742
31009.38203, 3,   1.032, -0.392,  9.689, 4,  -0.001,  0.000,  0.001, 5,  19.013, 36.581, 12.900, 81, 334.839,  2.239,  6.189, 82,  -0.006, -0.009, -0.075, 83,   1.057, -0.381,  9.742
31009.42245, 3,   1.070, -0.421,  9.674, 4,   0.001, -0.001,  0.002, 5,  19.013, 36.581, 13.013, 81, 334.825,  2.237,  6.184, 82,  -0.024, -0.011, -0.053, 83,   1.056, -0.381,  9.742
31009.46287, 3,   1.027, -0.337,  9.674, 4,  -0.001,  0.001,  0.001, 5,  18.713, 36.844, 13.013, 81, 334.818,  2.244,  6.190, 82,   0.013, -0.039, -0.068, 83,   1.057, -0.382,  9.742
31009.50330, 3,   1.043, -0.469,  9.665, 4,   0.001,  0.000, -0.002, 5,  18.713, 36.844, 13.444, 81, 334.824,  2.237,  6.183, 82,  -0.029,  0.043, -0.068, 83,   1.056, -0.381,  9.742
31009.54372, 3,   1.084, -0.303,  9.655, 4,   0.002, -0.001, -0.000, 5,  18.844, 36.581, 13.500, 81, 334.828,  2.244,  6.183, 82,  -0.013, -0.087, -0.077, 83,   1.056, -0.382,  9.742
31009.58414, 3,   1.024, -0.454,  9.686, 4,   0.002, -0.001, -0.000, 5,  18.956, 36.488, 13.500, 81, 334.829,  2.234,  6.189, 82,   0.027,  0.077, -0.087, 83,   1.057, -0.380,  9.742
31009.62456, 3,   1.055, -0.354,  9.655, 4,  -0.001,  0.000,  0.001, 5,  18.656, 36.300, 13.988, 81, 334.818,  2.243,  6.185, 82,  -0.032, -0.073, -0.056, 83,   1.056, -0.382,  9.742
31009.66499, 3,   1.048, -0.411,  9.682, 4,   0.001,  0.001, -0.002, 5,  18.713, 36.488, 13.500, 81, 334.822,  2.239,  6.185, 82,  -0.001,  0.027, -0.087, 83,   1.056, -0.381,  9.742
31009.70541, 3,   1.041, -0.373,  9.660, 4,   0.001,  0.001, -0.002, 5,  18.656, 36.581, 13.200, 81, 334.830,  2.241,  6.184, 82,  -0.008, -0.030, -0.060, 83,   1.056, -0.381,  9.742
31009.74583, 3,   1.060, -0.409,  9.679, 4,  -0.002,  0.001,  0.002, 5,  18.488, 36.788, 13.144, 81, 334.836,  2.240,  6.181, 82,  -0.014,  0.008, -0.082, 83,   1.055, -0.381,  9.742
31009.78625, 3,   1.041, -0.385,  9.682, 4,   0.003,  0.002,  0.001, 5,  18.956, 37.013, 13.013, 81, 334.849,  2.246,  6.183, 82,   0.004, -0.027, -0.063, 83,   1.056, -0.382,  9.742
31009.82667, 3,   1.067, -0.397,  9.689, 4,   0.001, -0.002, -0.000, 5,  18.844, 36.844, 13.313, 81, 334.852,  2.244,  6.178, 82,  -0.014, -0.003, -0.060, 83,   1.055, -0.382,  9.742
31009.86710, 3,   1.032, -0.414,  9.672, 4,  -0.001,  0.000, -0.000, 5,  18.769, 36.881, 13.500, 81, 334.854,  2.245,  6.180, 82,   0.012, -0.015, -0.053, 83,   1.055, -0.382,  9.742
31009.90752, 3,   1.046, -0.361,  9.686, 4,   0.001,  0.003,  0.001, 5,  19.144, 37.013, 13.500, 81, 334.854,  2.248,  6.178, 82,  -0.023, -0.032, -0.070, 83,   1.055, -0.382,  9.742
31009.94794, 3,   1.051, -0.430,  9.682, 4,   0.002,  0.001, -0.000, 5,  19.088, 36.788, 13.313, 81, 334.845,  2.245,  6.177, 82,  -0.009,  0.021, -0.056, 83,   1.055, -0.382,  9.742
31009.98836, 3,   1.032, -0.368,  9.689, 4,  -0.001, -0.001, -0.002, 5,  19.144, 36.713, 13.200, 81, 334.830,  2.250,  6.176, 82,  -0.003, -0.047, -0.060, 83,   1.054, -0.383,  9.742
31010.02879, 3,   1.063, -0.411,  9.672, 4,   0.002, -0.001,  0.001, 5,  19.013, 36.713, 13.144, 81, 334.815,  2.246,  6.174, 82,  -0.022,  0.014, -0.053, 83,   1.054, -0.382,  9.742
31010.06921, 3,   1.034, -0.361,  9.677, 4,  -0.001,  0.000, -0.002, 5,  18.713, 36.713, 13.144, 81, 334.807,  2.250,  6.178, 82,   0.008, -0.028, -0.070, 83,   1.055, -0.383,  9.742
31010.10963, 3,   1.063, -0.442,  9.686, 4,   0.001,  0.001,  0.001, 5,  18.713, 36.713, 13.388, 81, 334.817,  2.246,  6.174, 82,  -0.020,  0.021, -0.065, 83,   1.054, -0.382,  9.742
31010.15005, 3,   1.046, -0.363,  9.686, 4,   0.001,  0.001,  0.001, 5,  18.488, 36.788, 13.500, 81, 334.822,  2.255,  6.177, 82,   0.008, -0.059, -0.056, 83,   1.055, -0.383,  9.742
31010.19047, 3,   1.041, -0.406,  9.674, 4,  -0.002,  0.003, -0.003, 5,  18.525, 36.544, 13.444, 81, 334.840,  2.251,  6.174, 82,  -0.008,  0.020, -0.056, 83,   1.054, -0.383,  9.742
31010.23090, 3,   1.072, -0.390,  9.677, 4,   0.002,  0.000,  0.001, 5,  18.525, 36.413, 13.500, 81, 334.853,  2.253,  6.171, 82,  -0.013, -0.023, -0.068, 83,   1.054, -0.383,  9.742
31010.27132, 3,   1.046, -0.404,  9.672, 4,   0.002, -0.001, -0.000, 5,  18.525, 36.488, 13.613, 81, 334.863,  2.253,  6.175, 82,   0.018, -0.007, -0.065, 83,   1.054, -0.383,  9.742
31010.31174, 3,   1.063, -0.409,  9.682, 4,   0.002, -0.001,  0.001, 5,  18.769, 36.581, 13.144, 81, 334.874,  2.254,  6.173, 82,  -0.008, -0.021, -0.070, 83,   1.054, -0.383,  9.742
31010.35216, 3,   1.051, -0.385,  9.670, 4,  -0.001,  0.000, -0.000, 5,  18.844, 36.581, 13.144, 81, 334.872,  2.255,  6.175, 82,   0.009, -0.026, -0.060, 83,   1.054, -0.383,  9.742
31010.39259, 3,   1.039, -0.411,  9.679, 4,   0.002,  0.000,  0.002, 5,  18.656, 36.881, 13.388, 81, 334.870,  2.253,  6.173, 82,  -0.003, -0.002, -0.072, 83,   1.054, -0.383,  9.742
31010.43301, 3,   1.060, -0.380,  9.677, 4,  -0.001,  0.001, -0.002, 5,  18.244, 37.013, 13.013, 81, 334.877,  2.254,  6.169, 82,  -0.014, -0.028, -0.063, 83,   1.053, -0.383,  9.742
31010.47343, 3,   1.032, -0.409,  9.679, 4,   0.002,  0.000, -0.000, 5,  18.413, 36.881, 13.313, 81, 334.921,  2.253,  6.168, 82,   0.007,  0.003, -0.065, 83,   1.053, -0.383,  9.742
31010.51385, 3,   1.053, -0.366,  9.662, 4,   0.001,  0.000, -0.002, 5,  18.713, 36.881, 13.200, 81, 334.930,  2.254,  6.165, 82,  -0.021, -0.026, -0.063, 83,   1.053, -0.383,  9.742
31010.55427, 3,   1.043, -0.411,  9.691, 4,   0.001,  0.000,  0.002, 5,  18.844, 36.713, 13.200, 81, 334.945,  2.250,  6.165, 82,   0.000,  0.017, -0.081, 83,   1.053, -0.383,  9.742
31010.59470, 3,   1.051, -0.390,  9.686, 4,   0.002,  0.001,  0.001, 5,  19.013, 36.488, 13.200, 81, 334.941,  2.254,  6.164, 82,  -0.009, -0.028, -0.051, 83,   1.052, -0.383,  9.742
31010.63512, 3,   1.055, -0.416,  9.679, 4,  -0.001,  0.002,  0.002, 5,  18.956, 36.225, 13.144, 81, 334.925,  2.253,  6.163, 82,  -0.001, -0.007, -0.057, 83,   1.052, -0.383,  9.742
31010.67554, 3,   1.032, -0.378,  9.658, 4,   0.002,  0.001, -0.002, 5,  18.956, 36.188, 13.313, 81, 334.908,  2.256,  6.162, 82,   0.003, -0.032, -0.063, 83,   1.052, -0.384,  9.742
31010.71596, 3,   1.060, -0.373,  9.672, 4,  -0.002, -0.003,  0.002, 5,  18.713, 36.188, 13.444, 81, 334.895,  2.255,  6.160, 82,  -0.020,  0.005, -0.084, 83,   1.052, -0.383,  9.743
31010.75639, 3,   1.034, -0.402,  9.651, 4,  -0.005,  0.002,  0.001, 5,  18.488, 36.113, 13.388, 81, 334.885,  2.255,  6.164, 82,   0.008,  0.010, -0.070, 83,   1.053, -0.383,  9.742
31010.79681, 3,   1.106, -0.418,  9.708, 4,   0.003, -0.006, -0.000, 5,  18.488, 36.000, 13.444, 81, 334.889,  2.259,  6.160, 82,  -0.018, -0.018, -0.092, 83,   1.052, -0.384,  9.743
31010.83723, 3,   0.936, -0.378,  9.689, 4,   0.022, -0.053, -0.003, 5,  18.356, 36.000, 13.013, 81, 334.886,  2.259,  6.171, 82,   0.052, -0.034, -0.034, 83,   1.054, -0.384,  9.742
31010.87765, 3,   1.084, -0.447,  9.672, 4,  -0.006,  0.007, -0.002, 5,  18.844, 35.813, 12.788, 81, 334.888,  2.257,  6.157, 82,  -0.115,  0.006, -0.054, 83,   1.051, -0.384,  9.743
31010.91807, 3,   1.055, -0.392,  9.622, 4,   0.002,  0.009,  0.002, 5,  19.425, 36.225, 12.788, 81, 334.868,  2.273,  6.155, 82,   0.033, -0.060, -0.071, 83,   1.051, -0.387,  9.743
31010.95850, 3,   0.945, -0.363,  9.610, 4,  -0.006, -0.003,  0.002, 5,  19.556, 36.544, 12.713, 81, 334.829,  2.264,  6.156, 82,   0.004, -0.007, -0.121, 83,   1.051, -0.385,  9.743
31010.99892, 3,   1.149, -0.428,  9.777, 4,   0.006,  0.008, -0.002, 5,  19.688, 36.581, 12.788, 81, 334.795,  2.278,  6.132, 82,  -0.102,  0.024, -0.133, 83,   1.047, -0.387,  9.743
31011.03934, 3,   0.993, -0.418,  9.255, 4,   0.064,  0.016, -0.006, 5,  19.369, 36.788, 12.713, 81, 334.750,  2.300,  6.152, 82,   0.099, -0.037,  0.035, 83,   1.050, -0.391,  9.742
31011.07976, 3,   1.113, -0.406,  9.998, 4,   0.085, -0.026, -0.005, 5,  18.956, 36.413, 12.600, 81, 334.726,  2.237,  6.131, 82,  -0.054, -0.038, -0.488, 83,   1.047, -0.380,  9.743
31011.12019, 3,   1.254, -0.380,  9.662, 4,   0.010, -0.001, -0.000, 5,  19.144, 36.300, 12.788, 81, 334.717,  2.147,  6.210, 82,   0.053, -0.041,  0.256, 83,   1.060, -0.365,  9.742
31011.16061, 3,   0.845, -0.280,  9.639, 4,  -0.002,  0.010, -0.000, 5,  19.256, 36.188, 12.600, 81, 334.707,  2.099,  6.248, 82,   0.187, -0.023, -0.080, 83,   1.067, -0.357,  9.742
31011.20103, 3,   1.065, -0.394,  9.698, 4,   0.001,  0.001,  0.003, 5,  19.425, 36.225, 12.844, 81, 334.683,  2.082,  6.178, 82,  -0.210,  0.074, -0.104, 83,   1.055, -0.354,  9.743
31011.24145, 3,   1.139, -0.380,  9.507, 4,   0.014,  0.003, -0.000, 5,  19.556, 36.488, 13.088, 81, 334.644,  2.091,  6.208, 82,   0.005, -0.039, -0.045, 83,   1.060, -0.355,  9.743
31011.28188, 3,   1.010, -0.354,  9.883, 4,  -0.004,  0.023, -0.004, 5,  19.313, 36.300, 13.144, 81, 334.616,  2.076,  6.215, 82,   0.078, -0.027, -0.236, 83,   1.061, -0.353,  9.743
31011.32230, 3,   1.084, -0.392,  9.559, 4,  -0.004, -0.015,  0.002, 5,  18.956, 36.544, 13.388, 81, 334.589,  2.081,  6.194, 82,  -0.048, -0.000,  0.140, 83,   1.058, -0.354,  9.743
31011.36272, 3,   1.051, -0.330,  9.701, 4,  -0.004,  0.007, -0.000, 5,  18.656, 36.413, 13.313, 81, 334.585,  2.091,  6.182, 82,   0.028, -0.036, -0.184, 83,   1.056, -0.356,  9.743
31011.40314, 3,   1.053, -0.397,  9.646, 4,   0.001, -0.001, -0.003, 5,  18.713, 36.188, 13.144, 81, 334.597,  2.098,  6.177, 82,  -0.004,  0.027, -0.042, 83,   1.055, -0.357,  9.743
31011.44356, 3,   1.060, -0.371,  9.574, 4,  -0.028,  0.024, -0.000, 5,  19.013, 36.188, 13.200, 81, 334.604,  2.103,  6.165, 82,   0.000, -0.040, -0.097, 83,   1.053, -0.357,  9.743
31011.48399, 3,   1.017, -0.289,  9.792, 4,  -0.003,  0.009,  0.004, 5,  19.369, 36.000, 13.088, 81, 334.598,  2.121,  6.149, 82,   0.010, -0.010, -0.170, 83,   1.050, -0.361,  9.744
31011.52441, 3,   1.053, -0.442,  9.631, 4,   0.002, -0.004,  0.001, 5,  19.369, 36.113, 13.013, 81, 334.573,  2.105,  6.150, 82,  -0.033,  0.069,  0.048, 83,   1.050, -0.358,  9.744
31011.56483, 3,   1.020, -0.327,  9.703, 4,   0.004,  0.020, -0.000, 5,  19.425, 36.188, 13.088, 81, 334.545,  2.108,  6.120, 82,   0.008, -0.083, -0.113, 83,   1.045, -0.359,  9.744
31011.60525, 3,   1.032, -0.361,  9.619, 4,   0.002, -0.017, -0.003, 5,  19.088, 36.300, 13.013, 81, 334.519,  2.086,  6.116, 82,  -0.025,  0.028, -0.041, 83,   1.045, -0.355,  9.744
31011.64568, 3,   1.096, -0.361,  9.718, 4,   0.005,  0.020, -0.005, 5,  18.769, 36.713, 13.013, 81, 334.511,  2.075,  6.111, 82,  -0.012, -0.008, -0.126, 83,   1.044, -0.353,  9.745
31011.68610, 3,   0.981, -0.354,  9.624, 4,   0.009, -0.003, -0.002, 5,  18.713, 36.881, 12.844, 81, 334.516,  2.064,  6.108, 82,   0.053, -0.010, -0.027, 83,   1.043, -0.351,  9.745
31011.72652, 3,   1.075, -0.347,  9.809, 4,  -0.006, -0.001,  0.001, 5,  18.413, 36.788, 12.788, 81, 334.533,  2.058,  6.100, 82,  -0.061, -0.004, -0.121, 83,   1.042, -0.350,  9.745
31011.76694, 3,   1.099, -0.418,  9.686, 4,  -0.006, -0.010, -0.004, 5,  18.525, 36.581, 12.600, 81, 334.556,  2.070,  6.132, 82,   0.028,  0.005,  0.065, 83,   1.047, -0.352,  9.744
31011.80737, 3,   0.936, -0.402,  9.780, 4,   0.014, -0.040, -0.006, 5,  18.525, 36.300, 12.544, 81, 334.571,  2.090,  6.131, 82,   0.052, -0.063, -0.058, 83,   1.047, -0.355,  9.744
31011.84779, 3,   1.355, -0.749,  9.574, 4,  -0.019,  0.015, -0.072, 5,  18.413, 36.188, 12.600, 81, 334.591,  2.063,  6.121, 82,  -0.109, -0.051,  0.036, 83,   1.045, -0.351,  9.744
31011.88821, 3,   1.043, -0.615,  9.557, 4,   0.002, -0.023, -0.064, 5,  18.356, 36.413, 12.844, 81, 334.667,  2.100,  6.213, 82,   0.294, -0.392, -0.169, 83,   1.061, -0.357,  9.743
31011.92863, 3,   1.067, -1.180,  9.861, 4,  -0.011,  0.006, -0.094, 5,  18.356, 36.544, 12.844, 81, 334.840,  2.168,  6.240, 82,  -0.023, -0.247, -0.185, 83,   1.066, -0.368,  9.742
31011.96905, 3,   1.111, -1.338,  9.545, 4,   0.005, -0.007, -0.057, 5,  18.356, 36.788, 13.013, 81, 335.037,  2.242,  6.241, 82,   0.001, -0.799,  0.120, 83,   1.066, -0.381,  9.741
31012.00948, 3,   1.211, -1.587,  9.761, 4,  -0.004, -0.008, -0.044, 5,  18.413, 36.844, 12.900, 81, 335.198,  2.325,  6.289, 82,   0.038, -0.943, -0.195, 83,   1.073, -0.395,  9.740
31012.04990, 3,   1.127, -1.209,  9.526, 4,   0.035,  0.001, -0.007, 5,  18.488, 36.881, 12.713, 81, 335.275,  2.449,  6.358, 82,   0.126, -1.172,  0.023, 83,   1.085, -0.415,  9.738
31012.09032, 3,   1.240, -0.993,  9.765, 4,   0.001,  0.006, -0.022, 5,  18.413, 37.013, 13.013, 81, 335.365,  2.488,  6.392, 82,   0.036, -0.787, -0.211, 83,   1.091, -0.422,  9.737
31012.13074, 3,   1.070, -0.624,  9.622, 4,   0.010,  0.026, -0.008, 5,  18.356, 36.844, 13.013, 81, 335.367,  2.516,  6.415, 82,   0.145, -0.567,  0.029, 83,   1.095, -0.426,  9.736
31012.17117, 3,   1.305,  0.510,  9.924, 4,   0.064, -0.046,  0.182, 5,  18.525, 37.200, 12.844, 81, 335.422,  2.539,  6.381, 82,  -0.019, -0.193, -0.114, 83,   1.089, -0.431,  9.737
31012.21159, 3,   0.694,  0.678, 11.066, 4,  -0.002,  0.353, -0.060, 5,  18.413, 37.725, 12.488, 81, 335.341,  2.402,  6.368, 82,   0.218,  0.917,  0.186, 83,   1.087, -0.407,  9.738
31012.25201, 3,   0.814, -1.614,  8.142, 4,  -0.098, -0.181, -0.068, 5,  18.188, 38.213, 12.169, 81, 335.137,  2.705,  6.352, 82,  -0.390,  1.137,  1.330, 83,   1.084, -0.459,  9.736
31012.29243, 3,   1.460, -1.192, 10.118, 4,   0.036,  0.197, -0.193, 5,  17.944, 39.113, 12.169, 81, 335.284,  2.694,  6.267, 82,  -0.256, -1.157, -1.595, 83,   1.070, -0.457,  9.737
31012.33286, 3,   0.667, -0.876,  9.354, 4,  -0.037, -0.059, -0.209, 5,  17.869, 39.581, 12.413, 81, 335.632,  2.719,  6.441, 82,   0.361, -0.731,  0.384, 83,   1.099, -0.461,  9.734
31012.37328, 3,   1.060, -1.147, 10.046, 4,   0.008,  0.114, -0.137, 5,  17.813, 39.881, 12.844, 81, 336.175,  2.729,  6.335, 82,  -0.414, -0.413, -0.382, 83,   1.081, -0.463,  9.736
31012.41370, 3,   0.830,  0.074, 10.441, 4,  -0.153, -0.238, -0.120, 5,  17.813, 41.044, 13.088, 81, 336.597,  2.735,  6.305, 82,  -0.016, -0.683,  0.310, 83,   1.076, -0.464,  9.736
31012.45412, 3,   1.681, -1.580,  7.552, 4,   0.022, -0.053, -0.146, 5,  17.869, 41.944, 13.613, 81, 336.936,  2.819,  6.488, 82,  -0.277,  0.552,  0.709, 83,   1.107, -0.478,  9.732
31012.49454, 3,   0.912, -0.531, 10.980, 4,   0.003,  0.094, -0.191, 5,  18.413, 42.600, 14.344, 81, 337.325,  2.872,  6.418, 82,   0.586, -1.093, -2.181, 83,   1.095, -0.487,  9.733
31012.53497, 3,   0.826, -0.672,  9.107, 4,  -0.019, -0.075, -0.184, 5,  19.013, 43.744, 15.000, 81, 337.812,  2.868,  6.497, 82,  -0.197, -0.044,  1.248, 83,   1.109, -0.487,  9.732
31012.57539, 3,   0.883, -0.658, 10.048, 4,   0.027,  0.051, -0.076, 5,  19.688, 44.588, 15.825, 81, 338.249,  2.853,  6.332, 82,  -0.254, -0.188, -0.628, 83,   1.080, -0.484,  9.735
31012.61581, 3,   0.952, -0.689,  9.409, 4,   0.019, -0.022, -0.089, 5,  19.988, 45.525, 16.444, 81, 338.553,  2.828,  6.403, 82,  -0.210, -0.178,  0.314, 83,   1.093, -0.480,  9.734
31012.65623, 3,   0.440, -0.165,  9.763, 4,   0.032,  0.057, -0.076, 5,  20.456, 46.988, 17.344, 81, 338.710,  2.769,  6.324, 82,  -0.127, -0.219, -0.327, 83,   1.079, -0.470,  9.736
31012.69666, 3,   0.131, -0.330, 10.175, 4,   0.174, -0.104,  0.010, 5,  20.813, 48.188, 18.413, 81, 338.933,  2.630,  6.070, 82,  -0.596,  0.282,  0.022, 83,   1.036, -0.447,  9.742
31012.73708, 3,   1.029, -0.385,  8.712, 4,   0.028,  0.014, -0.050, 5,  21.788, 49.313, 20.344, 81, 338.990,  2.436,  6.109, 82,  -0.911,  0.084,  0.433, 83,   1.042, -0.414,  9.742
31012.77750, 3,   1.290, -0.339, 10.316, 4,   0.010,  0.035, -0.050, 5,  23.456, 50.588, 23.044, 81, 339.039,  2.211,  6.011, 82,   0.003, -0.009, -1.034, 83,   1.026, -0.376,  9.746
31012.81792, 3,   1.132, -0.603,  9.291, 4,   0.008, -0.046, -0.039, 5,  25.388, 51.188, 25.744, 81, 339.092,  2.178,  6.147, 82,   0.241,  0.031,  0.573, 83,   1.049, -0.370,  9.743
31012.85835, 3,   0.826, -0.327,  9.674, 4,   0.026,  0.073,  0.008, 5,  29.156, 50.700, 30.413, 81, 339.051,  2.126,  6.130, 82,   0.086, -0.242, -0.453, 83,   1.046, -0.361,  9.744
31012.89877, 3,   0.502,  0.024, 10.010, 4,   0.100, -0.036,  0.094, 5,  30.413, 50.025, 31.800, 81, 338.841,  2.083,  6.117, 82,  -0.218,  0.027, -0.071, 83,   1.044, -0.354,  9.745
31012.93919, 3,   0.766, -0.361,  9.624, 4,  -0.012,  0.051,  0.041, 5,  32.513, 47.513, 34.425, 81, 338.333,  1.823,  5.993, 82,  -0.521,  0.334,  0.262, 83,   1.023, -0.310,  9.748
31012.97961, 3,   1.839, -0.770,  8.360, 4,   0.013, -0.042,  0.128, 5,  33.956, 44.513, 36.844, 81, 337.747,  1.751,  5.950, 82,  -0.249, -0.063, -0.125, 83,   1.016, -0.298,  9.749
31013.02004, 3,   1.063, -0.311, 10.019, 4,   0.024, -0.003,  0.138, 5,  34.688, 41.100, 38.513, 81, 336.899,  1.569,  6.170, 82,   0.786, -0.503, -1.386, 83,   1.053, -0.267,  9.746
31013.06046, 3,   1.043, -0.428,  9.595, 4,  -0.040, -0.077,  0.058, 5,  34.613, 37.500, 38.925, 81, 336.046,  1.586,  6.228, 82,   0.000, -0.042,  0.274, 83,   1.063, -0.269,  9.745
31013.10088, 3,   1.218, -0.275,  9.677, 4,  -0.029,  0.039,  0.081, 5,  34.013, 34.613, 39.113, 81, 335.231,  1.618,  6.220, 82,  -0.019, -0.153, -0.150, 83,   1.062, -0.275,  9.745
31013.14130, 3,   1.158, -0.109,  9.550, 4,   0.013, -0.013,  0.124, 5,  33.356, 31.613, 38.288, 81, 334.556,  1.654,  6.284, 82,   0.145,  0.006, -0.067, 83,   1.073, -0.281,  9.744
31013.18172, 3,   1.178, -0.138,  9.768, 4,  -0.018,  0.017,  0.062, 5,  32.044, 28.913, 36.881, 81, 333.734,  1.600,  6.353, 82,   0.074,  0.163, -0.193, 83,   1.084, -0.272,  9.743
31013.22215, 3,   1.202, -0.275,  9.610, 4,  -0.018,  0.005, -0.026, 5,  30.788, 27.000, 35.644, 81, 333.049,  1.609,  6.283, 82,   0.105,  0.135,  0.024, 83,   1.073, -0.273,  9.744
31013.26257, 3,   1.218, -0.502,  9.816, 4,  -0.028, -0.008, -0.107, 5,  29.213, 25.200, 33.881, 81, 332.544,  1.683,  6.311, 82,   0.125,  0.011, -0.133, 83,   1.077, -0.286,  9.743
31013.30299, 3,   1.314, -0.320,  9.912, 4,  -0.076, -0.124, -0.131, 5,  28.013, 23.925, 32.513, 81, 332.256,  1.738,  6.327, 82,   0.138, -0.207,  0.073, 83,   1.080, -0.295,  9.743
31013.34341, 3,   1.439, -0.426,  8.999, 4,  -0.029,  0.042, -0.092, 5,  26.044, 22.800, 29.925, 81, 332.144,  1.864,  6.473, 82,   0.209, -0.003,  0.173, 83,   1.105, -0.317,  9.739
31013.38384, 3,   0.677, -0.047,  9.983, 4,  -0.023, -0.017,  0.005, 5,  25.425, 22.425, 28.800, 81, 332.069,  1.899,  6.483, 82,   0.332, -0.104, -0.740, 83,   1.107, -0.322,  9.739
31013.42426, 3,   1.142, -0.052,  9.816, 4,   0.035,  0.080, -0.003, 5,  24.188, 21.900, 26.044, 81, 331.832,  1.947,  6.421, 82,  -0.419,  0.284,  0.243, 83,   1.096, -0.331,  9.740
31013.46468, 3,   0.842, -0.380,  9.416, 4,  -0.045, -0.059, -0.106, 5,  22.013, 21.788, 23.100, 81, 331.523,  1.850,  6.268, 82,   0.072,  0.262,  0.073, 83,   1.070, -0.314,  9.743
31013.50510, 3,   1.398,  0.512,  9.737, 4,   0.001,  0.057, -0.020, 5,  20.213, 22.013, 20.100, 81, 331.421,  1.881,  6.258, 82,  -0.226, -0.060, -0.327, 83,   1.068, -0.320,  9.743
31013.54553, 3,   1.228,  0.304,  9.907, 4,  -0.010, -0.081,  0.041, 5,  17.944, 22.313, 17.269, 81, 331.409,  1.792,  6.307, 82,   0.321,  0.817, -0.006, 83,   1.077, -0.305,  9.743
31013.58595, 3,   1.216, -1.372,  9.227, 4,  -0.122, -0.059,  0.035, 5,  16.013, 23.100, 14.644, 81, 331.346,  1.729,  6.307, 82,   0.151,  0.598,  0.164, 83,   1.077, -0.294,  9.743
31013.62637, 3,   1.087, -0.634,  9.952, 4,  -0.031,  0.003, -0.022, 5,  14.344, 24.188, 12.000, 81, 331.079,  1.990,  6.423, 82,   0.119, -1.034, -0.512, 83,   1.097, -0.338,  9.739
31013.66679, 3,   0.481, -0.893,  9.478, 4,  -0.043, -0.037,  0.024, 5,  13.144, 25.013,  9.881, 81, 331.078,  2.098,  6.572, 82,  -0.035, -0.278,  0.216, 83,   1.122, -0.356,  9.736
31013.70722, 3,   1.065,  4.129, 11.713, 4,  -0.259, -0.361,  0.372, 5,  12.488, 26.400,  8.288, 81, 331.162,  2.217,  6.534, 82,  -0.634, -0.516, -0.258, 83,   1.115, -0.377,  9.736
31013.74764, 3,   3.146, -1.355,  9.435, 4,  -0.135,  0.236,  0.261, 5,  11.888, 27.788,  7.500, 81, 330.802,  2.490,  7.015, 82,  -0.132,  4.552,  1.989, 83,   1.197, -0.423,  9.724
31013.78806, 3,   1.228, -3.316,  8.913, 4,   0.251, -0.297,  0.085, 5,  11.888, 28.988,  7.144, 81, 330.406,  3.213,  6.739, 82,   1.996, -0.810, -0.289, 83,   1.150, -0.545,  9.724
31013.82848, 3,   1.709, -0.088,  9.811, 4,  -0.196,  0.429,  0.111, 5,  11.513, 30.844,  7.088, 81, 330.178,  3.378,  7.034, 82,   0.028, -2.743, -0.803, 83,   1.200, -0.573,  9.716
31013.86891, 3,   0.598, -1.142,  8.908, 4,  -0.034, -0.118,  0.127, 5,  11.344, 31.313,  7.088, 81, 330.111,  2.931,  7.062, 82,   0.504,  0.409,  0.091, 83,   1.205, -0.497,  9.720
31013.90933, 3,   0.885, -1.223,  9.732, 4,   0.057,  0.180,  0.147, 5,  11.344, 31.988,  6.600, 81, 330.142,  2.974,  6.843, 82,  -0.570, -0.637, -0.816, 83,   1.168, -0.505,  9.724
31013.94975, 3,   0.634, -0.840,  9.708, 4,   0.077,  0.130,  0.098, 5,  10.913, 32.888,  6.244, 81, 330.128,  3.126,  6.760, 82,  -0.269, -0.692,  0.008, 83,   1.154, -0.531,  9.724
31013.99017, 3,   0.663, -0.756, 10.326, 4,  -0.014,  0.081,  0.070, 5,  10.913, 34.069,  5.513, 81, 330.185,  2.996,  6.144, 82,  -0.415, -0.331, -0.029, 83,   1.049, -0.509,  9.737
31014.03059, 3,   1.087, -0.945,  9.468, 4,  -0.092, -0.048,  0.026, 5,  10.913, 35.644,  4.988, 81, 330.417,  3.004,  5.927, 82,  -0.349, -0.245,  0.585, 83,   1.012, -0.511,  9.741
31014.07102, 3,   1.290, -0.639,  9.267, 4,   0.010,  0.101,  0.011, 5,  11.156, 38.044,  5.044, 81, 330.711,  3.191,  6.009, 82,   0.061, -0.403, -0.270, 83,   1.026, -0.542,  9.738
31014.11144, 3,   0.816, -0.246,  9.868, 4,   0.014,  0.038, -0.003, 5,  11.888, 40.425,  5.700, 81, 331.154,  3.222,  6.054, 82,   0.256, -0.091, -0.470, 83,   1.034, -0.548,  9.737
31014.15186, 3,   0.454, -0.696, 10.307, 4,  -0.093, -0.026, -0.070, 5,  12.956, 42.844,  7.088, 81, 331.689,  3.193,  5.912, 82,  -0.194,  0.297,  0.129, 83,   1.010, -0.543,  9.739
31014.19228, 3,   1.015, -0.203,  9.672, 4,  -0.051, -0.038, -0.014, 5,  14.213, 44.869,  8.888, 81, 332.339,  3.279,  5.894, 82,  -0.553, -0.139,  0.568, 83,   1.007, -0.557,  9.739
31014.23271, 3,   0.117,  0.416, 11.828, 4,   0.456, -0.500,  0.168, 5,  16.088, 46.313, 11.044, 81, 333.001,  3.379,  6.101, 82,  -0.027,  0.371, -0.062, 83,   1.042, -0.574,  9.734
31014.27313, 3,   0.830,  0.091,  7.632, 4,  -0.129, -0.112, -0.004, 5,  18.844, 46.744, 14.588, 81, 333.383,  3.380,  6.164, 82,  -0.936,  0.990,  2.095, 83,   1.053, -0.574,  9.733
31014.31355, 3,   1.185,  0.045, 11.555, 4,   0.089, -0.003, -0.012, 5,  20.456, 46.369, 16.613, 81, 333.835,  3.234,  5.967, 82,  -0.189,  0.641, -2.106, 83,   1.019, -0.550,  9.738
31014.35397, 3,   0.653, -0.057,  8.024, 4,   0.018, -0.052, -0.033, 5,  21.656, 45.600, 18.281, 81, 334.099,  3.311,  6.384, 82,   0.095,  0.607,  1.825, 83,   1.090, -0.562,  9.730
31014.39440, 3,   1.075, -0.107, 11.145, 4,   0.025,  0.125, -0.131, 5,  22.313, 45.244, 19.425, 81, 334.366,  3.151,  5.884, 82,  -0.352,  0.479, -1.716, 83,   1.005, -0.536,  9.740
31014.43482, 3,   1.182, -0.301,  8.726, 4,  -0.085, -0.102, -0.208, 5,  22.556, 44.944, 20.025, 81, 334.624,  3.163,  6.035, 82,   0.044,  0.431,  1.407, 83,   1.031, -0.538,  9.738
31014.47524, 3,   1.604,  0.127,  9.986, 4,   0.070,  0.148, -0.179, 5,  22.556, 44.700, 20.588, 81, 335.130,  3.186,  5.917, 82,   0.172,  0.241, -1.013, 83,   1.010, -0.542,  9.739
31014.51566, 3,   0.967, -0.179,  9.380, 4,   0.065, -0.004, -0.185, 5,  22.425, 44.700, 21.113, 81, 335.571,  3.156,  6.003, 82,   0.579,  0.664,  0.248, 83,   1.025, -0.537,  9.738
31014.55609, 3,   0.945,  0.074, 10.479, 4,  -0.008,  0.060, -0.206, 5,  22.088, 45.000, 21.300, 81, 335.994,  2.927,  5.765, 82,  -0.018,  0.319, -0.364, 83,   0.985, -0.498,  9.744
31014.59651, 3,   1.142, -0.234,  9.334, 4,  -0.130, -0.084, -0.138, 5,  22.388, 45.300, 21.544, 81, 336.482,  2.787,  5.708, 82,  -0.030,  0.548,  0.732, 83,   0.975, -0.474,  9.747
31014.63693, 3,   1.123, -0.811,  9.775, 4,  -0.038,  0.027, -0.115, 5,  22.613, 45.488, 21.713, 81, 336.844,  2.881,  5.790, 82,   0.153,  0.256, -0.410, 83,   0.989, -0.490,  9.744
31014.67735, 3,   0.950, -0.536,  9.198, 4,   0.032, -0.011, -0.054, 5,  22.744, 45.900, 21.488, 81, 337.077,  3.112,  5.943, 82,   0.108, -0.282,  0.035, 83,   1.015, -0.529,  9.740
31014.71778, 3,   1.247, -0.529, 10.060, 4,   0.037,  0.067,  0.020, 5,  22.688, 45.788, 21.488, 81, 337.228,  3.080,  5.831, 82,  -0.046, -0.012, -0.544, 83,   0.996, -0.524,  9.742
31014.75820, 3,   0.840, -0.629,  9.806, 4,  -0.036, -0.019,  0.080, 5,  22.256, 45.900, 21.600, 81, 337.188,  2.991,  5.825, 82,   0.252, -0.020,  0.317, 83,   0.995, -0.509,  9.743
31014.79862, 3,   1.429, -0.622,  9.411, 4,   0.057,  0.039,  0.214, 5,  22.313, 46.313, 21.900, 81, 337.037,  3.047,  5.738, 82,  -0.140, -0.111,  0.062, 83,   0.980, -0.518,  9.744
31014.83904, 3,   1.096, -0.751,  9.550, 4,   0.152, -0.039,  0.242, 5,  22.144, 46.688, 22.088, 81, 336.685,  3.077,  5.754, 82,   0.446, -0.099, -0.332, 83,   0.983, -0.523,  9.743
31014.87947, 3,   1.345, -0.299,  9.619, 4,   0.053,  0.068,  0.214, 5,  22.688, 46.988, 21.900, 81, 336.173,  2.903,  5.771, 82,   0.110, -0.257, -0.194, 83,   0.986, -0.494,  9.744
31014.91989, 3,   1.123, -0.155, 10.046, 4,   0.043,  0.022,  0.301, 5,  23.513, 47.344, 22.013, 81, 335.684,  2.656,  5.753, 82,   0.362,  0.153, -0.128, 83,   0.983, -0.452,  9.747
31014.96031, 3,   1.170, -0.318,  9.753, 4,   0.131, -0.071,  0.369, 5,  23.888, 47.588, 21.844, 81, 335.179,  2.621,  5.620, 82,   0.163,  0.291,  0.297, 83,   0.960, -0.446,  9.749
31015.00073, 3,   1.084, -0.188,  9.382, 4,   0.153, -0.043,  0.309, 5,  25.013, 47.644, 21.600, 81, 334.440,  2.487,  5.683, 82,   0.199,  0.105,  0.004, 83,   0.971, -0.423,  9.749
31015.04116, 3,   0.703,  0.134,  9.272, 4,   0.008,  0.053,  0.218, 5,  26.156, 48.113, 21.600, 81, 333.578,  2.167,  5.878, 82,   0.080,  0.181, -0.366, 83,   1.004, -0.369,  9.748
31015.08158, 3,   0.696,  0.345,  9.895, 4,  -0.064,  0.127,  0.169, 5,  27.113, 47.869, 21.488, 81, 333.051,  2.049,  5.793, 82,  -0.287,  0.483, -0.478, 83,   0.990, -0.349,  9.750
31015.12200, 3,   0.598, -0.291,  9.833, 4,  -0.048,  0.000,  0.129, 5,  28.088, 47.644, 21.600, 81, 332.681,  2.045,  5.486, 82,  -0.241,  0.693,  0.140, 83,   0.937, -0.348,  9.756
31015.16242, 3,   0.909, -0.423,  9.665, 4,  -0.002,  0.066,  0.104, 5,  28.988, 47.869, 21.844, 81, 332.317,  2.155,  5.245, 82,  -0.298,  0.076,  0.074, 83,   0.896, -0.367,  9.759
31015.20285, 3,   0.888,  0.361,  9.227, 4,  -0.071,  0.026,  0.070, 5,  29.888, 47.869, 22.313, 81, 331.988,  2.284,  5.134, 82,   0.032, -0.034, -0.095, 83,   0.877, -0.389,  9.760
31015.24327, 3,   0.385, -0.507,  9.713, 4,   0.069, -0.031,  0.023, 5,  30.788, 48.300, 22.500, 81, 331.670,  2.167,  5.176, 82,   0.003,  0.730, -0.533, 83,   0.885, -0.369,  9.760
31015.28369, 3,   0.651, -0.524, 10.015, 4,  -0.087, -0.005, -0.066, 5,  31.556, 48.713, 22.744, 81, 331.491,  2.125,  5.057, 82,  -0.479, -0.145, -0.049, 83,   0.864, -0.362,  9.762
31015.32411, 3,   0.838, -0.912,  9.629, 4,  -0.037, -0.011, -0.089, 5,  32.456, 48.600, 23.400, 81, 331.437,  2.196,  5.175, 82,  -0.233, -0.150,  0.256, 83,   0.884, -0.374,  9.760
31015.36454, 3,   0.790, -1.094,  9.674, 4,   0.064, -0.109, -0.093, 5,  32.925, 48.713, 23.888, 81, 331.458,  2.378,  5.141, 82,  -0.041, -0.507, -0.130, 83,   0.879, -0.405,  9.759
31015.40496, 3,   0.881, -0.531,  9.648, 4,   0.136, -0.147, -0.080, 5,  33.544, 48.788, 24.544, 81, 331.454,  2.435,  5.318, 82,  -0.119, -0.679, -0.082, 83,   0.909, -0.415,  9.756
31015.44538, 3,   1.199, -0.193,  9.674, 4,  -0.050,  0.074, -0.142, 5,  34.388, 49.013, 24.900, 81, 331.467,  2.139,  5.623, 82,  -0.080, -0.167, -0.105, 83,   0.961, -0.364,  9.753
31015.48580, 3,   0.665, -0.505,  9.706, 4,  -0.031, -0.097, -0.165, 5,  34.725, 49.444, 25.313, 81, 331.474,  2.036,  5.818, 82,   0.205,  0.153, -0.076, 83,   0.994, -0.346,  9.750
31015.52623, 3,   0.687, -0.160,  9.588, 4,   0.010,  0.002, -0.145, 5,  35.213, 49.500, 26.044, 81, 331.594,  2.089,  5.834, 82,  -0.332, -0.150, -0.043, 83,   0.997, -0.355,  9.749
31015.56665, 3,   0.785, -0.318,  9.646, 4,  -0.032,  0.015, -0.192, 5,  36.113, 49.444, 26.513, 81, 331.698,  2.055,  5.832, 82,  -0.309,  0.190, -0.162, 83,   0.996, -0.350,  9.750
31015.60707, 3,   1.125, -0.038,  9.399, 4,   0.003,  0.040, -0.171, 5,  36.713, 49.369, 27.713, 81, 331.736,  2.043,  5.859, 82,  -0.216,  0.030, -0.103, 83,   1.001, -0.348,  9.749
31015.64749, 3,   0.988,  0.098,  9.737, 4,   0.006,  0.213, -0.105, 5,  37.313, 49.200, 28.913, 81, 331.893,  1.968,  5.858, 82,   0.124,  0.297, -0.351, 83,   1.001, -0.335,  9.750
31015.68791, 3,   1.860,  0.572,  9.538, 4,  -0.001,  0.010, -0.134, 5,  38.513, 49.088, 30.113, 81, 331.842,  1.867,  5.563, 82,   0.038,  0.416, -0.018, 83,   0.951, -0.318,  9.755
31015.72834, 3,   0.849, -0.124,  9.255, 4,  -0.011,  0.009, -0.136, 5,  39.225, 49.313, 31.669, 81, 331.476,  1.673,  6.059, 82,   0.825,  0.857, -0.210, 83,   1.035, -0.285,  9.748
31015.76876, 3,   0.732, -0.016, 10.331, 4,   0.037, -0.010, -0.072, 5,  40.069, 49.144, 32.569, 81, 331.590,  1.617,  5.820, 82,  -0.145,  0.151, -0.497, 83,   0.994, -0.275,  9.752
31015.80918, 3,   1.075, -0.107,  9.330, 4,  -0.016, -0.053, -0.030, 5,  41.044, 48.244, 33.844, 81, 331.389,  1.613,  6.026, 82,  -0.297,  0.258,  0.582, 83,   1.029, -0.274,  9.749
31015.84960, 3,   1.075, -0.241,  9.433, 4,   0.028,  0.090,  0.059, 5,  41.813, 47.213, 35.213, 81, 331.038,  1.588,  5.944, 82,   0.060,  0.163, -0.420, 83,   1.015, -0.270,  9.750
31015.89003, 3,   1.199, -0.280, 10.185, 4,  -0.011, -0.110,  0.005, 5,  42.356, 45.525, 36.300, 81, 330.465,  1.569,  5.948, 82,   0.059,  0.026, -0.317, 83,   1.016, -0.267,  9.750
31015.93045, 3,   1.055, -0.809,  9.648, 4,   0.054,  0.014, -0.028, 5,  42.956, 43.369, 38.044, 81, 329.867,  1.530,  6.007, 82,   0.173, -0.020,  0.436, 83,   1.026, -0.260,  9.749
31015.97087, 3,   0.945, -0.598,  8.628, 4,  -0.107, -0.094, -0.033, 5,  43.313, 41.213, 39.113, 81, 329.371,  1.608,  6.129, 82,   0.008, -0.535, -0.099, 83,   1.047, -0.274,  9.747
31016.01129, 3,   1.077, -0.256,  9.720, 4,  -0.041,  0.004, -0.073, 5,  42.788, 38.925, 39.488, 81, 328.870,  1.562,  6.145, 82,  -0.105, -0.332, -1.119, 83,   1.050, -0.266,  9.747
31016.05172, 3,   1.216, -0.897,  8.946, 4,   0.005, -0.042, -0.069, 5,  42.188, 36.413, 39.225, 81, 328.393,  1.530,  6.269, 82,   0.006,  0.004, -0.025, 83,   1.071, -0.260,  9.745
31016.09214, 3,   1.300,  0.000,  8.810, 4,  -0.198,  0.089, -0.163, 5,  41.156, 34.388, 37.913, 81, 327.962,  1.552,  6.392, 82,   0.124, -0.633, -0.796, 83,   1.092, -0.264,  9.742
31016.13256, 3,   0.667, -0.016, 10.980, 4,  -0.013,  0.061, -0.171, 5,  39.788, 32.644, 36.300, 81, 327.398,  1.634,  6.328, 82,   0.219,  0.278, -0.933, 83,   1.081, -0.278,  9.743
31016.17298, 3,   1.144, -0.629,  9.337, 4,   0.023, -0.090, -0.197, 5,  36.788, 30.169, 33.413, 81, 327.538,  1.858,  6.271, 82,  -0.404,  0.300,  1.237, 83,   1.071, -0.316,  9.743
31016.21341, 3,   1.065, -0.018, 10.012, 4,   0.053, -0.008, -0.241, 5,  35.756, 29.588, 32.569, 81, 327.188,  1.851,  6.280, 82,   0.071, -0.314, -0.406, 83,   1.073, -0.315,  9.743
31016.25383, 3,   1.386,  0.258,  9.440, 4,  -0.024, -0.109, -0.217, 5,  31.856, 29.081, 29.700, 81, 327.570,  1.657,  6.448, 82,  -0.036,  0.264,  0.271, 83,   1.101, -0.282,  9.741
31016.29425, 3,   1.228, -0.596,  9.686, 4,  -0.086,  0.107, -0.211, 5,  29.513, 29.813, 27.788, 81, 327.521,  1.515,  6.596, 82,   0.260,  0.515, -0.298, 83,   1.126, -0.257,  9.738
31016.33467, 3,   1.254, -0.256,  9.497, 4,   0.079, -0.097, -0.186, 5,  27.188, 30.544, 26.213, 81, 327.830,  1.725,  6.607, 82,   0.100, -0.303, -0.051, 83,   1.128, -0.293,  9.737
31016.37510, 3,   0.747,  0.601, 10.288, 4,  -0.024,  0.004, -0.127, 5,  25.388, 31.500, 24.544, 81, 328.065,  1.657,  6.662, 82,   0.116,  0.025, -0.239, 83,   1.138, -0.281,  9.736
31016.41552, 3,   0.943, -0.177,  8.901, 4,   0.002, -0.048, -0.159, 5,  24.056, 32.569, 23.588, 81, 328.355,  1.457,  6.857, 82,  -0.424,  0.849,  0.555, 83,   1.171, -0.247,  9.733
31016.45594, 3,   1.731,  0.618,  9.995, 4,  -0.039,  0.029, -0.186, 5,  22.913, 33.713, 22.688, 81, 328.631,  1.447,  6.789, 82,  -0.216,  0.069, -0.834, 83,   1.159, -0.246,  9.735
31016.49636, 3,   0.967, -0.095,  9.672, 4,  -0.049, -0.021, -0.112, 5,  22.313, 35.288, 21.900, 81, 329.027,  1.408,  6.879, 82,   0.557,  0.857,  0.262, 83,   1.174, -0.239,  9.733
31016.53679, 3,   1.135, -0.665,  9.636, 4,  -0.024, -0.003, -0.193, 5,  21.413, 36.225, 21.713, 81, 329.418,  1.422,  6.844, 82,  -0.201,  0.147, -0.062, 83,   1.168, -0.242,  9.734
31016.57721, 3,   0.960, -0.277,  9.749, 4,  -0.019, -0.018, -0.231, 5,  20.456, 37.144, 21.413, 81, 329.886,  1.495,  6.882, 82,  -0.040, -0.411, -0.097, 83,   1.175, -0.254,  9.733
31016.61763, 3,   0.931, -0.335,  9.715, 4,  -0.021, -0.028, -0.220, 5,  19.256, 37.800, 21.488, 81, 330.542,  1.477,  6.881, 82,  -0.215, -0.026,  0.016, 83,   1.175, -0.251,  9.733
31016.65805, 3,   1.352, -0.371,  9.708, 4,  -0.027, -0.015, -0.248, 5,  18.488, 38.081, 21.788, 81, 331.250,  1.475,  6.883, 82,  -0.244, -0.085, -0.018, 83,   1.175, -0.250,  9.733
31016.69848, 3,   1.808,  0.891,  9.454, 4,  -0.025, -0.006, -0.211, 5,  18.188, 39.225, 22.013, 81, 331.979,  1.499,  7.025, 82,   0.153, -0.116, -0.022, 83,   1.199, -0.255,  9.730
31016.73890, 3,   1.669, -0.129,  9.780, 4,  -0.036, -0.037, -0.277, 5,  17.813, 39.413, 22.088, 81, 332.716,  1.370,  7.191, 82,   0.580,  1.123, -0.273, 83,   1.228, -0.232,  9.727
31016.77932, 3,   1.221, -0.610,  9.852, 4,  -0.067, -0.100, -0.373, 5,  17.456, 39.788, 22.200, 81, 333.383,  1.359,  7.354, 82,   0.414,  0.102,  0.057, 83,   1.255, -0.231,  9.723
31016.81974, 3,   0.996, -1.290,  9.193, 4,  -0.012, -0.049, -0.507, 5,  16.688, 40.369, 22.088, 81, 334.467,  1.430,  7.572, 82,  -0.071, -0.368,  0.134, 83,   1.292, -0.242,  9.718
31016.86017, 3,   0.818, -0.287,  9.617, 4,  -0.004,  0.053, -0.453, 5,  16.313, 40.500, 22.088, 81, 335.790,  1.429,  7.657, 82,  -0.311, -1.048, -0.523, 83,   1.307, -0.242,  9.716
31016.90059, 3,   0.979, -0.399,  9.622, 4,   0.013,  0.111, -0.572, 5,  15.056, 40.988, 22.500, 81, 337.072,  1.298,  7.576, 82,  -0.475, -0.067, -0.102, 83,   1.293, -0.220,  9.719
31016.94101, 3,   0.581,  0.007, 10.182, 4,  -0.047, -0.050, -0.702, 5,  14.588, 41.288, 23.213, 81, 338.328,  1.109,  7.382, 82,  -0.281, -0.211, -0.102, 83,   1.260, -0.188,  9.724
31016.98143, 3,   0.615, -0.361,  9.310, 4,  -0.026, -0.032, -0.695, 5,  13.669, 41.400, 23.888, 81, 340.238,  0.928,  7.357, 82,  -0.675,  0.165,  0.457, 83,   1.256, -0.157,  9.725
31017.02186, 3,   0.368,  0.167,  9.873, 4,  -0.031, -0.001, -0.695, 5,  12.356, 41.400, 24.300, 81, 342.023,  0.798,  7.320, 82,  -0.634, -0.226, -0.416, 83,   1.249, -0.135,  9.726
31017.06228, 3,   0.476, -0.014,  9.504, 4,  -0.044, -0.001, -0.686, 5,  11.044, 41.700, 24.488, 81, 343.605,  0.607,  7.225, 82,  -0.865,  0.270,  0.145, 83,   1.233, -0.103,  9.728
31017.10270, 3,   1.089, -0.536,  9.557, 4,   0.029,  0.049, -0.695, 5,   9.356, 42.488, 24.188, 81, 345.576,  0.445,  7.133, 82,  -0.742,  0.062, -0.226, 83,   1.218, -0.075,  9.730
31017.14313, 3,   0.996,  0.349, 10.266, 4,  -0.041, -0.064, -0.798, 5,   7.744, 42.844, 23.513, 81, 347.319,  0.285,  7.006, 82,  -0.107, -0.488, -0.176, 83,   1.196, -0.048,  9.733
31017.18355, 3,   0.622, -0.153,  9.497, 4,  -0.054, -0.043, -0.891, 5,   6.113, 43.369, 23.288, 81, 349.026,  0.058,  6.996, 82,  -0.198,  0.359,  0.532, 83,   1.194, -0.010,  9.734
31017.22397, 3,   0.938, -0.485,  9.823, 4,  -0.065, -0.072, -0.926, 5,   4.725, 43.988, 22.913, 81, 351.445, -0.072,  7.001, 82,  -0.573, -0.165, -0.237, 83,   1.195,  0.012,  9.734
31017.26439, 3,   0.780, -0.641,  9.718, 4,  -0.054, -0.043, -0.917, 5,   3.113, 44.288, 22.613, 81, 353.492, -0.113,  7.077, 82,  -0.270, -0.504,  0.091, 83,   1.208,  0.019,  9.732
31017.30482, 3,   0.794, -0.531,  9.598, 4,  -0.047, -0.061, -0.921, 5,   1.388, 44.944, 22.744, 81, 356.087, -0.161,  7.091, 82,  -0.430, -0.668, -0.014, 83,   1.210,  0.027,  9.732
31017.34524, 3,   0.519, -0.418,  9.643, 4,  -0.044, -0.019, -0.953, 5,  -0.844, 45.900, 23.100, 81, 358.123, -0.233,  7.138, 82,  -0.424, -0.571, -0.133, 83,   1.218,  0.040,  9.731
31017.38566, 3,   0.893, -0.895,  9.933, 4,  -0.069, -0.062, -0.995, 5,  -2.756, 46.744, 23.513, 81,   0.527, -0.353,  7.072, 82,  -0.688, -0.478, -0.089, 83,   1.207,  0.060,  9.732
31017.42608, 3,   0.933, -0.421,  9.574, 4,  -0.075, -0.041, -1.081, 5,  -4.913, 47.344, 24.113, 81,   3.265, -0.435,  7.095, 82,  -0.318, -0.969,  0.202, 83,   1.211,  0.074,  9.731
31017.46651, 3,   1.118, -0.521,  9.605, 4,  -0.068, -0.069, -1.133, 5,  -6.825, 47.944, 25.013, 81,   5.916, -0.539,  7.150, 82,  -0.288, -0.513, -0.156, 83,   1.221,  0.092,  9.730
31017.50693, 3,   0.809, -0.440, 10.048, 4,  -0.092, -0.084, -1.167, 5,  -8.213, 48.113, 25.913, 81,   8.395, -0.623,  7.198, 82,  -0.111, -0.627, -0.124, 83,   1.229,  0.106,  9.729
31017.54735, 3,   0.696, -0.737,  9.878, 4,  -0.138, -0.163, -1.232, 5, -10.256, 47.944, 27.113, 81,  11.224, -0.729,  7.288, 82,  -0.435, -0.564,  0.321, 83,   1.244,  0.124,  9.727
31017.58777, 3,   0.382, -0.773,  9.325, 4,  -0.121, -0.090, -1.129, 5, -11.888, 47.400, 28.425, 81,  14.554, -0.693,  7.470, 82,  -0.579, -0.855,  0.155, 83,   1.275,  0.118,  9.723
31017.62820, 3,   0.306, -0.572,  8.810, 4,  -0.029,  0.093, -1.002, 5, -13.744, 45.844, 29.644, 81,  17.040, -0.691,  7.571, 82,  -0.910, -0.890, -0.395, 83,   1.292,  0.117,  9.720
31017.66862, 3,   0.509, -0.042,  9.588, 4,   0.032,  0.226, -0.839, 5, -16.613, 43.500, 30.169, 81,  19.619, -0.824,  7.483, 82,  -0.971, -0.712, -0.912, 83,   1.277,  0.140,  9.722
31017.70904, 3,   0.811,  0.536, 10.544, 4,  -0.061,  0.022, -0.767, 5, -17.269, 42.713, 30.169, 81,  21.893, -1.076,  7.040, 82,  -0.693, -0.225, -0.143, 83,   1.202,  0.183,  9.731
31017.74946, 3,   0.435, -0.114,  9.476, 4,  -0.118,  0.039, -0.722, 5, -19.369, 41.044, 29.700, 81,  24.105, -1.380,  6.701, 82,  -0.333,  0.301,  0.807, 83,   1.144,  0.235,  9.737
31017.78989, 3,   1.527,  2.160,  8.551, 4,  -0.169,  0.116, -0.622, 5, -21.356, 39.844, 28.988, 81,  25.979, -1.328,  6.529, 82,  -0.680, -0.340, -0.264, 83,   1.115,  0.226,  9.740
31017.83031, 3,   1.748,  0.055, 10.221, 4,  -0.055,  0.013, -0.793, 5, -23.513, 38.869, 28.144, 81,  27.739, -1.400,  6.497, 82,   0.418,  1.922, -1.190, 83,   1.109,  0.238,  9.741
31017.87073, 3,   0.711, -1.075,  9.516, 4,  -0.067, -0.058, -0.890, 5, -25.313, 37.800, 27.488, 81,  29.403, -1.509,  6.550, 82,   0.629, -0.202,  0.482, 83,   1.119,  0.257,  9.739
31017.91115, 3,   0.826, -1.044,  9.868, 4,  -0.102, -0.072, -0.923, 5, -26.888, 37.069, 27.244, 81,  31.884, -1.440,  6.408, 82,  -0.383, -1.320, -0.226, 83,   1.094,  0.245,  9.742
31017.95158, 3,   0.462, -0.735, 10.118, 4,  -0.063, -0.046, -0.857, 5, -28.913, 36.488, 26.888, 81,  34.268, -1.312,  6.403, 82,  -0.267, -1.267,  0.125, 83,   1.094,  0.223,  9.743
31017.99200, 3,   0.660, -1.190,  9.112, 4,  -0.096, -0.061, -0.828, 5, -30.356, 35.288, 26.700, 81,  36.348, -1.222,  6.410, 82,  -0.633, -0.943,  0.375, 83,   1.095,  0.208,  9.743
31018.03242, 3,   0.756, -1.053, 10.324, 4,  -0.064, -0.035, -0.754, 5, -32.213, 34.613, 27.000, 81,  38.567, -1.163,  6.407, 82,  -0.434, -1.388, -0.631, 83,   1.094,  0.198,  9.743
31018.07284, 3,   0.984, -0.287,  9.646, 4,  -0.023, -0.097, -0.761, 5, -33.844, 33.788, 26.700, 81,  40.882, -1.064,  6.420, 82,  -0.340, -1.234,  0.581, 83,   1.096,  0.181,  9.743
31018.11327, 3,   0.962,  0.064,  9.054, 4,  -0.065, -0.031, -0.754, 5, -35.925, 32.813, 26.888, 81,  43.040, -1.096,  6.512, 82,  -0.128, -0.473, -0.096, 83,   1.112,  0.186,  9.742
31018.15369, 3,   0.996,  0.045,  9.890, 4,  -0.080,  0.017, -0.704, 5, -37.069, 31.669, 26.588, 81,  45.081, -1.224,  6.596, 82,  -0.164, -0.144, -0.686, 83,   1.126,  0.208,  9.740
31018.19411, 3,   0.979, -0.155,  9.562, 4,  -0.060, -0.017, -0.650, 5, -38.644, 30.300, 26.400, 81,  46.833, -1.201,  6.558, 82,  -0.124, -0.159,  0.150, 83,   1.120,  0.204,  9.740
31018.23453, 3,   0.811, -0.462,  9.765, 4,  -0.062, -0.008, -0.609, 5, -39.788, 29.213, 26.400, 81,  48.879, -1.185,  6.490, 82,  -0.129, -0.357, -0.180, 83,   1.108,  0.202,  9.742
31018.27496, 3,   0.677, -0.830,  9.423, 4,  -0.055,  0.038, -0.561, 5, -40.913, 27.900, 26.344, 81,  50.414, -0.990,  6.359, 82,  -0.275, -0.630,  0.020, 83,   1.086,  0.168,  9.745
31018.31538, 3,   0.706, -0.612,  9.294, 4,  -0.060,  0.088, -0.458, 5, -42.113, 27.000, 26.513, 81,  52.206, -0.896,  6.239, 82,  -0.389, -0.982, -0.324, 83,   1.066,  0.152,  9.747
31018.35580, 3,   1.034, -0.517,  9.813, 4,  -0.069,  0.170, -0.379, 5, -43.013, 26.400, 26.400, 81,  53.521, -0.826,  6.015, 82,  -0.321, -0.753, -0.458, 83,   1.028,  0.141,  9.752
31018.39622, 3,   1.041, -0.667,  9.739, 4,  -0.124,  0.175, -0.340, 5, -43.913, 25.688, 25.913, 81,  54.844, -0.649,  5.630, 82,   0.072, -0.628,  0.054, 83,   0.962,  0.111,  9.759
31018.43665, 3,   0.701, -1.099,  9.837, 4,   0.003,  0.124, -0.267, 5, -44.756, 25.200, 25.425, 81,  55.913, -0.300,  5.229, 82,   0.147, -0.718, -0.027, 83,   0.894,  0.051,  9.766
31018.47707, 3,   0.981, -0.861,  9.646, 4,   0.062, -0.010, -0.224, 5, -45.713, 25.013, 24.600, 81,  56.843, -0.001,  4.716, 82,  -0.105, -1.099,  0.064, 83,   0.806,  0.000,  9.773
31018.51749, 3,   0.682, -1.242,  9.816, 4,   0.073,  0.012, -0.259, 5, -46.369, 24.713, 24.000, 81,  57.626, -0.006,  4.661, 82,   0.184, -0.862, -0.128, 83,   0.797,  0.001,  9.774
31018.55791, 3,   0.782, -0.725,  9.660, 4,   0.065, -0.008, -0.300, 5, -47.025, 24.713, 23.588, 81,  58.323,  0.015,  4.531, 82,  -0.093, -1.240,  0.040, 83,   0.775, -0.002,  9.776
31018.59834, 3,   1.288, -0.634, 10.029, 4,  -0.039,  0.024, -0.263, 5, -46.988, 24.900, 22.988, 81,  59.303, -0.103,  4.535, 82,   0.007, -0.743, -0.116, 83,   0.775,  0.018,  9.776
31018.63876, 3,   0.634, -0.964,  9.895, 4,  -0.111,  0.074, -0.314, 5, -46.856, 24.900, 22.988, 81,  60.102, -0.120,  4.566, 82,   0.507, -0.654,  0.253, 83,   0.781,  0.020,  9.776
31018.67918, 3,   1.036, -0.191,  9.248, 4,  -0.003,  0.001, -0.255, 5, -46.744, 25.144, 23.044, 81,  60.883,  0.191,  4.375, 82,  -0.114, -0.931,  0.117, 83,   0.748, -0.033,  9.778
31018.71961, 3,   0.790, -0.382,  9.212, 4,   0.080,  0.049, -0.118, 5, -46.556, 24.900, 22.913, 81,  61.650,  0.278,  4.288, 82,   0.303, -0.144, -0.531, 83,   0.733, -0.047,  9.779
31018.76003, 3,   1.324, -0.576,  9.694, 4,   0.076,  0.025, -0.132, 5, -46.256, 24.544, 23.213, 81,  62.021,  0.189,  4.283, 82,   0.058, -0.350, -0.567, 83,   0.732, -0.032,  9.779
31018.80045, 3,   0.802,  0.088, 10.254, 4,   0.044,  0.031, -0.158, 5, -46.013, 24.544, 23.344, 81,  62.338,  0.045,  4.220, 82,   0.602, -0.568, -0.086, 83,   0.722, -0.008,  9.780
31018.84087, 3,   0.842, -0.303,  9.859, 4,   0.024, -0.092, -0.092, 5, -45.113, 24.413, 23.288, 81,  62.664, -0.105,  4.160, 82,   0.091,  0.070,  0.473, 83,   0.711,  0.018,  9.781
31018.88130, 3,   0.735, -0.409, 10.079, 4,  -0.042, -0.064, -0.116, 5, -44.344, 24.413, 23.644, 81,  62.926, -0.152,  4.225, 82,   0.119, -0.329,  0.079, 83,   0.722,  0.026,  9.780
31018.92172, 3,   0.382, -0.483,  9.092, 4,  -0.063, -0.011, -0.113, 5, -43.988, 24.544, 23.588, 81,  63.154, -0.086,  4.399, 82,  -0.017, -0.424,  0.301, 83,   0.752,  0.015,  9.778
31018.96214, 3,   0.411, -0.701,  9.148, 4,  -0.015,  0.061, -0.037, 5, -43.256, 24.488, 23.925, 81,  63.357,  0.054,  4.486, 82,  -0.385, -0.474, -0.685, 83,   0.767, -0.009,  9.777
31019.00256, 3,   1.180, -0.754, 10.110, 4,   0.015,  0.043,  0.029, 5, -42.713, 24.300, 24.188, 81,  63.402,  0.183,  4.328, 82,  -0.329, -0.670, -0.631, 83,   0.740, -0.031,  9.779
31019.04299, 3,   0.823, -0.627,  9.591, 4,  -0.073,  0.108,  0.035, 5, -41.869, 24.300, 24.544, 81,  63.282,  0.208,  4.242, 82,   0.455, -0.719,  0.330, 83,   0.725, -0.035,  9.780
31019.08341, 3,   1.063, -0.454,  9.696, 4,  -0.039,  0.111,  0.065, 5, -40.688, 23.888, 25.088, 81,  63.094,  0.368,  4.025, 82,   0.135, -0.564, -0.191, 83,   0.688, -0.063,  9.782
31019.12383, 3,   0.888, -0.737,  9.801, 4,   0.049, -0.017,  0.107, 5, -40.069, 23.813, 25.088, 81,  62.894,  0.554,  3.845, 82,   0.405, -0.359, -0.088, 83,   0.658, -0.095,  9.784
31019.16425, 3,   0.814, -0.878,  9.548, 4,   0.153, -0.102,  0.080, 5, -39.056, 23.700, 25.388, 81,  62.547,  0.667,  3.754, 82,   0.246, -0.623,  0.016, 83,   0.642, -0.114,  9.785
31019.20468, 3,   0.933,  0.155,  9.552, 4,   0.010, -0.033,  0.009, 5, -37.856, 23.588, 25.744, 81,  62.215,  0.545,  3.853, 82,   0.155, -0.785, -0.236, 83,   0.659, -0.093,  9.784
31019.24510, 3,   0.447, -0.579, 10.034, 4,  -0.050, -0.006, -0.100, 5, -35.925, 23.813, 26.400, 81,  61.955,  0.213,  4.187, 82,   0.217,  0.191, -0.228, 83,   0.716, -0.036,  9.780
31019.28552, 3,   0.926, -0.797,  9.749, 4,  -0.120,  0.038, -0.186, 5, -34.688, 23.513, 27.488, 81,  61.932,  0.376,  4.012, 82,  -0.239, -0.515,  0.252, 83,   0.686, -0.064,  9.782
31019.32594, 3,   0.514, -0.749, 10.771, 4,  -0.019, -0.137, -0.104, 5, -33.113, 22.800, 28.425, 81,  62.113,  0.760,  4.072, 82,   0.230, -0.667, -0.032, 83,   0.696, -0.130,  9.781
31019.36637, 3,   1.300, -0.562,  9.785, 4,  -0.002, -0.306, -0.106, 5, -31.856, 22.088, 29.513, 81,  62.185,  0.937,  4.025, 82,  -0.174, -0.589,  0.990, 83,   0.688, -0.160,  9.781
31019.40679, 3,   1.111, -0.624,  8.649, 4,   0.047, -0.149, -0.107, 5, -31.088, 20.513, 30.300, 81,  62.268,  1.042,  4.574, 82,   0.518, -0.384,  0.011, 83,   0.782, -0.178,  9.774
31019.44721, 3,   1.285, -0.315,  9.076, 4,   0.096,  0.016, -0.070, 5, -30.244, 18.844, 31.313, 81,  62.356,  0.998,  4.915, 82,   0.271, -0.454, -1.120, 83,   0.840, -0.170,  9.769
31019.48764, 3,   1.017,  0.318,  9.840, 4,   0.091,  0.058, -0.037, 5, -30.056, 16.613, 32.044, 81,  62.488,  0.819,  5.027, 82,   0.426, -0.175, -0.692, 83,   0.859, -0.140,  9.768
31019.52806, 3,   1.027,  0.062,  9.425, 4,   0.167,  0.007, -0.010, 5, -30.056, 14.344, 32.381, 81,  62.590,  0.511,  5.056, 82,   0.153,  0.405,  0.072, 83,   0.864, -0.087,  9.768
31019.56848, 3,   0.512,  0.163, 10.534, 4,  -0.030,  0.110, -0.112, 5, -30.488, 11.588, 32.569, 81,  62.688,  0.160,  4.958, 82,   0.180,  0.089, -0.345, 83,   0.848, -0.027,  9.770
31019.60890, 3,   0.881, -0.325,  9.370, 4,  -0.036, -0.061, -0.181, 5, -30.844, 10.669, 32.381, 81,  62.991,  0.017,  4.835, 82,  -0.315,  0.166,  0.762, 83,   0.827, -0.003,  9.772
31019.64933, 3,   1.192, -0.636, 10.292, 4,  -0.020, -0.042, -0.088, 5, -31.144,  9.244, 32.344, 81,  63.603,  0.103,  4.838, 82,   0.054, -0.307, -0.402, 83,   0.827, -0.018,  9.772
31019.68975, 3,   1.082, -0.660,  9.128, 4,  -0.037, -0.003, -0.069, 5, -31.613,  7.500, 32.044, 81,  64.122,  0.202,  4.928, 82,   0.350, -0.602,  0.522, 83,   0.842, -0.034,  9.770
31019.73017, 3,   0.701, -0.854,  9.119, 4,   0.087, -0.032, -0.024, 5, -32.813,  6.300, 31.744, 81,  64.770,  0.309,  5.041, 82,   0.220, -0.607, -0.641, 83,   0.862, -0.053,  9.769
31019.77059, 3,   1.388, -0.052, 10.577, 4,   0.052,  0.091,  0.030, 5, -33.544,  4.988, 31.088, 81,  65.063,  0.262,  5.014, 82,  -0.156, -0.809, -0.650, 83,   0.857, -0.045,  9.769
31019.81102, 3,   0.950, -0.454,  9.239, 4,  -0.021, -0.061, -0.003, 5, -34.988,  4.388, 30.544, 81,  65.474,  0.125,  5.079, 82,   0.520, -0.031,  0.809, 83,   0.868, -0.021,  9.768
31019.85144, 3,   1.096, -0.773,  9.725, 4,   0.008,  0.070, -0.078, 5, -37.013,  3.900, 29.700, 81,  65.918,  0.137,  4.928, 82,   0.108, -0.431, -0.531, 83,   0.842, -0.023,  9.770
31019.89186, 3,   0.960, -0.378,  9.816, 4,  -0.006, -0.038, -0.105, 5, -37.988,  3.300, 28.988, 81,  66.604,  0.361,  4.963, 82,   0.248, -0.711, -0.045, 83,   0.848, -0.061,  9.770
31019.93228, 3,   1.077, -0.474,  9.821, 4,  -0.019, -0.043, -0.101, 5, -39.713,  2.888, 28.200, 81,  67.414,  0.414,  4.932, 82,   0.117, -0.307,  0.046, 83,   0.843, -0.071,  9.770
31019.97271, 3,   1.199, -0.196,  9.732, 4,  -0.044, -0.119, -0.122, 5, -41.044,  2.044, 26.925, 81,  68.302,  0.495,  5.010, 82,   0.221, -0.390,  0.052, 83,   0.856, -0.084,  9.769
31020.01313, 3,   1.290, -0.394,  9.483, 4,  -0.031, -0.092, -0.103, 5, -42.056,  1.688, 26.081, 81,  69.304,  0.573,  5.342, 82,   0.286, -0.098, -0.032, 83,   0.913, -0.098,  9.764
31020.05355, 3,   1.259, -0.313,  9.612, 4,  -0.028, -0.026, -0.078, 5, -43.856,  1.013, 24.900, 81,  70.647,  0.654,  5.537, 82,   0.344, -0.283, -0.277, 83,   0.946, -0.111,  9.760
31020.09397, 3,   1.317, -0.349,  9.416, 4,  -0.008, -0.035, -0.009, 5, -45.244,  0.488, 23.644, 81,  71.613,  0.728,  5.747, 82,   0.277, -0.189, -0.145, 83,   0.982, -0.124,  9.757
31020.13440, 3,   1.352, -0.021,  9.799, 4,   0.016,  0.047,  0.018, 5, -46.856,  0.188, 22.613, 81,  72.452,  0.765,  5.731, 82,   0.338, -0.219, -0.341, 83,   0.979, -0.130,  9.757
31020.17482, 3,   1.240,  0.012,  9.483, 4,   0.027, -0.009,  0.039, 5, -48.113,  0.113, 21.300, 81,  73.254,  0.728,  5.809, 82,   0.359,  0.103,  0.044, 83,   0.993, -0.124,  9.756
31020.21524, 3,   0.644, -0.246,  9.646, 4,   0.043,  0.049,  0.046, 5, -49.688,  0.244, 19.744, 81,  73.960,  0.660,  5.771, 82,   0.254,  0.124, -0.273, 83,   0.986, -0.112,  9.756
31020.25567, 3,  -0.596, -0.222, 12.721, 4,  -0.264,  1.057, -0.054, 5, -50.869,  0.844, 18.713, 81,  74.657,  0.623,  5.652, 82,  -0.322, -0.140, -0.112, 83,   0.966, -0.106,  9.758
31020.29609, 3,   1.479, -0.591,  9.907, 4,   0.061, -0.326, -0.037, 5, -51.956,  1.069, 16.913, 81,  75.586,  0.956,  4.464, 82,  -1.359, -0.059,  2.946, 83,   0.763, -0.163,  9.776
31020.33651, 3,   0.715, -1.362,  9.279, 4,   0.013,  0.115, -0.038, 5, -53.025,  1.613, 15.488, 81,  76.337,  1.031,  5.126, 82,   0.603, -0.415,  0.141, 83,   0.876, -0.176,  9.766
31020.37693, 3,   1.027,  0.110, 10.438, 4,  -0.047, -0.091,  0.021, 5, -54.244,  2.381, 14.213, 81,  77.047,  1.113,  4.711, 82,  -0.090, -1.172, -0.493, 83,   0.805, -0.190,  9.772
31020.41736, 3,   0.931, -0.644,  8.726, 4,  -0.024, -0.048,  0.145, 5, -55.256,  3.169, 13.013, 81,  77.663,  1.209,  5.088, 82,   0.157,  0.316,  0.672, 83,   0.870, -0.206,  9.766
31020.45778, 3,   0.802, -1.257, 11.590, 4,   0.141,  0.120,  0.165, 5, -56.025,  4.313, 12.113, 81,  77.972,  1.291,  4.984, 82,   0.079, -0.424, -1.041, 83,   0.852, -0.220,  9.767
31020.49820, 3,   1.096, -1.041,  9.897, 4,   0.037, -0.296,  0.126, 5, -56.588,  5.588, 11.288, 81,  78.018,  1.400,  4.885, 82,  -0.033, -1.018,  1.822, 83,   0.835, -0.239,  9.768
31020.53862, 3,   1.254, -0.806,  9.878, 4,  -0.015,  0.111,  0.075, 5, -56.588,  7.088, 10.744, 81,  78.108,  1.607,  5.076, 82,   0.228, -0.767,  0.133, 83,   0.868, -0.274,  9.764
31020.57905, 3,   1.024, -0.660,  9.550, 4,  -0.032, -0.053, -0.023, 5, -56.588,  8.588, 10.088, 81,  78.136,  1.762,  5.172, 82,   0.370, -0.506,  0.116, 83,   0.884, -0.300,  9.762
31020.61947, 3,   0.873, -0.881,  9.267, 4,   0.005,  0.118, -0.094, 5, -56.588, 10.388,  9.581, 81,  78.240,  1.899,  5.213, 82,   0.133, -0.336, -0.211, 83,   0.891, -0.324,  9.761
31020.65989, 3,   1.101, -0.988,  9.732, 4,   0.094,  0.093, -0.101, 5, -56.288, 12.113,  9.469, 81,  78.452,  1.966,  5.083, 82,   0.004, -0.546, -0.495, 83,   0.869, -0.335,  9.762
31020.70031, 3,   1.261, -0.445,  9.643, 4,   0.089,  0.103, -0.058, 5, -55.988, 13.444,  9.469, 81,  78.661,  2.023,  4.951, 82,   0.255, -0.643, -0.032, 83,   0.846, -0.345,  9.764
31020.74074, 3,   0.598, -0.450, 10.580, 4,   0.036, -0.223, -0.170, 5, -55.444, 14.944,  9.788, 81,  78.703,  1.811,  4.671, 82,   0.462, -0.136, -0.126, 83,   0.799, -0.309,  9.769
31020.78116, 3,   0.512, -0.866,  7.198, 4,  -0.255, -0.110, -0.238, 5, -54.356, 16.144, 10.613, 81,  78.788,  1.738,  4.794, 82,  -0.222, -0.154,  0.812, 83,   0.820, -0.296,  9.768
31020.82158, 3,   0.866, -0.754, 10.221, 4,   0.013,  0.070, -0.049, 5, -53.288, 16.913, 11.344, 81,  78.983,  2.003,  4.729, 82,  -0.297, -0.524, -2.569, 83,   0.809, -0.342,  9.767
31020.86201, 3,   0.809, -0.706,  9.739, 4,   0.046,  0.041, -0.005, 5, -51.844, 17.213, 12.244, 81,  78.981,  2.207,  4.948, 82,   0.020, -0.378,  0.458, 83,   0.846, -0.376,  9.763
31020.90243, 3,   0.720, -0.289, 10.268, 4,   0.183, -0.029,  0.054, 5, -50.869, 17.025, 13.500, 81,  78.651,  2.256,  4.766, 82,  -0.006, -0.321, -0.026, 83,   0.815, -0.385,  9.765
31020.94285, 3,   0.758, -0.488,  9.428, 4,   0.143, -0.056,  0.092, 5, -49.613, 16.781, 14.588, 81,  78.228,  2.002,  4.763, 82,  -0.094,  0.052,  0.501, 83,   0.814, -0.341,  9.767
31020.98327, 3,   0.402, -0.318,  9.512, 4,  -0.015,  0.090,  0.035, 5, -48.413, 16.444, 15.488, 81,  77.690,  1.618,  4.883, 82,  -0.077, -0.212, -0.339, 83,   0.835, -0.276,  9.767
31021.02370, 3,   1.942, -1.484,  8.537, 4,   0.175,  0.096,  0.105, 5, -47.288, 16.144, 16.181, 81,  77.270,  1.525,  4.859, 82,  -0.429, -0.058, -0.256, 83,   0.831, -0.260,  9.768
31021.06412, 3,   0.102, -0.227, 10.745, 4,   0.109, -0.204,  0.072, 5, -45.956, 15.900, 16.500, 81,  76.707,  1.056,  5.042, 82,   1.080, -1.304, -1.230, 83,   0.862, -0.180,  9.767
31021.10454, 3,   1.127,  0.210,  9.356, 4,   0.058,  0.127,  0.085, 5, -44.869, 15.600, 16.988, 81,  76.406,  1.153,  4.949, 82,  -0.744, -0.030,  0.977, 83,   0.846, -0.196,  9.768
31021.14496, 3,   0.929, -0.167, 10.199, 4,  -0.040, -0.050,  0.045, 5, -44.288, 15.169, 17.025, 81,  75.995,  0.980,  4.865, 82,   0.295,  0.377, -0.414, 83,   0.832, -0.167,  9.770
31021.18539, 3,   1.072, -0.605,  9.485, 4,  -0.056, -0.051, -0.016, 5, -43.988, 15.000, 16.988, 81,  75.645,  0.990,  4.929, 82,   0.086,  0.002,  0.430, 83,   0.843, -0.169,  9.769
31021.22581, 3,   1.142, -0.433,  9.639, 4,   0.001, -0.002, -0.055, 5, -43.744, 15.169, 16.781, 81,  75.463,  1.195,  5.014, 82,   0.215, -0.401, -0.282, 83,   0.857, -0.204,  9.767
31021.26623, 3,   1.024,  0.031,  9.725, 4,  -0.012,  0.007, -0.096, 5, -44.456, 15.000, 16.688, 81,  75.389,  1.292,  5.090, 82,   0.272, -0.213, -0.126, 83,   0.870, -0.220,  9.765
31021.30665, 3,   1.027, -0.066,  9.536, 4,  -0.023, -0.002, -0.128, 5, -44.588, 15.244, 16.913, 81,  75.431,  1.218,  5.140, 82,   0.145,  0.239, -0.040, 83,   0.879, -0.208,  9.765
31021.34708, 3,   1.338, -0.311,  9.828, 4,  -0.027, -0.018, -0.189, 5, -44.588, 15.713, 16.988, 81,  75.516,  1.189,  5.147, 82,   0.147,  0.137, -0.229, 83,   0.880, -0.203,  9.765
31021.38750, 3,   1.240,  0.953,  9.653, 4,  -0.036, -0.037, -0.065, 5, -44.288, 15.600, 17.344, 81,  75.705,  1.223,  5.238, 82,   0.443, -0.103,  0.065, 83,   0.895, -0.208,  9.763
31021.42792, 3,   1.592, -0.433,  9.583, 4,  -0.009,  0.006,  0.010, 5, -43.444, 15.900, 17.681, 81,  75.838,  0.972,  5.390, 82,   0.319,  1.119, -0.109, 83,   0.921, -0.166,  9.762
31021.46835, 3,   0.993, -0.885,  9.730, 4,   0.032,  0.000, -0.069, 5, -43.144, 15.900, 18.488, 81,  75.597,  1.039,  5.455, 82,   0.660, -0.256, -0.178, 83,   0.932, -0.177,  9.761
31021.50877, 3,   0.847, -0.272,  9.629, 4,   0.004,  0.022, -0.032, 5, -42.956, 15.488, 19.181, 81,  75.428,  1.205,  5.405, 82,   0.069, -0.680, -0.031, 83,   0.924, -0.205,  9.761
31021.54919, 3,   0.979, -0.234,  9.665, 4,  -0.011, -0.035, -0.007, 5, -42.844, 15.169, 19.988, 81,  75.373,  1.187,  5.341, 82,  -0.066, -0.070, -0.133, 83,   0.913, -0.202,  9.762
31021.58961, 3,   0.823, -0.179,  9.768, 4,   0.014,  0.013,  0.047, 5, -42.488, 14.588, 20.513, 81,  75.225,  1.179,  5.366, 82,   0.062, -0.033, -0.097, 83,   0.917, -0.201,  9.762
31021.63004, 3,   1.029, -0.272,  9.528, 4,   0.006, -0.007,  0.035, 5, -41.944, 14.213, 20.269, 81,  74.984,  1.170,  5.343, 82,  -0.090,  0.020,  0.006, 83,   0.913, -0.199,  9.762
31021.67046, 3,   0.723,  0.112,  9.777, 4,   0.006,  0.026, -0.001, 5, -41.813, 13.988, 20.025, 81,  74.728,  1.163,  5.335, 82,   0.117, -0.074, -0.234, 83,   0.912, -0.198,  9.762
31021.71088, 3,   0.641, -0.330,  9.624, 4,  -0.037, -0.029,  0.005, 5, -41.513, 13.669, 20.100, 81,  74.597,  1.056,  5.273, 82,  -0.178,  0.292,  0.014, 83,   0.901, -0.180,  9.763
31021.75130, 3,   0.687, -0.234,  9.617, 4,   0.008,  0.016,  0.048, 5, -41.944, 13.669, 20.100, 81,  74.505,  1.148,  5.296, 82,  -0.264, -0.134, -0.139, 83,   0.905, -0.196,  9.763
31021.79173, 3,   0.861, -0.074,  9.969, 4,  -0.001, -0.023,  0.018, 5, -42.056, 13.500, 20.213, 81,  74.355,  1.207,  5.231, 82,  -0.207, -0.028, -0.147, 83,   0.894, -0.206,  9.764
31021.83215, 3,   1.063,  0.364,  9.344, 4,   0.004,  0.030, -0.009, 5, -42.056, 13.444, 20.400, 81,  74.191,  1.189,  5.253, 82,  -0.037,  0.129,  0.206, 83,   0.898, -0.203,  9.763
31021.87257, 3,   0.976,  0.807,  9.785, 4,   0.017,  0.030, -0.002, 5, -42.188, 13.500, 20.644, 81,  74.143,  1.121,  5.228, 82,   0.169,  0.555, -0.420, 83,   0.894, -0.191,  9.764
31021.91300, 3,   0.897,  1.293,  9.538, 4,  -0.011,  0.027, -0.013, 5, -41.944, 13.200, 20.513, 81,  74.105,  0.873,  5.235, 82,   0.081,  0.956,  0.020, 83,   0.895, -0.149,  9.765
31021.95342, 3,   1.053,  0.991,  9.655, 4,  -0.003,  0.010,  0.000, 5, -41.513, 13.313, 20.344, 81,  74.050,  0.632,  5.217, 82,   0.005,  1.401, -0.227, 83,   0.892, -0.108,  9.765
31021.99384, 3,   1.331,  1.137,  9.591, 4,  -0.002,  0.007, -0.002, 5, -41.288, 12.788, 20.269, 81,  74.088,  0.388,  5.242, 82,   0.157,  1.057, -0.110, 83,   0.896, -0.066,  9.765
31022.03426, 3,   0.842, -0.476,  9.861, 4,   0.002, -0.013,  0.002, 5, -41.213, 12.713, 20.100, 81,  74.048,  0.111,  5.293, 82,   0.426,  1.156, -0.174, 83,   0.905, -0.019,  9.765
31022.07469, 3,   0.948, -0.385,  9.528, 4,  -0.001,  0.014,  0.005, 5, -41.156, 13.013, 20.700, 81,  74.004,  0.206,  5.271, 82,  -0.059, -0.441,  0.096, 83,   0.901, -0.035,  9.765
31022.11511, 3,   0.890, -0.313,  9.828, 4,  -0.014,  0.018,  0.000, 5, -41.288, 12.844, 20.644, 81,  73.979,  0.232,  5.230, 82,   0.054, -0.346, -0.238, 83,   0.894, -0.040,  9.766
31022.15553, 3,   0.991, -0.490,  9.588, 4,  -0.022,  0.023, -0.002, 5, -41.213, 12.844, 20.588, 81,  73.932,  0.305,  5.241, 82,  -0.006, -0.261,  0.062, 83,   0.896, -0.052,  9.766
31022.19595, 3,   0.787, -0.615,  9.780, 4,   0.011, -0.031, -0.001, 5, -41.288, 12.788, 20.513, 81,  73.907,  0.382,  5.210, 82,   0.100, -0.425, -0.178, 83,   0.891, -0.065,  9.766
31022.23638, 3,   0.914, -0.112,  9.619, 4,  -0.013, -0.020,  0.008, 5, -41.756, 12.488, 20.213, 81,  73.855,  0.504,  5.192, 82,  -0.100, -0.529,  0.014, 83,   0.888, -0.086,  9.766
31022.27680, 3,   0.761, -0.414,  9.701, 4,  -0.025, -0.017, -0.005, 5, -41.756, 12.488, 20.213, 81,  73.851,  0.502,  5.188, 82,   0.027, -0.027, -0.147, 83,   0.887, -0.085,  9.766
31022.31722, 3,   1.003, -0.555,  9.895, 4,   0.002, -0.017, -0.002, 5, -41.756, 12.600, 20.213, 81,  73.835,  0.559,  5.149, 82,  -0.119, -0.319, -0.066, 83,   0.880, -0.095,  9.767
31022.35765, 3,   0.878, -0.409,  9.720, 4,   0.005, -0.020, -0.002, 5, -41.944, 12.713, 20.213, 81,  73.814,  0.636,  5.163, 82,   0.121, -0.447,  0.129, 83,   0.882, -0.108,  9.766
31022.39807, 3,   0.914, -0.339,  9.694, 4,   0.008, -0.001,  0.001, 5, -41.869, 12.713, 20.100, 81,  73.785,  0.701,  5.151, 82,  -0.003, -0.290, -0.046, 83,   0.880, -0.119,  9.766
31022.43849, 3,   0.919, -0.447,  9.631, 4,  -0.005,  0.009,  0.002, 5, -41.944, 12.488, 20.344, 81,  73.767,  0.741,  5.153, 82,   0.033, -0.213, -0.072, 83,   0.881, -0.126,  9.766
31022.47891, 3,   0.962, -0.347,  9.658, 4,   0.002,  0.004, -0.001, 5, -41.869, 12.488, 20.269, 81,  73.750,  0.792,  5.143, 82,   0.040, -0.312, -0.135, 83,   0.879, -0.135,  9.766
31022.51934, 3,   0.869, -0.375,  9.696, 4,   0.002,  0.002, -0.001, 5, -41.513, 12.713, 20.344, 81,  73.741,  0.824,  5.148, 82,   0.082, -0.207, -0.108, 83,   0.880, -0.140,  9.766
31022.55976, 3,   0.955, -0.423,  9.679, 4,   0.003, -0.002,  0.001, 5, -41.513, 12.900, 20.513, 81,  73.718,  0.871,  5.143, 82,  -0.010, -0.227, -0.070, 83,   0.879, -0.148,  9.766
31022.60018, 3,   0.917, -0.347,  9.670, 4,   0.001, -0.004, -0.001, 5, -41.213, 12.788, 20.513, 81,  73.683,  0.919,  5.149, 82,   0.075, -0.266, -0.087, 83,   0.880, -0.157,  9.766
31022.64060, 3,   0.912, -0.404,  9.696, 4,   0.005,  0.001,  0.001, 5, -41.213, 12.844, 20.644, 81,  73.651,  0.948,  5.147, 82,   0.037, -0.185, -0.096, 83,   0.880, -0.161,  9.766
31022.68103, 3,   0.941, -0.378,  9.653, 4,  -0.002,  0.002, -0.001, 5, -41.156, 12.600, 20.644, 81,  73.623,  0.995,  5.149, 82,   0.032, -0.234, -0.070, 83,   0.880, -0.170,  9.766
31022.72145, 3,   0.919, -0.359,  9.727, 4,  -0.001, -0.003,  0.000, 5, -41.344, 12.544, 20.700, 81,  73.597,  1.028,  5.147, 82,   0.061, -0.203, -0.113, 83,   0.880, -0.175,  9.766
31022.76187, 3,   0.885, -0.414,  9.651, 4,  -0.002,  0.001,  0.001, 5, -41.813, 12.600, 20.588, 81,  73.578,  1.070,  5.154, 82,   0.038, -0.177, -0.038, 83,   0.881, -0.182,  9.765
31022.80230, 3,   0.967, -0.366,  9.682, 4,   0.001, -0.004,  0.002, 5, -41.756, 12.844, 20.344, 81,  73.561,  1.106,  5.144, 82,   0.006, -0.226, -0.114, 83,   0.879, -0.188,  9.765
31022.84272, 3,   0.878, -0.392,  9.672, 4,   0.001,  0.003, -0.002, 5, -41.813, 12.788, 20.344, 81,  73.535,  1.138,  5.160, 82,   0.085, -0.172, -0.083, 83,   0.882, -0.194,  9.765
31022.88314, 3,   0.945, -0.402,  9.689, 4,   0.001, -0.005, -0.001, 5, -41.456, 12.713, 20.400, 81,  73.513,  1.169,  5.152, 82,  -0.003, -0.193, -0.093, 83,   0.881, -0.199,  9.765
31022.92356, 3,   0.912, -0.394,  9.670, 4,  -0.001, -0.002, -0.002, 5, -41.344, 13.013, 20.588, 81,  73.499,  1.203,  5.158, 82,   0.063, -0.197, -0.076, 83,   0.882, -0.205,  9.765
31022.96399, 3,   0.909, -0.390,  9.662, 4,  -0.001, -0.001,  0.000, 5, -41.456, 13.013, 20.888, 81,  73.462,  1.234,  5.157, 82,   0.030, -0.184, -0.095, 83,   0.882, -0.210,  9.765
31023.00441, 3,   0.907, -0.402,  9.689, 4,  -0.002,  0.003,  0.000, 5, -41.288, 13.144, 20.644, 81,  73.432,  1.266,  5.160, 82,   0.027, -0.174, -0.103, 83,   0.882, -0.216,  9.765
31023.04483, 3,   0.945, -0.361,  9.698, 4,  -0.001, -0.003, -0.002, 5, -41.344, 13.144, 20.513, 81,  73.389,  1.299,  5.155, 82,   0.026, -0.181, -0.076, 83,   0.881, -0.221,  9.764
31023.08525, 3,   0.885, -0.385,  9.655, 4,  -0.001, -0.001,  0.001, 5, -41.513, 12.900, 20.100, 81,  73.350,  1.326,  5.160, 82,   0.063, -0.135, -0.066, 83,   0.882, -0.226,  9.764
31023.12568, 3,   0.948, -0.371,  9.706, 4,   0.001,  0.004,  0.000, 5, -41.756, 13.013, 20.100, 81,  73.319,  1.351,  5.154, 82,   0.004, -0.155, -0.109, 83,   0.881, -0.230,  9.764
31023.16610, 3,   0.905, -0.392,  9.655, 4,  -0.000, -0.004,  0.001, 5, -42.056, 12.788, 20.100, 81,  73.293,  1.376,  5.161, 82,   0.066, -0.136, -0.058, 83,   0.882, -0.235,  9.764
31023.20652, 3,   0.912, -0.394,  9.696, 4,   0.001, -0.001, -0.001, 5, -41.944, 12.900, 20.100, 81,  73.279,  1.403,  5.165, 82,   0.022, -0.153, -0.109, 83,   0.883, -0.239,  9.764
31023.24695, 3,   0.929, -0.380,  9.670, 4,   0.002,  0.002,  0.000, 5, -41.644, 12.788, 20.400, 81,  73.264,  1.432,  5.172, 82,   0.028, -0.150, -0.068, 83,   0.884, -0.244,  9.764
31023.28737, 3,   0.912, -0.399,  9.655, 4,   0.001,  0.002, -0.001, 5, -41.644, 12.488, 20.213, 81,  73.246,  1.453,  5.170, 82,   0.045, -0.132, -0.094, 83,   0.884, -0.248,  9.764
31023.32779, 3,   0.905, -0.378,  9.677, 4,   0.001,  0.001,  0.001, 5, -41.756, 12.600, 20.513, 81,  73.239,  1.475,  5.164, 82,   0.029, -0.148, -0.109, 83,   0.883, -0.251,  9.764
31023.36821, 3,   0.945, -0.392,  9.696, 4,  -0.001,  0.001, -0.002, 5, -41.813, 12.544, 20.513, 81,  73.235,  1.494,  5.163, 82,   0.022, -0.123, -0.087, 83,   0.883, -0.255,  9.764
31023.40864, 3,   0.914, -0.380,  9.674, 4,   0.003,  0.001,  0.000, 5, -42.056, 12.844, 20.400, 81,  73.228,  1.518,  5.166, 82,   0.062, -0.133, -0.067, 83,   0.883, -0.259,  9.763
31023.44906, 3,   0.909, -0.382,  9.706, 4,  -0.000, -0.001,  0.000, 5, -41.813, 13.013, 20.400, 81,  73.215,  1.535,  5.163, 82,   0.031, -0.118, -0.089, 83,   0.883, -0.262,  9.763
31023.48948, 3,   0.924, -0.380,  9.658, 4,  -0.001, -0.002,  0.000, 5, -41.588, 13.013, 20.269, 81,  73.195,  1.557,  5.164, 82,   0.026, -0.117, -0.057, 83,   0.883, -0.265,  9.763
31023.52990, 3,   0.907, -0.390,  9.677, 4,   0.002,  0.002,  0.000, 5, -41.344, 12.844, 20.213, 81,  73.166,  1.575,  5.167, 82,   0.041, -0.112, -0.105, 83,   0.883, -0.268,  9.763
31023.57033, 3,   0.917, -0.375,  9.674, 4,   0.001, -0.002,  0.000, 5, -41.213, 12.600, 19.988, 81,  73.144,  1.594,  5.168, 82,   0.024, -0.118, -0.086, 83,   0.883, -0.272,  9.763
31023.61075, 3,   0.924, -0.387,  9.682, 4,   0.001, -0.003, -0.001, 5, -41.513, 12.488, 20.213, 81,  73.129,  1.610,  5.165, 82,   0.034, -0.101, -0.089, 83,   0.883, -0.274,  9.763
31023.65117, 3,   0.897, -0.375,  9.677, 4,   0.001,  0.001, -0.001, 5, -41.644, 12.544, 20.344, 81,  73.126,  1.629,  5.169, 82,   0.040, -0.109, -0.081, 83,   0.884, -0.278,  9.763
31023.69160, 3,   0.924, -0.366,  9.684, 4,   0.002,  0.001, -0.001, 5, -41.813, 12.788, 20.213, 81,  73.121,  1.643,  5.166, 82,   0.014, -0.095, -0.086, 83,   0.883, -0.280,  9.763
31023.73202, 3,   0.921, -0.397,  9.667, 4,  -0.000, -0.002, -0.001, 5, -41.944, 12.844, 20.588, 81,  73.116,  1.657,  5.169, 82,   0.040, -0.084, -0.079, 83,   0.884, -0.282,  9.763
31023.77244, 3,   0.900, -0.380,  9.670, 4,  -0.000,  0.002,  0.001, 5, -41.644, 12.788, 20.513, 81,  73.103,  1.675,  5.172, 82,   0.037, -0.112, -0.095, 83,   0.884, -0.285,  9.763
31023.81286, 3,   0.912, -0.416,  9.686, 4,  -0.001, -0.002, -0.001, 5, -41.756, 12.788, 20.400, 81,  73.092,  1.690,  5.170, 82,   0.016, -0.092, -0.092, 83,   0.884, -0.288,  9.763
31023.85329, 3,   0.917, -0.373,  9.677, 4,  -0.000,  0.004, -0.001, 5, -41.869, 12.788, 20.400, 81,  73.082,  1.713,  5.170, 82,   0.028, -0.124, -0.076, 83,   0.884, -0.292,  9.762
31023.89371, 3,   0.905, -0.397,  9.677, 4,   0.001, -0.002,  0.000, 5, -42.113, 12.900, 20.213, 81,  73.068,  1.723,  5.170, 82,   0.033, -0.079, -0.085, 83,   0.884, -0.294,  9.762
31023.93413, 3,   0.926, -0.371,  9.674, 4,   0.001,  0.001,  0.000, 5, -42.056, 12.900, 20.213, 81,  73.056,  1.739,  5.169, 82,   0.021, -0.101, -0.085, 83,   0.884, -0.296,  9.762
31023.97455, 3,   0.912, -0.394,  9.679, 4,  -0.000, -0.001, -0.002, 5, -42.056, 13.013, 20.400, 81,  73.045,  1.748,  5.171, 82,   0.042, -0.073, -0.088, 83,   0.884, -0.298,  9.762
31024.01498, 3,   0.909, -0.378,  9.665, 4,   0.001,  0.002, -0.003, 5, -42.056, 13.088, 20.400, 81,  73.028,  1.763,  5.173, 82,   0.028, -0.094, -0.083, 83,   0.884, -0.300,  9.762
31024.05540, 3,   0.931, -0.380,  9.679, 4,   0.001,  0.001, -0.001, 5, -41.869, 13.013, 20.588, 81,  73.016,  1.774,  5.172, 82,   0.025, -0.076, -0.097, 83,   0.884, -0.302,  9.762
31024.09582, 3,   0.897, -0.373,  9.674, 4,  -0.000,  0.002, -0.001, 5, -41.869, 12.844, 20.888, 81,  73.000,  1.786,  5.174, 82,   0.047, -0.076, -0.083, 83,   0.884, -0.304,  9.762
31024.13625, 3,   0.914, -0.382,  9.691, 4,  -0.001, -0.001,  0.000, 5, -41.813, 12.544, 21.000, 81,  72.986,  1.795,  5.174, 82,   0.013, -0.067, -0.088, 83,   0.884, -0.306,  9.762
31024.17667, 3,   0.917, -0.385,  9.686, 4,  -0.002, -0.001,  0.000, 5, -41.513, 12.169, 20.700, 81,  72.985,  1.810,  5.175, 82,   0.029, -0.074, -0.071, 83,   0.885, -0.308,  9.762
31024.21709, 3,   0.919, -0.385,  9.679, 4,   0.001, -0.001, -0.001, 5, -41.288, 12.488, 20.888, 81,  72.995,  1.823,  5.176, 82,   0.032, -0.074, -0.076, 83,   0.885, -0.311,  9.762
31024.25751, 3,   0.909, -0.402,  9.670, 4,  -0.000, -0.002, -0.001, 5, -40.988, 12.488, 20.344, 81,  72.997,  1.833,  5.178, 82,   0.034, -0.073, -0.083, 83,   0.885, -0.312,  9.762
31024.29794, 3,   0.909, -0.382,  9.686, 4,  -0.000, -0.002, -0.001, 5, -40.988, 12.713, 20.025, 81,  72.989,  1.849,  5.181, 82,   0.023, -0.087, -0.091, 83,   0.886, -0.315,  9.762
31024.33836, 3,   0.917, -0.378,  9.691, 4,  -0.000, -0.001, -0.001, 5, -41.156, 12.788, 20.644, 81,  72.973,  1.856,  5.177, 82,   0.024, -0.066, -0.076, 83,   0.885, -0.316,  9.762
31024.37878, 3,   0.794, -0.196, 11.780, 4,  -0.031, -0.250,  0.004, 5, -41.044, 12.488, 20.344, 81,  72.951,  1.866,  5.181, 82,   0.031, -0.060, -0.070, 83,   0.886, -0.318,  9.761
31024.41920, 3,   0.514, -0.497,  8.166, 4,  -0.049, -0.024,  0.000, 5, -41.044, 12.713, 20.700, 81,  72.942,  1.902,  5.262, 82,  -0.105,  0.128,  2.020, 83,   0.899, -0.324,  9.760
