timestamp,accel,accelX,accelY,accelZ,gyro,gyroX,gyroY,gyroZ,magno,magnoX,magnoY,magnoZ,ori,oriX,oriY,oriZ,lacc,laccX,laccY,laccZ,gravity,gravityX,gravityY,gravityZ
30974.17421,3,0.869,-0.368,9.318,4,-0.025,0.019,0.004
30974.21463,3,0.976,-0.284,10.038,4,-0.049,0.115,-0.000,5,-39.413,14.400,21.300
30974.25505,3,0.905,-0.502,9.385,4,-0.019,0.014,0.003,5,-39.713,14.400,21.713,81,69.910,1.620,5.551,82,0.027,-0.008,0.281,83,0.949,-0.276,9.757
30974.29547,3,0.931,-0.335,9.888,4,-0.004,0.019,0.002,5,-39.956,14.213,21.300,81,69.905,1.698,5.394,82,-0.017,-0.213,-0.374,83,0.922,-0.289,9.759
30974.33590,3,0.821,-0.390,9.464,4,-0.003,-0.014,0.001,5,-40.013,14.288,21.188,81,69.897,1.697,5.432,82,0.003,-0.046,0.130,83,0.928,-0.289,9.758
30974.37632,3,0.991,-0.418,9.787,4,0.006,0.020,0.001,5,-40.069,14.344,20.888,81,69.895,1.693,5.400,82,-0.102,-0.102,-0.295,83,0.923,-0.288,9.759
30974.41674,3,0.871,-0.289,9.591,4,-0.006,-0.015,0.001,5,-39.844,14.344,20.588,81,69.894,1.698,5.404,82,0.068,-0.129,0.028,83,0.923,-0.289,9.759
30974.45716,3,0.823,-0.464,9.727,4,0.002,0.006,-0.000,5,-39.788,14.513,20.700,81,69.889,1.699,5.406,82,-0.053,0.000,-0.168,83,0.924,-0.289,9.759
30974.49759,3,0.974,-0.318,9.662,4,-0.003,-0.010,0.002,5,-40.144,14.100,20.644,81,69.887,1.706,5.395,82,-0.099,-0.173,-0.032,83,0.922,-0.291,9.759
30974.53801,3,0.902,-0.378,9.641,4,0.003,0.006,-0.000,5,-40.256,14.288,20.888,81,69.889,1.708,5.402,82,0.051,-0.027,-0.097,83,0.923,-0.291,9.759
30974.57843,3,0.845,-0.416,9.732,4,0.001,0.001,0.002,5,-40.069,14.400,20.588,81,69.890,1.707,5.387,82,-0.019,-0.087,-0.118,83,0.921,-0.291,9.759
30974.61885,3,0.960,-0.313,9.605,4,-0.001,0.007,0.004,5,-40.313,14.644,20.888,81,69.889,1.716,5.385,82,-0.075,-0.124,-0.027,83,0.920,-0.292,9.759
30974.65927,3,0.830,-0.435,9.744,4,0.001,0.000,0.003,5,-40.369,14.700,20.888,81,69.889,1.714,5.376,82,0.041,-0.021,-0.154,83,0.919,-0.292,9.759
30974.69970,3,0.919,-0.344,9.617,4,-0.001,-0.001,0.001,5,-40.369,14.588,20.813,81,69.881,1.730,5.372,82,-0.088,-0.140,-0.015,83,0.918,-0.295,9.759
30974.74012,3,0.826,-0.390,9.720,4,0.001,0.003,-0.000,5,-40.725,14.344,20.888,81,69.885,1.730,5.364,82,0.002,-0.049,-0.142,83,0.917,-0.294,9.759
30974.78054,3,0.909,-0.375,9.653,4,0.002,0.000,-0.002,5,-40.988,13.781,20.513,81,69.888,1.738,5.357,82,-0.089,-0.094,-0.039,83,0.916,-0.296,9.759
30974.82096,3,0.967,-0.406,9.651,4,0.005,0.012,0.004,5,-40.856,13.913,20.588,81,69.917,1.742,5.352,82,-0.006,-0.079,-0.106,83,0.915,-0.296,9.759
30974.86139,3,0.864,-0.394,9.706,4,-0.008,0.029,0.003,5,-40.988,13.988,20.644,81,69.932,1.751,5.351,82,0.052,-0.108,-0.108,83,0.915,-0.298,9.759
30974.90181,3,0.991,-0.418,9.636,4,0.004,0.009,0.008,5,-40.988,13.988,20.400,81,69.948,1.759,5.337,82,-0.048,-0.095,-0.053,83,0.912,-0.299,9.760
30974.94223,3,0.988,-0.387,9.670,4,0.004,0.008,0.005,5,-40.369,14.100,20.344,81,69.970,1.766,5.343,82,0.078,-0.118,-0.123,83,0.913,-0.300,9.759
30974.98265,3,0.816,-0.421,9.667,4,0.003,0.001,0.001,5,-40.313,14.344,19.781,81,69.995,1.778,5.351,82,0.073,-0.085,-0.089,83,0.915,-0.302,9.759
30975.02307,3,0.991,-0.303,9.651,4,-0.002,0.006,0.001,5,-40.256,14.213,19.744,81,69.997,1.788,5.337,82,-0.096,-0.118,-0.092,83,0.912,-0.303,9.759
30975.06350,3,0.816,-0.378,9.691,4,-0.002,-0.002,-0.002,5,-40.425,14.644,19.781,81,70.009,1.785,5.338,82,0.078,-0.000,-0.108,83,0.913,-0.303,9.759
30975.10392,3,0.902,-0.363,9.667,4,0.003,-0.001,0.002,5,-40.556,14.813,20.344,81,70.007,1.792,5.326,82,-0.094,-0.074,-0.069,83,0.910,-0.304,9.760
30975.14434,3,0.905,-0.354,9.686,4,0.001,0.000,0.002,5,-40.688,14.513,20.513,81,70.001,1.793,5.320,82,-0.008,-0.059,-0.093,83,0.909,-0.304,9.760
30975.18476,3,0.787,-0.426,9.689,4,0.001,0.000,-0.000,5,-40.613,14.588,20.813,81,70.000,1.799,5.320,82,-0.005,-0.049,-0.074,83,0.910,-0.305,9.760
30975.22519,3,0.988,-0.323,9.672,4,-0.001,0.002,-0.002,5,-40.688,14.288,20.888,81,69.998,1.812,5.305,82,-0.120,-0.119,-0.071,83,0.907,-0.307,9.760
30975.26561,3,0.770,-0.406,9.694,4,0.001,-0.007,-0.002,5,-40.688,14.344,20.644,81,70.017,1.813,5.311,82,0.080,-0.016,-0.088,83,0.908,-0.307,9.760
30975.30603,3,1.003,-0.339,9.655,4,0.001,0.005,0.004,5,-40.725,14.344,20.888,81,70.029,1.827,5.297,82,-0.135,-0.097,-0.066,83,0.905,-0.309,9.760
30975.34645,3,0.840,-0.385,9.718,4,-0.001,-0.001,-0.002,5,-40.856,14.513,20.813,81,70.047,1.828,5.303,82,0.097,-0.030,-0.105,83,0.906,-0.309,9.760
30975.38688,3,0.902,-0.375,9.641,4,-0.002,-0.001,0.004,5,-40.688,14.513,20.644,81,70.053,1.838,5.296,82,-0.065,-0.075,-0.042,83,0.905,-0.310,9.760
30975.42730,3,0.900,-0.399,9.713,4,0.004,0.000,-0.002,5,-40.688,14.400,21.000,81,70.058,1.844,5.292,82,-0.002,-0.064,-0.119,83,0.904,-0.311,9.760
30975.46772,3,0.857,-0.363,9.670,4,0.002,-0.002,-0.000,5,-40.613,14.513,20.925,81,70.071,1.856,5.293,82,-0.004,-0.086,-0.047,83,0.904,-0.313,9.760
30975.50814,3,0.941,-0.404,9.682,4,0.001,0.003,0.003,5,-40.988,14.400,20.813,81,70.075,1.861,5.284,82,-0.046,-0.050,-0.090,83,0.903,-0.313,9.760
30975.54856,3,0.849,-0.371,9.677,4,-0.002,-0.002,-0.002,5,-41.156,14.513,21.300,81,70.089,1.873,5.287,82,0.038,-0.089,-0.078,83,0.903,-0.315,9.760
30975.58899,3,1.041,-0.761,9.672,4,0.006,0.029,-0.027,5,-41.044,14.513,21.113,81,70.099,1.881,5.282,82,-0.053,-0.055,-0.083,83,0.902,-0.316,9.760
30975.62941,3,0.861,-0.100,9.639,4,0.022,-0.032,-0.006,5,-40.688,14.213,20.813,81,70.122,1.949,5.286,82,0.138,-0.435,-0.088,83,0.903,-0.326,9.760
30975.66983,3,0.998,-1.048,9.653,4,-0.020,-0.026,0.010,5,-40.069,14.044,20.700,81,70.118,1.919,5.285,82,-0.042,0.221,-0.121,83,0.903,-0.321,9.760
30975.71025,3,0.835,0.510,9.710,4,0.001,-0.046,-0.005,5,-40.013,13.988,20.513,81,70.121,2.042,5.285,82,0.095,-0.710,-0.106,83,0.903,-0.338,9.759
30975.75068,3,0.811,-0.718,9.653,4,-0.005,0.020,0.006,5,-39.956,13.613,20.700,81,70.165,1.878,5.302,82,-0.071,0.825,-0.050,83,0.906,-0.315,9.760
30975.79110,3,1.096,-0.517,9.696,4,0.001,0.003,-0.003,5,-40.556,13.913,20.888,81,70.160,1.947,5.280,82,-0.091,-0.393,-0.107,83,0.902,-0.325,9.760
30975.83152,3,0.663,-0.009,9.634,4,-0.001,-0.008,0.010,5,-40.556,13.669,20.888,81,70.191,1.981,5.297,82,0.190,-0.187,-0.063,83,0.906,-0.330,9.759
30975.87194,3,1.015,-0.193,9.696,4,-0.008,0.019,0.005,5,-40.613,13.744,20.813,81,70.227,1.943,5.277,82,-0.238,0.316,-0.126,83,0.901,-0.325,9.760
30975.91237,3,0.830,-0.210,9.694,4,-0.003,0.008,-0.002,5,-41.156,14.213,20.588,81,70.264,1.912,5.291,82,0.111,0.128,-0.064,83,0.904,-0.321,9.760
30975.95279,3,0.948,-0.735,9.617,4,0.010,0.008,-0.007,5,-40.913,14.213,20.700,81,70.287,1.896,5.289,82,-0.074,0.109,-0.066,83,0.904,-0.319,9.760
30975.99321,3,0.917,-0.062,9.682,4,-0.004,-0.002,0.008,5,-41.213,14.513,20.644,81,70.299,1.947,5.279,82,0.046,-0.409,-0.143,83,0.902,-0.326,9.760
30976.03363,3,0.919,-0.763,9.658,4,-0.009,-0.009,-0.012,5,-41.044,14.588,20.513,81,70.305,1.912,5.295,82,0.012,0.259,-0.077,83,0.905,-0.321,9.760
30976.07405,3,0.873,-0.200,9.684,4,-0.023,0.001,-0.003,5,-40.425,14.213,20.344,81,70.309,1.983,5.288,82,0.016,-0.432,-0.101,83,0.903,-0.331,9.759
30976.11448,3,0.921,-0.605,9.662,4,-0.012,-0.001,0.007,5,-40.256,14.100,20.269,81,70.309,1.963,5.285,82,-0.030,0.128,-0.075,83,0.903,-0.328,9.759
30976.15490,3,0.909,-0.227,9.684,4,-0.008,0.009,-0.004,5,-40.313,14.044,20.644,81,70.317,2.000,5.281,82,0.019,-0.272,-0.097,83,0.902,-0.333,9.759
30976.19532,3,0.802,-0.385,9.648,4,0.011,0.002,0.011,5,-40.556,14.100,20.888,81,70.330,1.979,5.285,82,0.006,0.104,-0.075,83,0.903,-0.331,9.759
30976.23574,3,0.976,-0.469,9.694,4,0.002,-0.005,-0.010,5,-40.856,14.044,21.113,81,70.344,1.987,5.273,82,-0.098,-0.053,-0.112,83,0.900,-0.332,9.760
30976.27617,3,0.821,-0.256,9.658,4,-0.002,0.005,0.008,5,-40.913,14.213,21.000,81,70.357,2.009,5.281,82,0.074,-0.134,-0.065,83,0.902,-0.335,9.759
30976.31659,3,0.938,-0.469,9.677,4,0.001,0.002,0.003,5,-40.913,14.288,20.700,81,70.365,1.998,5.269,82,-0.078,0.078,-0.102,83,0.899,-0.334,9.760
30976.35701,3,0.859,-0.354,9.696,4,-0.001,-0.007,-0.003,5,-40.725,13.988,20.700,81,70.375,2.015,5.270,82,0.039,-0.133,-0.083,83,0.899,-0.336,9.760
30976.39743,3,0.885,-0.399,9.653,4,0.002,-0.005,0.003,5,-40.613,14.213,20.700,81,70.380,2.018,5.264,82,-0.039,-0.017,-0.064,83,0.898,-0.337,9.760
30976.43786,3,0.905,-0.378,9.718,4,-0.003,0.002,-0.004,5,-40.725,13.988,20.813,81,70.393,2.024,5.259,82,-0.012,-0.061,-0.107,83,0.897,-0.338,9.760
30976.47828,3,0.838,-0.548,9.636,4,0.013,0.000,0.003,5,-40.313,13.613,20.888,81,70.404,2.028,5.262,82,0.007,-0.040,-0.042,83,0.898,-0.338,9.760
30976.51870,3,0.988,0.105,9.715,4,0.010,0.009,-0.000,5,-40.069,13.613,20.700,81,70.430,2.057,5.248,82,-0.057,-0.205,-0.124,83,0.895,-0.343,9.760
30976.55912,3,0.878,-0.656,9.598,4,-0.005,0.000,0.004,5,-40.313,13.913,20.644,81,70.475,1.965,5.276,82,0.087,0.434,-0.045,83,0.901,-0.329,9.760
30976.59954,3,0.751,-0.390,9.751,4,-0.007,0.006,-0.003,5,-40.313,13.913,20.100,81,70.473,2.018,5.264,82,-0.020,-0.319,-0.162,83,0.898,-0.337,9.760
30976.63997,3,1.123,-0.076,9.591,4,-0.008,-0.003,0.005,5,-40.556,14.288,20.100,81,70.484,2.025,5.240,82,-0.142,-0.051,-0.009,83,0.893,-0.339,9.760
30976.68039,3,0.545,-0.715,9.768,4,0.004,0.005,-0.000,5,-40.725,14.400,20.100,81,70.488,1.981,5.266,82,0.224,0.256,-0.169,83,0.899,-0.332,9.760
30976.72081,3,1.187,-0.129,9.598,4,-0.011,0.001,-0.000,5,-40.425,14.344,20.269,81,70.468,2.098,5.179,82,-0.336,-0.364,0.007,83,0.881,-0.351,9.761
30976.76123,3,0.711,-0.576,9.737,4,0.006,-0.005,0.002,5,-40.556,14.344,20.644,81,70.459,2.061,5.210,82,0.299,0.216,-0.162,83,0.888,-0.345,9.760
30976.80166,3,1.015,-0.404,9.660,4,-0.003,0.006,-0.009,5,-40.725,14.288,20.700,81,70.446,2.112,5.177,82,-0.170,-0.223,-0.024,83,0.881,-0.353,9.761
30976.84208,3,0.861,-0.318,9.725,4,0.020,-0.015,-0.005,5,-40.556,14.344,20.700,81,70.449,2.114,5.192,82,0.131,-0.051,-0.100,83,0.884,-0.353,9.760
30976.88250,3,0.885,-0.541,9.531,4,-0.021,-0.021,-0.003,5,-40.556,14.288,20.588,81,70.440,2.101,5.199,82,-0.024,0.034,-0.035,83,0.885,-0.352,9.760
30976.92292,3,0.948,-0.282,9.801,4,0.016,0.002,-0.007,5,-40.313,14.100,21.000,81,70.439,2.118,5.196,82,0.001,-0.187,-0.229,83,0.884,-0.354,9.760
30976.96335,3,0.725,-0.466,9.782,4,-0.040,-0.007,-0.006,5,-40.425,14.213,20.813,81,70.443,2.098,5.205,82,0.062,0.069,0.041,83,0.886,-0.351,9.760
30977.00377,3,1.202,-0.390,9.557,4,-0.047,0.027,-0.008,5,-40.425,13.781,20.888,81,70.442,2.216,5.172,82,-0.155,-0.095,0.022,83,0.880,-0.371,9.760
30977.04419,3,0.632,-0.502,10.197,4,-0.009,0.012,0.004,5,-40.725,13.744,20.813,81,70.447,2.269,5.167,82,0.322,-0.010,-0.203,83,0.880,-0.380,9.760
30977.08461,3,1.046,-0.433,9.294,4,0.006,-0.042,-0.002,5,-40.856,14.100,20.400,81,70.444,2.314,5.181,82,-0.250,-0.114,0.438,83,0.882,-0.388,9.759
30977.12503,3,0.744,-0.335,9.914,4,-0.004,0.016,0.001,5,-40.425,14.100,20.813,81,70.466,2.304,5.191,82,0.162,-0.047,-0.465,83,0.884,-0.386,9.759
30977.16546,3,1.005,-0.447,9.452,4,-0.012,-0.013,-0.002,5,-40.556,14.344,20.888,81,70.462,2.316,5.197,82,-0.140,0.054,0.155,83,0.884,-0.389,9.759
30977.20588,3,0.790,-0.402,9.924,4,0.005,0.005,-0.005,5,-40.144,14.213,20.813,81,70.463,2.336,5.186,82,0.122,-0.055,-0.307,83,0.883,-0.392,9.759
30977.24630,3,0.921,-0.399,9.682,4,0.015,-0.017,0.005,5,-40.069,13.781,20.925,81,70.454,2.363,5.157,82,-0.088,-0.005,0.165,83,0.878,-0.397,9.759
30977.28672,3,0.866,-0.428,9.617,4,0.004,0.002,0.001,5,-40.069,13.669,20.813,81,70.459,2.353,5.167,82,0.041,-0.004,-0.077,83,0.880,-0.395,9.759
30977.32715,3,0.864,-0.385,9.746,4,0.009,-0.002,0.005,5,-40.369,13.613,20.644,81,70.466,2.341,5.173,82,-0.015,-0.035,-0.142,83,0.880,-0.393,9.759
30977.36757,3,0.909,-0.435,9.627,4,0.010,-0.019,-0.003,5,-40.144,14.288,20.644,81,70.477,2.328,5.184,82,-0.018,0.006,-0.013,83,0.882,-0.391,9.759
30977.40799,3,0.888,-0.483,9.543,4,-0.027,0.030,0.003,5,-40.013,14.213,20.344,81,70.485,2.321,5.186,82,0.026,-0.045,-0.132,83,0.883,-0.390,9.759
30977.44841,3,1.060,-0.251,9.746,4,-0.020,0.015,0.002,5,-40.256,14.344,20.400,81,70.463,2.341,5.169,82,0.008,-0.090,-0.216,83,0.880,-0.393,9.759
30977.48883,3,0.744,-0.536,9.619,4,-0.010,0.013,-0.003,5,-40.069,14.513,20.700,81,70.461,2.322,5.172,82,0.179,0.140,-0.013,83,0.881,-0.391,9.759
30977.52926,3,0.869,-0.447,9.629,4,-0.011,0.008,-0.003,5,-40.688,14.344,20.400,81,70.437,2.379,5.112,82,-0.127,-0.136,-0.141,83,0.871,-0.400,9.760
30977.56968,3,0.921,-0.306,9.718,4,-0.009,-0.003,-0.009,5,-41.156,14.213,21.000,81,70.432,2.395,5.098,82,0.001,-0.044,-0.131,83,0.868,-0.403,9.760
30977.61010,3,0.888,-0.466,9.658,4,-0.005,0.005,0.005,5,-40.988,14.100,21.113,81,70.452,2.396,5.107,82,0.051,0.098,-0.042,83,0.870,-0.404,9.760
30977.65052,3,0.768,-0.457,9.725,4,-0.003,-0.011,-0.005,5,-40.556,14.044,20.888,81,70.454,2.412,5.089,82,0.021,-0.060,-0.102,83,0.867,-0.406,9.760
30977.69095,3,0.984,-0.406,9.684,4,-0.002,-0.007,0.001,5,-40.369,13.913,21.488,81,70.454,2.434,5.085,82,-0.098,-0.047,-0.035,83,0.866,-0.410,9.760
30977.73137,3,0.838,-0.430,9.701,4,-0.002,0.006,-0.005,5,-40.144,13.613,21.300,81,70.461,2.436,5.111,82,0.113,0.005,-0.075,83,0.871,-0.411,9.759
30977.77179,3,0.857,-0.474,9.658,4,-0.001,-0.004,-0.003,5,-40.144,13.913,21.244,81,70.473,2.441,5.113,82,-0.033,-0.018,-0.058,83,0.871,-0.412,9.759
30977.81221,3,0.847,-0.474,9.888,4,0.021,-0.013,-0.041,5,-40.725,13.913,21.188,81,70.487,2.452,5.097,82,-0.011,-0.060,-0.101,83,0.868,-0.414,9.759
30977.85264,3,0.823,-0.450,9.648,4,0.001,-0.001,-0.007,5,-40.688,14.100,20.888,81,70.532,2.457,5.088,82,-0.020,-0.060,0.129,83,0.867,-0.414,9.759
30977.89306,3,1.010,-0.280,9.751,4,0.013,-0.009,0.002,5,-40.613,14.100,20.813,81,70.571,2.448,5.089,82,-0.044,-0.037,-0.112,83,0.867,-0.413,9.760
30977.93348,3,1.082,0.388,9.679,4,0.010,0.005,0.010,5,-40.856,14.044,20.700,81,70.569,2.383,5.141,82,0.134,0.122,-0.008,83,0.876,-0.402,9.759
30977.97390,3,1.163,1.870,9.643,4,0.007,-0.023,0.143,5,-40.725,14.044,21.000,81,70.565,2.205,5.195,82,0.195,0.761,-0.080,83,0.886,-0.373,9.759
30978.01432,3,1.333,1.597,9.574,4,-0.006,0.002,0.168,5,-41.044,13.988,20.700,81,70.421,1.785,5.325,82,0.252,2.174,-0.116,83,0.911,-0.303,9.760
30978.05475,3,1.443,1.027,9.674,4,-0.006,-0.009,-0.009,5,-41.213,14.288,20.588,81,70.096,1.362,5.408,82,0.405,1.831,-0.186,83,0.928,-0.234,9.760
30978.09517,3,0.830,0.570,9.579,4,-0.009,-0.011,-0.121,5,-40.988,14.344,20.400,81,70.021,1.092,5.537,82,0.492,1.216,-0.085,83,0.951,-0.189,9.759
30978.13559,3,0.538,-0.251,9.710,4,-0.014,0.012,-0.185,5,-40.856,14.344,20.025,81,70.267,0.999,5.525,82,-0.120,0.744,-0.180,83,0.949,-0.174,9.759
30978.17601,3,0.550,-0.488,9.737,4,-0.013,-0.009,-0.209,5,-40.613,14.513,20.269,81,70.630,1.005,5.505,82,-0.408,-0.076,-0.049,83,0.946,-0.175,9.759
30978.21644,3,0.809,-0.042,9.576,4,0.014,-0.027,-0.101,5,-40.856,14.513,20.344,81,71.097,1.063,5.456,82,-0.386,-0.304,-0.023,83,0.936,-0.184,9.760
30978.25686,3,0.782,-0.747,9.809,4,-0.026,0.036,-0.032,5,-41.288,14.213,20.513,81,71.445,0.989,5.520,82,-0.138,0.130,-0.183,83,0.947,-0.172,9.759
30978.29728,3,0.849,-0.239,9.452,4,0.006,-0.027,0.069,5,-41.756,14.044,20.400,81,71.536,1.154,5.415,82,-0.147,-0.548,0.048,83,0.929,-0.199,9.761
30978.33770,3,1.027,-0.512,9.792,4,-0.010,0.011,0.094,5,-42.056,14.213,20.400,81,71.507,1.152,5.427,82,-0.082,-0.040,-0.308,83,0.931,-0.199,9.760
30978.37813,3,1.115,-0.177,9.497,4,-0.005,-0.004,0.134,5,-41.869,14.344,20.344,81,71.268,1.229,5.433,82,0.096,-0.300,0.032,83,0.931,-0.212,9.760
30978.41855,3,0.792,-0.646,9.751,4,0.009,0.030,0.101,5,-41.588,14.813,20.100,81,71.032,1.223,5.462,82,0.179,0.033,-0.263,83,0.936,-0.210,9.760
30978.45897,3,0.945,-0.474,9.550,4,0.006,-0.019,0.059,5,-41.588,15.413,19.688,81,70.707,1.350,5.347,82,-0.124,-0.414,-0.010,83,0.916,-0.232,9.761
30978.49939,3,0.871,-0.579,9.653,4,-0.001,0.012,0.065,5,-41.944,15.600,19.013,81,70.529,1.369,5.357,82,0.027,-0.239,-0.211,83,0.918,-0.235,9.761
30978.53981,3,0.948,-0.608,9.634,4,-0.003,0.003,0.094,5,-42.113,16.088,18.000,81,70.374,1.418,5.343,82,-0.044,-0.336,-0.108,83,0.915,-0.243,9.761
30978.58024,3,0.907,-0.584,9.689,4,0.014,0.003,0.103,5,-42.713,16.369,16.988,81,70.126,1.474,5.304,82,0.040,-0.356,-0.127,83,0.908,-0.252,9.761
30978.62066,3,1.017,-0.555,9.845,4,0.013,0.008,0.120,5,-42.713,16.369,16.369,81,69.844,1.523,5.261,82,0.006,-0.324,-0.073,83,0.901,-0.260,9.762
30978.66108,3,0.658,-0.756,9.643,4,0.023,-0.017,0.116,5,-42.788,16.013,15.600,81,69.482,1.556,5.237,82,0.121,-0.289,0.083,83,0.896,-0.266,9.762
30978.70150,3,1.029,-0.311,9.593,4,0.013,0.026,0.140,5,-43.144,15.600,15.281,81,69.211,1.610,5.148,82,-0.223,-0.481,-0.120,83,0.881,-0.275,9.763
30978.74193,3,0.766,-0.450,9.655,4,0.004,-0.002,0.103,5,-43.369,15.413,15.488,81,68.998,1.609,5.189,82,0.141,-0.036,-0.170,83,0.888,-0.274,9.763
30978.78235,3,0.849,-0.165,9.622,4,-0.026,0.043,0.107,5,-43.856,15.825,16.181,81,68.761,1.627,5.081,82,-0.103,-0.172,-0.109,83,0.869,-0.278,9.764
30978.82277,3,0.703,-0.485,10.038,4,0.013,-0.011,0.049,5,-43.613,16.013,16.500,81,68.632,1.640,5.032,82,-0.012,0.115,-0.143,83,0.861,-0.280,9.765
30978.86319,3,0.696,-0.169,9.310,4,-0.006,0.010,0.042,5,-43.744,16.688,17.100,81,68.520,1.687,4.965,82,-0.146,-0.197,0.272,83,0.850,-0.288,9.766
30978.90362,3,0.555,-0.325,9.818,4,-0.005,-0.004,0.006,5,-43.913,17.344,17.025,81,68.467,1.651,4.960,82,-0.153,0.113,-0.456,83,0.849,-0.282,9.766
30978.94404,3,0.821,-0.315,8.628,4,-0.038,-0.009,-0.072,5,-43.444,17.813,17.213,81,68.396,1.701,4.886,82,-0.281,-0.035,0.051,83,0.836,-0.290,9.767
30978.98446,3,0.679,-0.385,10.740,4,-0.087,0.056,-0.139,5,-43.613,18.413,17.213,81,68.425,1.965,4.938,82,-0.024,0.020,-1.136,83,0.845,-0.335,9.764
30979.02488,3,0.584,-0.117,9.169,4,-0.029,-0.023,-0.171,5,-43.988,18.900,16.500,81,68.630,2.082,4.809,82,-0.144,-0.030,0.974,83,0.823,-0.355,9.766
30979.06530,3,0.840,0.024,10.106,4,0.015,0.052,-0.028,5,-44.588,19.181,15.825,81,68.935,2.039,4.717,82,-0.223,0.231,-0.598,83,0.807,-0.348,9.767
30979.10573,3,0.749,-0.399,9.492,4,0.029,-0.005,0.035,5,-46.144,19.613,14.944,81,69.091,2.062,4.709,82,0.034,0.376,0.339,83,0.806,-0.352,9.767
30979.14615,3,0.835,-0.514,9.811,4,0.028,-0.009,0.053,5,-47.456,19.988,13.744,81,68.957,2.018,4.655,82,-0.048,-0.054,-0.276,83,0.797,-0.345,9.768
30979.18657,3,0.663,-0.907,9.476,4,-0.026,-0.011,-0.035,5,-48.488,19.913,12.488,81,68.755,2.031,4.679,82,0.034,-0.167,0.043,83,0.801,-0.347,9.768
30979.22699,3,0.536,-0.450,9.684,4,-0.007,-0.046,-0.120,5,-49.556,19.988,11.100,81,68.659,2.082,4.645,82,-0.132,-0.552,-0.292,83,0.795,-0.355,9.768
30979.26742,3,1.190,-1.024,11.004,4,0.054,0.208,-0.055,5,-51.113,19.181,8.588,81,68.791,2.115,4.700,82,-0.268,-0.089,-0.083,83,0.804,-0.361,9.767
30979.30784,3,0.974,-0.749,9.339,4,0.073,0.116,0.044,5,-51.788,18.844,7.688,81,68.924,2.398,4.739,82,0.380,-0.615,1.239,83,0.810,-0.409,9.765
30979.34826,3,0.742,-0.866,9.933,4,0.026,-0.059,0.173,5,-52.913,17.869,6.413,81,69.042,2.468,4.864,82,0.142,-0.328,-0.423,83,0.832,-0.421,9.762
30979.38868,3,0.864,-0.847,9.327,4,0.013,0.022,0.164,5,-53.813,16.688,4.988,81,68.821,2.538,4.912,82,-0.098,-0.433,0.172,83,0.840,-0.433,9.761
30979.42911,3,0.921,-0.902,10.036,4,-0.009,0.013,0.127,5,-54.488,15.281,4.144,81,68.629,2.608,4.803,82,0.043,-0.402,-0.435,83,0.821,-0.445,9.762
30979.46953,3,0.677,-0.914,9.485,4,-0.005,-0.023,-0.039,5,-54.956,14.044,3.244,81,68.566,2.695,4.793,82,0.102,-0.443,0.275,83,0.819,-0.459,9.762
30979.50995,3,0.711,-1.209,9.852,4,-0.016,-0.014,-0.099,5,-55.256,12.600,2.644,81,68.866,2.771,4.687,82,-0.124,-0.442,-0.277,83,0.801,-0.472,9.762
30979.55037,3,0.809,-1.022,9.394,4,-0.008,-0.035,-0.126,5,-55.444,11.288,2.588,81,69.416,2.917,4.765,82,-0.103,-0.712,0.092,83,0.814,-0.497,9.760
30979.59079,3,0.806,-0.773,9.713,4,0.012,0.048,-0.039,5,-55.856,9.713,2.325,81,70.168,2.982,4.827,82,-0.016,-0.514,-0.365,83,0.825,-0.508,9.759
30979.63122,3,0.964,-0.718,8.791,4,-0.121,-0.056,0.062,5,-55.444,8.213,2.513,81,70.802,3.014,4.803,82,-0.015,-0.260,-0.046,83,0.821,-0.513,9.759
30979.67164,3,0.620,-0.615,8.760,4,0.009,-0.066,0.106,5,-55.313,6.788,2.888,81,71.355,2.843,4.960,82,0.117,-0.234,-0.967,83,0.847,-0.484,9.758
30979.71206,3,1.077,-0.933,10.829,4,-0.008,-0.039,0.100,5,-55.088,5.400,3.000,81,71.680,2.859,4.774,82,-0.196,-0.128,-1.001,83,0.816,-0.487,9.761
30979.75248,3,0.567,-0.814,8.738,4,0.002,-0.082,0.019,5,-54.788,4.088,4.144,81,72.063,2.924,4.975,82,0.227,-0.435,1.072,83,0.850,-0.498,9.757
30979.79291,3,1.051,-0.474,10.130,4,0.004,0.057,-0.000,5,-54.525,3.544,4.669,81,72.553,2.947,4.860,82,-0.263,-0.312,-1.021,83,0.830,-0.502,9.759
30979.83333,3,0.735,-0.126,9.612,4,-0.009,-0.050,-0.075,5,-53.944,2.813,5.588,81,73.186,2.943,4.929,82,0.209,0.027,0.372,83,0.842,-0.501,9.758
30979.87375,3,0.883,-0.385,9.524,4,0.004,0.028,-0.114,5,-53.588,2.325,6.244,81,73.896,2.880,4.918,82,-0.105,0.365,-0.146,83,0.840,-0.491,9.758
30979.91417,3,0.665,-0.162,9.900,4,0.012,-0.004,-0.099,5,-52.988,1.181,6.788,81,74.773,2.835,4.877,82,0.050,0.098,-0.235,83,0.833,-0.483,9.759
30979.95459,3,0.775,-0.363,7.141,4,0.608,0.285,-0.157,5,-52.556,0.788,7.688,81,75.601,2.751,4.973,82,-0.185,0.307,0.141,83,0.850,-0.469,9.759
30979.99502,3,1.781,-1.582,14.156,4,0.052,-0.008,0.053,5,-52.013,0.000,8.344,81,76.452,2.375,4.920,82,-0.065,0.042,-2.621,83,0.841,-0.405,9.762
30980.03544,3,0.557,-0.445,7.404,4,0.018,-0.222,0.179,5,-51.413,-1.388,9.581,81,77.064,2.094,5.519,82,0.838,-1.226,4.401,83,0.943,-0.356,9.755
30980.07586,3,1.194,-0.636,11.169,4,0.011,0.174,0.177,5,-50.456,-1.688,11.044,81,77.339,2.229,5.053,82,-0.306,-0.065,-2.357,83,0.863,-0.380,9.761
30980.11628,3,0.761,-0.325,8.989,4,0.027,-0.164,0.238,5,-49.369,-1.688,11.888,81,77.513,2.240,5.236,82,0.299,-0.255,1.411,83,0.895,-0.381,9.758
30980.15671,3,1.156,-0.478,10.000,4,0.002,0.144,0.075,5,-48.713,-1.688,13.088,81,77.535,2.257,5.157,82,-0.120,0.059,-0.770,83,0.881,-0.384,9.759
30980.19713,3,0.948,-0.167,9.806,4,-0.002,-0.127,0.002,5,-47.869,-1.388,13.913,81,77.786,2.294,5.109,82,0.283,-0.087,0.240,83,0.873,-0.391,9.760
30980.23755,3,1.043,0.201,9.377,4,0.004,0.047,0.037,5,-47.344,-1.500,15.244,81,78.257,2.233,5.178,82,0.063,0.213,0.047,83,0.885,-0.380,9.759
30980.27797,3,0.991,-0.174,9.976,4,-0.005,-0.056,0.041,5,-46.988,-1.500,15.900,81,78.737,2.201,5.229,82,0.150,0.576,-0.382,83,0.893,-0.375,9.759
30980.31840,3,1.084,-0.112,9.313,4,-0.011,0.009,-0.006,5,-46.556,-1.313,16.744,81,79.111,2.177,5.324,82,0.081,0.197,0.219,83,0.910,-0.371,9.757
30980.35882,3,1.020,0.040,9.979,4,0.001,-0.003,0.069,5,-46.013,-0.900,17.944,81,79.567,2.163,5.269,82,0.184,0.256,-0.445,83,0.900,-0.368,9.758
30980.39924,3,0.957,-0.248,9.380,4,-0.003,-0.013,0.091,5,-45.356,-0.713,18.844,81,79.923,2.098,5.330,82,0.109,0.397,0.221,83,0.911,-0.357,9.758
30980.43966,3,1.111,-0.193,9.789,4,0.006,0.007,0.107,5,-44.944,-0.713,19.613,81,80.258,2.103,5.250,82,0.060,0.110,-0.379,83,0.897,-0.358,9.759
30980.48008,3,0.873,-0.679,9.679,4,-0.007,0.020,0.049,5,-44.156,-0.188,20.925,81,80.243,2.071,5.345,82,0.198,0.160,0.031,83,0.913,-0.353,9.758
30980.52051,3,1.113,-0.428,9.612,4,-0.011,-0.017,0.008,5,-43.369,-0.188,22.388,81,80.367,2.129,5.164,82,-0.009,-0.316,-0.081,83,0.882,-0.363,9.760
30980.56093,3,0.641,-1.022,9.751,4,0.008,0.034,0.034,5,-42.713,-0.188,23.588,81,80.648,2.170,5.331,82,0.202,-0.058,-0.145,83,0.911,-0.370,9.757
30980.60135,3,1.106,-0.627,9.263,4,0.003,-0.107,-0.033,5,-41.813,0.113,25.013,81,80.863,2.345,5.101,82,-0.231,-0.623,-0.009,83,0.872,-0.399,9.760
30980.64177,3,0.974,0.098,10.024,4,0.014,0.063,0.056,5,-40.913,-0.188,26.213,81,81.156,2.379,5.218,82,0.214,-0.222,-0.495,83,0.892,-0.405,9.758
30980.68220,3,0.780,-0.521,9.387,4,-0.001,-0.077,0.013,5,-40.369,0.113,27.000,81,81.520,2.322,5.183,82,0.088,0.493,0.265,83,0.886,-0.395,9.759
30980.72262,3,1.063,-0.529,9.801,4,-0.008,0.091,-0.089,5,-39.356,0.413,28.913,81,81.532,2.357,5.219,82,-0.112,-0.119,-0.371,83,0.892,-0.401,9.758
30980.76304,3,0.859,-0.203,9.782,4,-0.011,-0.059,-0.092,5,-38.869,0.844,29.888,81,81.961,2.385,5.154,82,0.182,-0.123,0.042,83,0.881,-0.406,9.759
30980.80346,3,0.984,-0.289,9.660,4,0.003,0.099,-0.049,5,-38.513,0.900,30.900,81,82.324,2.318,5.190,82,-0.028,0.192,0.023,83,0.887,-0.395,9.758
30980.84388,3,1.123,-0.040,9.643,4,0.001,-0.066,-0.038,5,-37.856,0.900,31.613,81,82.620,2.288,5.126,82,0.108,0.101,-0.100,83,0.876,-0.390,9.760
30980.88431,3,0.979,0.028,9.524,4,0.020,0.091,0.005,5,-36.656,1.069,32.381,81,82.866,2.217,5.161,82,0.241,0.338,-0.117,83,0.882,-0.378,9.760
30980.92473,3,0.821,-0.442,9.732,4,0.003,-0.044,0.019,5,-35.569,1.181,33.225,81,83.001,2.166,5.092,82,0.109,0.397,-0.237,83,0.870,-0.369,9.761
30980.96515,3,1.096,-0.212,9.646,4,0.001,0.072,0.061,5,-34.144,1.800,34.200,81,83.087,2.201,5.023,82,-0.038,-0.067,-0.030,83,0.859,-0.375,9.762
30981.00557,3,0.176,-0.536,9.811,4,0.009,-0.011,0.133,5,-32.569,2.588,35.381,81,83.032,2.187,4.995,82,0.242,0.161,-0.116,83,0.854,-0.373,9.762
30981.04600,3,0.840,-0.756,10.273,4,0.049,-0.140,0.057,5,-31.425,3.544,36.844,81,82.873,2.274,4.807,82,-0.646,-0.148,0.047,83,0.822,-0.388,9.764
30981.08642,3,0.878,0.148,9.595,4,0.098,-0.220,0.040,5,-30.056,4.444,38.213,81,82.596,2.284,4.952,82,-0.006,-0.367,0.511,83,0.846,-0.389,9.762
30981.12684,3,0.902,-0.062,8.750,4,0.022,0.041,0.112,5,-28.913,5.869,39.300,81,82.463,2.045,5.453,82,-0.054,0.496,-0.161,83,0.932,-0.348,9.756
30981.16726,3,0.895,-0.445,9.880,4,-0.024,-0.027,0.115,5,-27.788,7.688,40.500,81,82.160,1.910,5.612,82,-0.057,0.263,-1.004,83,0.959,-0.325,9.754
30981.20769,3,0.909,-0.188,9.727,4,0.039,0.093,0.118,5,-26.588,9.788,40.913,81,81.728,2.016,5.550,82,-0.053,-0.102,0.125,83,0.948,-0.343,9.755
30981.24811,3,0.787,-0.541,8.570,4,-0.100,0.122,0.090,5,-25.613,12.000,41.213,81,81.196,1.978,5.449,82,-0.022,0.149,-0.029,83,0.931,-0.337,9.757
30981.28853,3,1.091,-1.063,10.812,4,-0.077,0.249,-0.008,5,-24.544,14.344,41.400,81,80.620,2.071,5.214,82,-0.104,-0.188,-1.190,83,0.891,-0.353,9.760
30981.32895,3,0.655,-0.672,9.497,4,-0.015,-0.024,0.011,5,-24.056,16.500,41.344,81,80.144,2.365,4.739,82,0.281,-0.660,1.047,83,0.810,-0.403,9.765
30981.36937,3,1.214,-0.203,9.876,4,0.001,0.047,0.103,5,-23.644,18.488,41.288,81,79.642,2.421,4.539,82,-0.121,-0.259,-0.270,83,0.776,-0.413,9.767
30981.40980,3,0.160,-0.212,8.455,4,-0.124,0.260,0.295,5,-23.644,20.588,40.613,81,78.884,2.401,4.569,82,0.433,0.207,0.109,83,0.781,-0.409,9.767
30981.45022,3,0.926,-2.066,13.293,4,0.065,0.012,0.054,5,-24.056,22.313,39.300,81,77.682,2.541,4.170,82,-0.553,0.222,-1.316,83,0.713,-0.433,9.771
30981.49064,3,0.895,0.680,6.774,4,0.001,-0.474,-0.011,5,-24.056,23.888,37.800,81,76.488,2.604,3.844,82,0.269,-1.621,3.518,83,0.657,-0.444,9.775
30981.53106,3,0.871,-0.397,10.676,4,0.004,0.458,0.166,5,-24.356,25.425,36.188,81,75.677,2.486,4.348,82,0.152,1.104,-2.995,83,0.743,-0.424,9.769
30981.57149,3,0.481,-0.454,9.413,4,-0.057,-0.205,0.044,5,-24.788,27.113,34.500,81,74.428,2.585,3.878,82,0.208,0.044,0.902,83,0.663,-0.441,9.774
30981.61191,3,0.902,0.232,10.141,4,0.002,0.088,0.069,5,-25.556,28.388,32.925,81,73.193,2.581,3.881,82,-0.182,-0.014,-0.361,83,0.664,-0.440,9.774
30981.65233,3,0.684,-0.344,9.445,4,-0.044,-0.041,0.210,5,-26.344,29.513,31.425,81,72.009,2.494,3.929,82,0.230,0.658,0.367,83,0.672,-0.426,9.774
30981.69275,3,0.950,-1.003,9.236,4,0.010,0.138,0.060,5,-27.356,30.244,30.000,81,70.513,2.534,3.927,82,0.012,0.089,-0.329,83,0.672,-0.432,9.774
30981.73317,3,0.780,-0.335,10.429,4,0.023,-0.057,0.168,5,-28.256,30.300,28.988,81,69.224,2.576,3.808,82,0.299,-0.563,-0.539,83,0.651,-0.440,9.775
30981.77360,3,0.679,0.160,9.495,4,0.048,-0.079,0.310,5,-29.044,30.544,27.581,81,67.884,2.581,3.708,82,0.146,0.106,0.653,83,0.634,-0.441,9.776
30981.81402,3,0.945,-0.083,9.749,4,0.024,-0.091,0.335,5,-29.888,30.581,26.344,81,66.387,2.433,3.817,82,0.026,0.575,-0.281,83,0.653,-0.415,9.776
30981.85444,3,0.816,-0.016,9.564,4,0.036,-0.090,0.352,5,-30.956,31.088,25.144,81,64.597,2.312,4.157,82,0.234,0.311,-0.024,83,0.711,-0.394,9.773
30981.89486,3,0.917,-0.359,9.823,4,0.029,-0.052,0.345,5,-31.388,31.613,23.700,81,63.060,2.223,4.293,82,0.082,0.363,-0.208,83,0.734,-0.379,9.772
30981.93529,3,0.766,-0.957,9.670,4,0.020,-0.093,0.311,5,-31.669,32.213,22.744,81,61.364,2.206,4.466,82,0.153,0.017,0.053,83,0.764,-0.376,9.770
30981.97571,3,1.079,-0.600,9.476,4,0.001,0.014,0.243,5,-32.213,32.888,21.413,81,59.892,2.346,4.560,82,-0.014,-0.557,-0.097,83,0.780,-0.400,9.767
30982.01613,3,0.615,-0.220,10.177,4,0.019,-0.099,0.378,5,-32.644,33.300,19.988,81,58.678,2.377,4.634,82,0.287,-0.195,-0.290,83,0.792,-0.405,9.766
30982.05655,3,0.706,-0.567,9.916,4,0.152,-0.060,0.468,5,-33.488,33.844,18.713,81,57.257,2.415,4.697,82,-0.188,0.192,0.412,83,0.803,-0.412,9.765
30982.09698,3,0.967,-1.329,9.049,4,0.044,-0.004,0.235,5,-33.788,34.425,17.344,81,55.759,2.343,4.803,82,-0.115,-0.168,0.152,83,0.821,-0.399,9.764
30982.13740,3,0.921,-0.790,9.995,4,-0.006,0.019,0.166,5,-34.013,34.725,15.900,81,54.386,2.217,4.717,82,0.161,-0.951,-0.717,83,0.806,-0.378,9.766
30982.17782,3,0.521,-0.553,9.811,4,0.047,-0.016,0.249,5,-33.844,35.044,15.113,81,53.551,2.297,4.742,82,0.110,-0.399,0.230,83,0.811,-0.392,9.765
30982.21824,3,0.897,-0.490,9.768,4,0.076,0.041,0.218,5,-33.844,35.381,13.744,81,52.569,2.318,4.612,82,-0.267,-0.158,0.044,83,0.788,-0.395,9.767
30982.25866,3,0.823,-0.227,9.662,4,0.040,-0.025,0.183,5,-34.388,35.344,12.788,81,51.619,2.200,4.562,82,0.117,-0.115,-0.000,83,0.780,-0.375,9.768
30982.29909,3,0.778,0.060,10.091,4,0.098,-0.008,0.241,5,-34.725,35.569,12.244,81,50.830,2.068,4.559,82,0.044,0.126,-0.107,83,0.779,-0.353,9.769
30982.33951,3,0.641,-0.200,9.658,4,0.146,0.026,0.313,5,-35.044,35.569,11.400,81,50.102,1.918,4.559,82,-0.001,0.387,0.321,83,0.779,-0.327,9.770
30982.37993,3,0.701,-0.124,9.339,4,0.082,-0.009,0.189,5,-35.213,35.569,11.100,81,49.156,1.676,4.522,82,-0.132,0.086,-0.114,83,0.773,-0.286,9.772
30982.42035,3,0.586,-0.253,9.801,4,0.088,0.050,0.153,5,-35.288,35.700,10.800,81,48.362,1.429,4.444,82,-0.059,0.120,-0.435,83,0.760,-0.244,9.774
30982.46078,3,0.268,-0.656,9.852,4,0.149,0.067,0.255,5,-35.213,35.288,10.388,81,47.831,1.274,4.356,82,-0.159,-0.036,0.025,83,0.745,-0.217,9.776
30982.50120,3,0.584,-0.363,10.058,4,-0.180,-0.345,0.308,5,-35.156,34.988,9.881,81,47.208,1.114,4.091,82,-0.431,-0.466,0.072,83,0.700,-0.190,9.780
30982.54162,3,0.909,0.105,9.140,4,-0.291,-0.490,0.272,5,-35.288,34.144,9.581,81,46.343,1.260,4.468,82,-0.180,-0.148,0.283,83,0.764,-0.215,9.774
30982.58204,3,1.769,-1.515,10.762,4,0.069,0.214,0.222,5,-34.988,33.544,9.413,81,45.700,1.911,5.410,82,-0.016,0.430,-0.618,83,0.925,-0.325,9.758
30982.62246,3,1.499,-0.330,8.386,4,0.103,0.011,0.224,5,-34.256,32.925,10.013,81,45.092,2.297,6.146,82,0.719,-1.124,1.020,83,1.050,-0.391,9.742
30982.66289,3,1.693,-1.005,10.232,4,0.189,0.210,0.186,5,-33.544,32.344,10.200,81,44.755,2.028,5.866,82,0.497,0.015,-1.363,83,1.002,-0.345,9.749
30982.70331,3,1.032,-0.193,9.495,4,0.037,0.015,0.121,5,-32.456,32.213,10.613,81,44.309,1.712,5.579,82,0.740,-0.713,0.476,83,0.953,-0.292,9.756
30982.74373,3,0.572,0.208,10.185,4,-0.104,-0.110,0.184,5,-32.044,31.800,10.388,81,44.079,1.550,5.374,82,0.114,0.071,-0.265,83,0.918,-0.264,9.760
30982.78415,3,0.675,0.134,9.155,4,0.004,-0.021,0.312,5,-31.613,31.613,10.200,81,43.744,1.760,5.505,82,-0.369,0.508,0.428,83,0.941,-0.300,9.757
30982.82458,3,0.469,-0.186,9.586,4,0.142,0.229,0.418,5,-31.256,31.669,10.388,81,43.311,1.895,5.609,82,-0.283,0.457,-0.599,83,0.958,-0.323,9.754
30982.86500,3,0.941,-0.428,9.734,4,0.118,0.121,0.398,5,-30.956,31.500,10.800,81,42.571,1.755,5.277,82,-0.433,0.113,-0.174,83,0.902,-0.299,9.761
30982.90542,3,0.567,-0.047,9.969,4,0.090,0.138,0.427,5,-30.056,31.388,11.044,81,41.702,1.547,4.715,82,0.135,-0.164,-0.036,83,0.806,-0.264,9.770
30982.94584,3,1.228,0.225,9.627,4,-0.187,-0.186,0.389,5,-29.813,31.200,11.288,81,40.897,1.374,4.361,82,-0.179,0.187,0.194,83,0.746,-0.234,9.775
30982.98626,3,0.902,0.809,8.985,4,-0.133,-0.048,0.468,5,-28.913,30.844,11.588,81,39.972,1.589,4.688,82,0.427,0.496,-0.143,83,0.801,-0.271,9.770
30983.02669,3,1.293,0.194,10.297,4,-0.025,0.007,0.498,5,-28.013,30.488,11.813,81,39.338,1.955,4.907,82,0.063,1.142,-0.780,83,0.839,-0.333,9.765
30983.06711,3,0.991,0.404,9.234,4,-0.009,0.018,0.524,5,-26.888,30.300,12.169,81,38.340,2.157,4.954,82,0.446,0.562,0.534,83,0.847,-0.368,9.763
30983.10753,3,1.070,0.201,10.055,4,-0.023,0.017,0.552,5,-24.956,30.000,13.444,81,37.179,2.202,4.789,82,0.172,0.779,-0.531,83,0.819,-0.375,9.765
30983.14795,3,1.103,-0.162,9.504,4,-0.020,-0.046,0.521,5,-24.244,29.925,13.744,81,36.213,2.291,4.838,82,0.243,0.592,0.291,83,0.827,-0.391,9.764
30983.18838,3,0.778,0.096,9.679,4,0.048,0.050,0.542,5,-22.688,29.644,14.813,81,35.104,2.391,4.842,82,0.275,0.246,-0.259,83,0.828,-0.408,9.763
30983.22880,3,0.893,0.007,9.715,4,0.053,0.044,0.634,5,-21.544,29.644,16.688,81,33.871,2.397,4.748,82,-0.034,0.505,-0.085,83,0.812,-0.409,9.764
30983.26922,3,0.845,-0.739,9.732,4,0.022,0.017,0.614,5,-20.269,29.925,18.244,81,32.619,2.318,4.654,82,0.097,0.402,-0.051,83,0.796,-0.395,9.766
30983.30964,3,0.893,0.797,9.409,4,0.037,0.043,0.657,5,-18.769,30.713,19.988,81,31.260,2.421,4.530,82,0.070,-0.326,-0.035,83,0.775,-0.413,9.767
30983.35007,3,1.096,-0.174,10.465,4,0.086,-0.044,0.780,5,-17.944,31.613,21.600,81,29.888,2.365,4.458,82,0.131,1.200,-0.360,83,0.762,-0.403,9.769
30983.39049,3,1.070,0.402,9.004,4,0.136,0.134,0.781,5,-16.744,32.644,22.500,81,28.365,2.286,4.272,82,0.366,0.216,0.693,83,0.730,-0.390,9.772
30983.43091,3,0.905,-0.303,10.180,4,0.005,0.015,0.733,5,-15.413,33.881,23.588,81,26.607,2.107,3.921,82,0.399,0.762,-0.773,83,0.671,-0.360,9.777
30983.47133,3,0.845,-0.021,8.082,4,-0.059,0.033,0.847,5,-13.988,35.044,24.413,81,24.670,2.084,3.817,82,0.252,0.053,0.402,83,0.653,-0.356,9.778
30983.51175,3,0.586,-4.550,14.065,4,0.032,-0.552,0.491,5,-12.356,36.788,25.144,81,23.117,2.293,3.763,82,0.201,0.370,-1.696,83,0.644,-0.391,9.778
30983.55218,3,-0.227,1.348,6.891,4,0.095,0.036,0.597,5,-10.613,38.344,25.988,81,21.122,2.534,4.146,82,-0.123,-4.118,4.294,83,0.709,-0.432,9.771
30983.59260,3,1.554,0.397,9.686,4,0.095,0.189,0.845,5,-8.288,40.200,26.888,81,20.001,2.692,4.349,82,-0.971,1.807,-2.877,83,0.744,-0.459,9.768
30983.63302,3,2.346,-2.478,9.821,4,0.092,-0.202,0.675,5,-7.556,40.725,27.000,81,17.955,2.473,5.064,82,0.688,0.818,-0.073,83,0.866,-0.421,9.759
30983.67344,3,0.902,-0.222,10.096,4,0.284,0.261,0.560,5,-5.813,41.644,26.888,81,16.167,2.501,4.575,82,1.564,-2.051,0.055,83,0.782,-0.427,9.766
30983.71387,3,1.166,-0.239,10.209,4,0.213,-0.189,0.602,5,-4.256,42.188,26.813,81,14.675,2.428,4.371,82,0.155,0.192,0.327,83,0.747,-0.414,9.769
30983.75429,3,1.020,0.227,8.934,4,0.080,0.080,0.567,5,-2.513,42.600,26.400,81,13.063,2.211,4.286,82,0.433,0.138,0.437,83,0.733,-0.377,9.772
30983.79471,3,1.228,-0.356,10.774,4,-0.045,-0.076,0.453,5,-1.069,43.013,26.044,81,11.507,2.102,3.991,82,0.337,0.586,-0.842,83,0.683,-0.359,9.776
30983.83513,3,1.036,0.292,8.415,4,-0.047,-0.070,0.533,5,0.413,43.144,26.044,81,9.995,2.206,4.197,82,0.510,0.020,1.001,83,0.718,-0.376,9.773
30983.87555,3,1.135,-0.646,10.798,4,-0.138,-0.129,0.540,5,1.913,43.369,25.988,81,8.591,2.335,4.210,82,0.316,0.690,-1.357,83,0.720,-0.398,9.772
30983.91598,3,1.108,-0.251,8.661,4,-0.044,-0.091,0.556,5,3.413,43.744,25.388,81,6.998,2.646,4.640,82,0.342,-0.195,1.034,83,0.793,-0.451,9.764
30983.95640,3,1.532,-0.270,10.340,4,0.069,0.062,0.539,5,4.856,43.988,25.013,81,5.400,2.915,4.738,82,0.298,0.246,-1.099,83,0.810,-0.497,9.760
30983.99682,3,0.885,-0.143,9.083,4,0.214,0.089,0.646,5,6.244,43.988,24.488,81,3.819,2.934,4.838,82,0.705,0.230,0.581,83,0.827,-0.500,9.759
30984.03724,3,1.266,-0.074,10.027,4,0.246,0.272,0.621,5,7.556,43.744,23.588,81,1.953,2.663,4.512,82,0.114,0.311,-0.683,83,0.771,-0.454,9.766
30984.07767,3,0.993,0.848,9.183,4,0.173,0.227,0.744,5,9.788,43.369,23.400,81,0.174,2.240,4.044,82,0.574,0.308,0.252,83,0.692,-0.382,9.775
30984.11809,3,1.161,0.570,8.978,4,0.153,0.331,0.761,5,10.444,43.144,23.044,81,358.440,1.812,3.577,82,0.381,1.157,-0.600,83,0.612,-0.309,9.783
30984.15851,3,1.103,0.630,9.164,4,0.061,0.376,0.789,5,11.888,42.900,22.500,81,356.109,1.444,2.850,82,0.673,0.817,-0.813,83,0.488,-0.247,9.791
30984.19893,3,0.881,0.129,9.782,4,-0.068,0.233,0.761,5,13.556,42.788,21.900,81,354.213,1.241,2.220,82,0.723,0.842,-0.633,83,0.380,-0.212,9.797
30984.23936,3,0.687,-0.557,10.728,4,-0.166,-0.124,0.604,5,15.113,42.113,21.244,81,352.044,1.250,1.783,82,0.576,0.343,-0.018,83,0.305,-0.214,9.800
30984.27978,3,1.151,-1.039,10.254,4,-0.145,-0.197,0.607,5,16.613,41.044,20.925,81,350.040,1.642,1.589,82,0.415,-0.276,0.929,83,0.272,-0.281,9.799
30984.32020,3,0.754,-0.567,10.182,4,0.120,0.058,0.615,5,18.356,39.581,20.813,81,348.219,2.199,1.860,82,0.833,-0.663,0.460,83,0.318,-0.376,9.794
30984.36062,3,0.452,-0.838,9.545,4,0.125,0.024,0.405,5,19.913,37.688,21.244,81,346.147,2.187,1.869,82,0.434,-0.193,0.388,83,0.320,-0.374,9.794
30984.40104,3,0.699,-0.579,9.571,4,0.103,0.012,0.353,5,21.244,36.000,22.013,81,344.659,1.930,1.828,82,0.139,-0.508,-0.251,83,0.313,-0.330,9.796
30984.44147,3,0.780,-0.356,9.344,4,0.031,0.015,0.357,5,22.313,34.388,22.913,81,343.327,1.739,1.822,82,0.387,-0.282,-0.226,83,0.312,-0.297,9.797
30984.48189,3,0.948,-0.071,10.022,4,0.063,-0.002,0.422,5,23.156,32.700,24.113,81,341.937,1.649,1.849,82,0.464,-0.074,-0.454,83,0.316,-0.282,9.797
30984.52231,3,1.259,-0.141,9.548,4,0.094,0.028,0.472,5,24.113,31.144,27.188,81,340.672,1.590,1.950,82,0.614,0.201,0.225,83,0.334,-0.272,9.797
30984.56273,3,0.979,0.091,9.571,4,0.073,-0.004,0.518,5,24.844,29.813,29.213,81,338.899,1.439,2.041,82,0.910,0.105,-0.249,83,0.349,-0.246,9.797
30984.60316,3,0.572,0.234,9.363,4,0.010,0.000,0.565,5,25.613,29.344,31.500,81,337.260,1.280,2.108,82,0.618,0.310,-0.227,83,0.361,-0.219,9.798
30984.64358,3,0.497,0.146,9.389,4,-0.059,0.005,0.621,5,26.588,29.513,34.425,81,335.365,1.175,2.083,82,0.215,0.435,-0.435,83,0.356,-0.201,9.798
30984.68400,3,0.581,-0.081,9.536,4,-0.103,0.006,0.509,5,28.144,29.513,36.788,81,333.706,1.258,2.063,82,0.144,0.361,-0.409,83,0.353,-0.215,9.798
30984.72442,3,1.003,0.026,10.182,4,-0.086,-0.059,0.397,5,29.456,30.000,39.713,81,331.727,1.525,2.016,82,0.236,0.180,-0.261,83,0.345,-0.261,9.797
30984.76484,3,1.075,0.074,10.041,4,0.082,0.019,0.439,5,30.956,30.713,43.013,81,330.382,1.782,2.178,82,0.630,0.331,0.387,83,0.373,-0.305,9.795
30984.80527,3,1.101,-0.210,9.133,4,0.029,-0.005,0.317,5,32.813,31.313,45.525,81,328.734,1.718,2.167,82,0.704,0.368,0.246,83,0.371,-0.294,9.795
30984.84569,3,1.046,-0.471,9.586,4,-0.030,0.030,0.323,5,34.313,32.813,47.869,81,327.458,1.635,2.138,82,0.735,0.070,-0.663,83,0.366,-0.280,9.796
30984.88611,3,1.118,-0.054,9.636,4,-0.039,0.036,0.380,5,36.188,34.913,49.988,81,326.328,1.695,2.192,82,0.671,-0.181,-0.209,83,0.375,-0.290,9.795
30984.92653,3,0.610,-0.212,9.684,4,-0.020,0.035,0.374,5,37.913,37.425,50.813,81,324.991,1.829,2.266,82,0.730,0.259,-0.158,83,0.388,-0.313,9.794
30984.96696,3,1.158,-0.533,9.883,4,-0.005,0.023,0.288,5,39.544,40.313,51.244,81,323.822,1.903,2.189,82,0.236,0.114,-0.110,83,0.375,-0.325,9.794
30985.00738,3,1.254,-0.282,9.691,4,0.054,0.033,0.208,5,41.044,43.144,50.944,81,322.661,2.026,2.256,82,0.772,-0.187,0.090,83,0.386,-0.346,9.793
30985.04780,3,0.950,-0.447,9.514,4,0.014,0.010,0.119,5,42.188,45.713,49.988,81,321.889,1.996,2.389,82,0.845,0.059,-0.101,83,0.409,-0.341,9.792
30985.08822,3,1.276,-0.301,9.591,4,-0.035,0.007,0.062,5,42.956,47.588,48.525,81,321.419,1.957,2.389,82,0.541,-0.112,-0.278,83,0.409,-0.335,9.792
30985.12865,3,0.711,-0.033,9.912,4,0.015,0.017,0.131,5,43.088,49.144,46.444,81,321.137,2.059,2.500,82,0.848,0.051,-0.200,83,0.428,-0.352,9.791
30985.16907,3,1.158,-0.023,9.593,4,0.006,0.002,0.135,5,42.788,50.025,44.644,81,320.894,2.051,2.491,82,0.285,0.318,0.121,83,0.426,-0.351,9.791
30985.20949,3,1.008,0.103,9.694,4,0.039,0.031,0.249,5,42.056,50.644,42.713,81,320.670,2.011,2.522,82,0.727,0.321,-0.198,83,0.431,-0.344,9.791
30985.24991,3,0.988,0.187,9.246,4,-0.035,0.008,0.208,5,41.344,51.188,40.613,81,320.279,1.943,2.546,82,0.572,0.435,-0.097,83,0.436,-0.332,9.791
30985.29033,3,1.101,-0.200,9.425,4,-0.122,0.019,0.182,5,40.613,51.244,38.869,81,319.994,1.939,2.478,82,0.564,0.519,-0.546,83,0.424,-0.332,9.792
30985.33076,3,0.950,-0.658,10.027,4,-0.123,-0.081,0.122,5,40.013,51.413,37.144,81,319.772,2.132,2.511,82,0.671,0.164,-0.366,83,0.430,-0.364,9.790
30985.37118,3,1.295,-0.490,10.316,4,0.067,0.051,0.041,5,39.713,51.188,35.288,81,319.696,2.526,2.644,82,0.498,-0.226,0.240,83,0.452,-0.432,9.787
30985.41160,3,0.708,0.026,9.104,4,0.004,-0.043,-0.003,5,39.413,50.869,34.144,81,319.766,2.535,2.668,82,0.839,-0.057,0.530,83,0.456,-0.433,9.786
30985.45202,3,0.624,-0.059,9.411,4,0.068,0.158,0.131,5,38.644,50.588,33.225,81,320.005,2.443,2.651,82,0.254,0.444,-0.683,83,0.454,-0.418,9.787
30985.49245,3,0.581,-0.402,10.692,4,0.068,0.005,0.101,5,38.213,50.025,31.988,81,320.089,2.366,2.463,82,0.203,0.346,-0.378,83,0.421,-0.404,9.789
30985.53287,3,0.517,-0.615,10.228,4,-0.016,-0.234,0.046,5,37.425,49.913,31.388,81,320.058,2.332,2.399,82,0.170,-0.003,0.902,83,0.410,-0.399,9.790
30985.57329,3,0.921,-0.208,8.465,4,0.144,0.083,0.089,5,36.788,49.613,30.488,81,320.124,2.552,2.757,82,0.045,-0.179,0.442,83,0.472,-0.436,9.786
30985.61371,3,1.226,-0.124,10.103,4,-0.094,0.048,-0.008,5,36.225,49.369,29.700,81,320.182,2.345,2.695,82,0.460,0.193,-1.323,83,0.461,-0.401,9.788
30985.65413,3,0.878,-0.006,9.370,4,0.060,0.015,0.037,5,35.644,49.369,28.913,81,320.360,2.361,2.860,82,0.737,0.280,0.317,83,0.489,-0.404,9.786
30985.69456,3,1.048,-0.272,10.175,4,0.011,-0.024,0.026,5,34.913,49.200,28.013,81,320.693,2.438,2.878,82,0.386,0.411,-0.415,83,0.492,-0.417,9.785
30985.73498,3,1.429,-0.083,9.373,4,0.016,0.012,0.065,5,34.144,49.013,27.413,81,321.039,2.447,2.922,82,0.548,0.146,0.390,83,0.500,-0.418,9.785
30985.77540,3,1.036,-0.138,9.430,4,0.001,0.012,0.005,5,33.488,48.713,26.588,81,321.062,2.418,3.002,82,0.916,0.330,-0.411,83,0.514,-0.413,9.784
30985.81582,3,0.804,-0.507,9.794,4,-0.005,0.002,-0.054,5,32.888,48.244,26.400,81,321.307,2.388,2.985,82,0.525,0.270,-0.355,83,0.511,-0.408,9.785
30985.85625,3,0.735,-0.315,9.856,4,0.008,0.032,-0.168,5,32.456,48.000,25.988,81,321.653,2.469,3.032,82,0.285,-0.085,0.010,83,0.519,-0.422,9.784
30985.89667,3,0.936,-0.280,9.495,4,-0.009,0.003,-0.157,5,31.669,47.700,25.388,81,322.273,2.438,3.056,82,0.212,0.102,0.072,83,0.523,-0.417,9.784
30985.93709,3,1.408,-0.354,9.811,4,0.004,0.010,-0.122,5,30.656,47.700,25.013,81,322.872,2.400,3.096,82,0.406,0.130,-0.289,83,0.530,-0.410,9.784
30985.97751,3,1.293,-0.296,9.449,4,0.019,-0.016,-0.091,5,29.344,47.025,24.413,81,323.494,2.405,3.257,82,0.851,0.057,0.029,83,0.557,-0.411,9.782
30986.01794,3,1.259,-0.035,9.713,4,0.014,0.039,-0.046,5,29.156,46.744,24.113,81,324.010,2.390,3.363,82,0.718,0.112,-0.332,83,0.575,-0.408,9.781
30986.05836,3,1.199,-0.011,9.634,4,0.004,0.030,-0.025,5,28.313,46.500,23.888,81,324.381,2.329,3.472,82,0.665,0.363,-0.068,83,0.594,-0.398,9.781
30986.09878,3,1.158,0.019,9.466,4,-0.011,0.030,0.059,5,28.313,46.088,23.813,81,324.742,2.278,3.456,82,0.608,0.378,-0.147,83,0.591,-0.389,9.781
30986.13920,3,1.194,-0.433,9.974,4,-0.004,0.082,0.042,5,28.144,45.713,23.400,81,324.947,2.274,3.436,82,0.570,0.407,-0.315,83,0.588,-0.388,9.781
30986.17962,3,1.127,-0.572,9.835,4,0.022,0.036,0.053,5,27.488,45.413,23.100,81,325.039,2.347,3.403,82,0.612,-0.032,0.193,83,0.582,-0.401,9.781
30986.22005,3,1.084,-0.406,9.492,4,0.025,-0.013,0.087,5,27.656,45.113,22.800,81,325.150,2.325,3.423,82,0.542,-0.175,0.054,83,0.585,-0.397,9.781
30986.26047,3,0.921,-0.040,9.447,4,-0.011,0.080,0.074,5,27.713,45.000,22.500,81,325.197,2.287,3.483,82,0.488,-0.015,-0.289,83,0.596,-0.391,9.781
30986.30089,3,0.941,0.335,9.727,4,-0.019,0.068,-0.003,5,27.488,44.944,22.500,81,325.201,2.266,3.354,82,0.347,0.347,-0.335,83,0.574,-0.387,9.782
30986.34131,3,0.670,0.443,9.607,4,-0.027,0.018,-0.079,5,27.488,44.869,22.613,81,325.364,2.203,3.251,82,0.385,0.711,-0.057,83,0.556,-0.376,9.784
30986.38174,3,0.744,0.311,9.823,4,0.002,0.053,-0.042,5,27.113,44.700,22.613,81,325.717,2.170,3.080,82,0.143,0.814,-0.178,83,0.527,-0.371,9.785
30986.42216,3,0.775,0.052,9.833,4,0.010,0.097,-0.048,5,26.588,44.344,22.688,81,326.053,2.099,3.015,82,0.228,0.670,0.037,83,0.516,-0.359,9.787
30986.46258,3,1.053,-0.239,9.789,4,-0.003,0.031,-0.044,5,26.344,44.213,22.088,81,326.425,2.049,2.921,82,0.275,0.402,0.045,83,0.500,-0.350,9.788
30986.50300,3,1.010,-0.181,9.646,4,0.015,0.025,-0.024,5,26.156,43.988,21.713,81,326.702,1.974,3.001,82,0.540,0.098,0.002,83,0.513,-0.337,9.787
30986.54342,3,0.727,-0.423,9.703,4,0.041,0.062,-0.037,5,26.044,43.613,21.188,81,326.963,1.902,3.023,82,0.493,0.144,-0.142,83,0.517,-0.325,9.788
30986.58385,3,0.833,-0.521,9.603,4,0.019,-0.025,-0.096,5,25.988,43.500,20.925,81,327.169,1.832,2.967,82,0.220,-0.110,-0.085,83,0.507,-0.313,9.789
30986.62427,3,0.830,-0.086,9.595,4,0.010,0.056,-0.022,5,25.856,43.200,21.000,81,327.457,1.797,2.983,82,0.323,-0.214,-0.186,83,0.510,-0.307,9.789
30986.66469,3,0.780,-0.198,9.631,4,-0.029,0.014,-0.047,5,25.613,43.088,21.113,81,327.730,1.744,2.991,82,0.318,0.212,-0.194,83,0.512,-0.298,9.789
30986.70511,3,0.921,-0.284,10.024,4,0.019,0.008,0.016,5,25.088,43.500,21.300,81,327.893,1.772,2.952,82,0.275,0.105,-0.158,83,0.505,-0.303,9.789
30986.74554,3,0.608,-0.258,9.751,4,0.064,0.043,0.033,5,24.956,43.613,21.113,81,328.079,1.776,2.996,82,0.409,0.020,0.236,83,0.512,-0.304,9.789
30986.78596,3,0.658,-0.397,9.334,4,0.021,0.018,-0.060,5,24.488,43.988,20.813,81,328.144,1.657,2.939,82,0.105,0.025,-0.039,83,0.503,-0.283,9.790
30986.82638,3,0.545,-0.117,9.468,4,-0.028,-0.019,-0.061,5,24.356,44.044,20.400,81,328.334,1.552,2.896,82,0.163,-0.132,-0.456,83,0.495,-0.265,9.791
30986.86680,3,0.713,0.151,9.897,4,-0.023,-0.046,-0.009,5,24.244,44.100,19.988,81,328.669,1.556,2.924,82,0.045,0.149,-0.322,83,0.500,-0.266,9.790
30986.90723,3,0.818,-0.054,9.933,4,0.041,0.006,0.053,5,23.813,44.644,19.313,81,328.912,1.606,3.003,82,0.199,0.426,0.108,83,0.514,-0.275,9.789
30986.94765,3,0.730,-0.299,9.430,4,0.022,-0.005,0.049,5,23.644,44.944,18.600,81,329.036,1.561,3.080,82,0.291,0.213,0.144,83,0.527,-0.267,9.789
30986.98807,3,0.684,-0.004,9.382,4,-0.030,-0.008,0.021,5,23.513,45.600,17.813,81,329.085,1.477,3.092,82,0.201,-0.047,-0.359,83,0.529,-0.252,9.789
30987.02849,3,0.641,0.309,9.607,4,-0.071,-0.043,0.059,5,23.213,46.013,16.688,81,329.219,1.474,3.118,82,0.151,0.248,-0.407,83,0.533,-0.252,9.789
30987.06891,3,0.694,0.107,9.842,4,-0.059,-0.027,0.027,5,22.425,46.313,15.413,81,329.337,1.586,3.191,82,0.095,0.580,-0.181,83,0.546,-0.271,9.788
30987.10934,3,0.770,-0.179,9.651,4,-0.015,-0.040,0.002,5,21.713,46.444,13.444,81,329.477,1.677,3.260,82,0.136,0.394,0.055,83,0.558,-0.287,9.787
30987.14976,3,0.749,-0.167,9.706,4,-0.069,-0.046,-0.013,5,20.813,46.500,11.644,81,329.731,1.769,3.371,82,0.193,0.123,-0.134,83,0.577,-0.302,9.785
30987.19018,3,0.893,-0.155,9.583,4,-0.058,-0.030,0.023,5,19.913,46.200,9.844,81,330.049,1.896,3.525,82,0.146,0.157,-0.077,83,0.603,-0.324,9.783
30987.23060,3,0.735,-0.629,9.500,4,-0.073,-0.025,-0.009,5,18.956,45.413,7.988,81,330.340,2.000,3.692,82,0.262,0.187,-0.197,83,0.631,-0.342,9.780
30987.27103,3,0.960,-0.500,10.307,4,-0.065,-0.118,-0.156,5,18.056,44.213,6.300,81,330.602,2.160,3.750,82,0.094,-0.260,-0.279,83,0.641,-0.369,9.779
30987.31145,3,1.055,-0.311,9.627,4,0.022,-0.054,-0.138,5,17.269,42.713,4.313,81,331.155,2.352,3.980,82,0.279,-0.098,0.532,83,0.681,-0.402,9.775
30987.35187,3,1.261,-0.406,9.689,4,0.053,-0.034,-0.061,5,16.256,41.288,2.588,81,331.774,2.367,4.228,82,0.332,0.093,-0.145,83,0.723,-0.404,9.772
30987.39229,3,1.065,-0.145,9.351,4,0.020,-0.026,-0.054,5,15.713,39.300,1.500,81,332.192,2.255,4.437,82,0.502,-0.021,-0.081,83,0.759,-0.385,9.770
30987.43272,3,0.823,0.026,9.219,4,0.015,0.078,-0.043,5,15.113,37.688,1.013,81,332.514,2.164,4.506,82,0.295,0.224,-0.418,83,0.770,-0.369,9.769
30987.47314,3,1.075,-0.423,10.817,4,-0.076,-0.149,-0.169,5,14.344,35.700,1.181,81,332.777,2.110,4.476,82,0.058,0.386,-0.551,83,0.765,-0.360,9.770
30987.51356,3,1.079,-0.145,9.751,4,-0.071,-0.172,-0.135,5,14.213,33.881,1.688,81,333.072,2.165,4.372,82,0.328,-0.054,1.046,83,0.747,-0.369,9.771
30987.55398,3,1.077,-0.093,9.936,4,0.015,-0.059,-0.142,5,14.213,32.644,2.588,81,333.568,2.274,4.638,82,0.286,0.243,-0.016,83,0.793,-0.388,9.767
30987.59440,3,1.360,-0.181,9.595,4,0.030,-0.087,-0.119,5,14.588,31.500,3.300,81,333.951,2.232,4.835,82,0.251,0.288,0.172,83,0.826,-0.381,9.764
30987.63483,3,0.809,-0.078,8.410,4,0.519,-0.342,-0.194,5,14.588,31.013,3.844,81,334.272,2.149,5.112,82,0.486,0.185,-0.166,83,0.874,-0.366,9.761
30987.67525,3,1.032,-0.299,11.004,4,0.130,0.003,-0.070,5,14.813,30.488,4.500,81,334.645,1.827,5.282,82,-0.094,0.233,-1.350,83,0.903,-0.311,9.760
30987.71567,3,1.087,-0.509,9.380,4,-0.112,-0.088,-0.030,5,14.756,29.888,4.669,81,334.776,1.975,5.317,82,0.123,0.038,1.245,83,0.909,-0.337,9.759
30987.75609,3,0.912,-0.332,9.229,4,-0.007,0.039,0.005,5,14.644,28.988,4.913,81,334.843,2.220,5.424,82,0.160,-0.131,-0.375,83,0.927,-0.378,9.755
30987.79652,3,1.415,-0.373,8.999,4,0.023,0.238,0.030,5,15.113,27.544,5.513,81,334.872,2.285,5.340,82,-0.001,0.057,-0.527,83,0.913,-0.389,9.756
30987.83694,3,0.826,-0.550,11.066,4,-0.106,-0.115,0.010,5,15.244,25.913,6.413,81,334.806,2.332,5.319,82,0.506,0.024,-0.757,83,0.909,-0.397,9.756
30987.87736,3,0.897,-0.471,9.586,4,0.040,0.000,-0.026,5,16.013,23.925,7.988,81,334.567,2.364,4.990,82,-0.027,-0.147,1.305,83,0.853,-0.403,9.761
30987.91778,3,0.869,-0.256,9.686,4,-0.006,-0.014,-0.068,5,16.613,22.313,10.013,81,334.481,2.462,5.008,82,0.041,-0.051,-0.174,83,0.856,-0.420,9.760
30987.95820,3,1.257,-0.200,9.533,4,-0.012,-0.034,-0.125,5,17.588,20.925,12.113,81,334.447,2.347,5.015,82,0.012,0.144,-0.075,83,0.857,-0.400,9.761
30987.99863,3,1.190,0.064,9.701,4,-0.004,-0.015,-0.114,5,18.356,19.781,14.288,81,334.495,2.341,5.151,82,0.377,0.199,-0.226,83,0.880,-0.399,9.759
30988.03905,3,1.005,-0.102,9.651,4,-0.005,-0.020,-0.078,5,19.144,19.181,16.613,81,334.553,2.275,5.294,82,0.285,0.452,-0.056,83,0.905,-0.388,9.757
30988.07947,3,0.756,-0.421,9.598,4,-0.029,-0.037,-0.035,5,20.156,18.844,19.144,81,334.480,2.227,5.348,82,0.091,0.278,-0.106,83,0.914,-0.380,9.757
30988.11989,3,0.984,-0.593,9.967,4,-0.005,-0.023,-0.013,5,20.513,18.713,21.900,81,334.308,2.256,5.364,82,-0.161,-0.037,-0.158,83,0.917,-0.384,9.756
30988.16032,3,0.936,-0.538,9.598,4,0.034,-0.052,0.061,5,21.956,18.900,24.600,81,334.059,2.300,5.452,82,0.052,-0.201,0.213,83,0.932,-0.392,9.754
30988.20074,3,1.192,-0.794,9.732,4,0.036,-0.041,0.078,5,23.213,19.313,27.113,81,333.630,2.245,5.483,82,-0.001,-0.156,-0.156,83,0.937,-0.382,9.754
30988.24116,3,1.075,-0.459,9.536,4,0.015,0.015,0.057,5,24.356,19.744,29.344,81,333.102,2.306,5.584,82,0.238,-0.401,-0.020,83,0.954,-0.393,9.752
30988.28158,3,0.787,-0.179,9.739,4,0.032,-0.006,0.053,5,26.044,20.400,31.388,81,332.541,2.261,5.593,82,0.119,-0.074,-0.216,83,0.956,-0.385,9.752
30988.32201,3,0.861,-0.354,9.662,4,0.013,-0.032,-0.010,5,26.888,21.000,33.113,81,331.954,2.180,5.557,82,-0.162,0.193,-0.014,83,0.949,-0.371,9.754
30988.36243,3,0.938,-0.057,9.856,4,0.020,-0.008,-0.059,5,27.413,22.013,35.081,81,331.177,2.155,5.550,82,-0.087,0.013,-0.092,83,0.948,-0.367,9.754
30988.40285,3,1.077,0.019,9.452,4,0.002,-0.037,-0.047,5,28.144,22.744,36.188,81,330.789,2.066,5.574,82,-0.014,0.295,0.102,83,0.952,-0.352,9.754
30988.44327,3,1.015,-0.354,10.019,4,0.020,-0.043,-0.014,5,28.688,23.644,37.500,81,330.429,1.999,5.649,82,0.112,0.360,-0.301,83,0.965,-0.341,9.753
30988.48369,3,1.118,-0.268,9.368,4,0.064,0.033,0.007,5,29.756,24.413,38.925,81,330.024,1.989,5.726,82,0.037,-0.015,0.267,83,0.978,-0.339,9.752
30988.52412,3,0.943,-0.593,9.629,4,-0.018,-0.035,-0.078,5,30.656,25.200,40.144,81,329.531,1.869,5.743,82,0.137,0.050,-0.384,83,0.981,-0.318,9.752
30988.56454,3,1.015,-0.344,9.849,4,0.013,-0.014,-0.039,5,31.144,26.644,41.813,81,329.072,1.848,5.713,82,-0.033,-0.278,-0.124,83,0.976,-0.315,9.753
30988.60496,3,1.043,-0.294,9.780,4,0.046,0.005,-0.014,5,31.988,28.088,42.900,81,328.759,1.868,5.788,82,0.026,-0.026,0.098,83,0.989,-0.318,9.751
30988.64538,3,1.223,-0.359,9.404,4,0.020,0.008,-0.021,5,32.344,30.169,44.344,81,328.314,1.785,5.796,82,0.053,0.010,0.028,83,0.990,-0.304,9.752
30988.68581,3,1.111,-0.287,9.286,4,-0.060,-0.016,-0.037,5,32.513,32.700,45.525,81,327.913,1.702,5.804,82,0.231,-0.069,-0.348,83,0.992,-0.290,9.752
30988.72623,3,1.233,-0.380,10.314,4,-0.018,0.072,-0.006,5,33.056,35.213,46.200,81,327.643,1.765,5.813,82,0.118,0.014,-0.466,83,0.993,-0.301,9.752
30988.76665,3,1.065,-0.363,9.447,4,0.028,-0.024,0.035,5,33.356,37.688,46.913,81,327.376,1.824,5.787,82,0.244,-0.069,0.562,83,0.989,-0.311,9.752
30988.80707,3,1.221,-0.399,9.811,4,0.042,0.015,0.030,5,33.225,40.500,46.688,81,327.138,1.804,5.760,82,0.081,-0.056,-0.305,83,0.984,-0.307,9.752
30988.84750,3,0.955,-0.035,9.418,4,0.014,0.014,0.012,5,32.756,44.644,45.000,81,326.940,1.767,5.787,82,0.232,-0.098,0.059,83,0.989,-0.301,9.752
30988.88792,3,1.211,0.515,9.936,4,-0.031,-0.127,0.014,5,32.288,46.013,44.213,81,326.928,1.674,5.767,82,-0.030,0.250,-0.335,83,0.985,-0.285,9.753
30988.92834,3,0.988,0.359,10.022,4,0.114,0.166,0.116,5,31.313,48.600,41.644,81,327.063,1.630,5.786,82,0.222,0.793,0.183,83,0.989,-0.278,9.753
30988.96876,3,0.988,-0.524,9.183,4,-0.026,0.040,0.064,5,30.544,50.344,38.344,81,327.131,1.448,5.777,82,0.001,0.606,0.268,83,0.987,-0.247,9.754
30989.00918,3,0.986,-0.167,9.540,4,-0.111,-0.090,-0.044,5,29.588,51.488,34.988,81,327.265,1.375,5.727,82,0.010,-0.290,-0.572,83,0.979,-0.234,9.755
30989.04961,3,1.211,-0.272,9.801,4,-0.131,0.075,-0.160,5,28.744,51.844,30.900,81,327.668,1.508,5.669,82,0.017,0.090,-0.215,83,0.969,-0.257,9.755
30989.09003,3,1.216,-0.136,9.698,4,-0.025,0.029,-0.125,5,27.413,51.600,27.581,81,328.354,1.675,5.723,82,0.233,0.013,0.047,83,0.978,-0.285,9.754
30989.13045,3,1.048,0.100,9.504,4,-0.054,0.015,-0.087,5,25.988,51.113,24.713,81,329.056,1.729,5.766,82,0.231,0.158,-0.055,83,0.985,-0.295,9.753
30989.17087,3,1.041,0.021,9.411,4,-0.119,-0.011,-0.026,5,24.413,50.288,22.500,81,329.632,1.745,5.747,82,0.066,0.397,-0.249,83,0.982,-0.297,9.753
30989.21130,3,1.067,-0.138,9.816,4,-0.120,-0.023,-0.004,5,23.288,49.013,20.588,81,330.123,1.907,5.757,82,0.057,0.346,-0.341,83,0.984,-0.325,9.752
30989.25172,3,0.969,-0.581,9.938,4,-0.067,0.001,-0.019,5,22.388,48.000,18.844,81,330.504,2.197,5.789,82,0.078,0.236,0.067,83,0.989,-0.374,9.749
30989.29214,3,1.321,-0.576,9.742,4,-0.009,-0.010,-0.089,5,21.656,47.288,17.644,81,330.860,2.416,5.823,82,-0.026,-0.170,0.191,83,0.995,-0.411,9.747
30989.33256,3,1.242,-0.392,9.691,4,-0.009,-0.021,-0.128,5,21.244,46.013,16.744,81,331.278,2.503,5.932,82,0.308,-0.150,-0.003,83,1.013,-0.426,9.745
30989.37298,3,1.175,-0.430,9.322,4,-0.064,-0.041,-0.118,5,20.925,45.525,16.613,81,331.810,2.512,6.044,82,0.210,0.036,-0.052,83,1.032,-0.428,9.743
30989.41341,3,0.943,-0.284,9.739,4,-0.089,-0.026,-0.110,5,20.456,44.813,16.013,81,332.341,2.568,6.128,82,0.128,0.007,-0.419,83,1.047,-0.437,9.741
30989.45383,3,1.015,-0.181,8.843,4,0.088,0.272,-0.041,5,20.156,44.100,15.544,81,332.840,2.694,6.201,82,-0.116,0.174,0.001,83,1.059,-0.458,9.739
30989.49425,3,0.694,-0.593,10.654,4,-0.025,-0.165,-0.014,5,19.556,43.744,14.700,81,333.198,2.775,6.117,82,-0.030,0.291,-0.896,83,1.045,-0.472,9.739
30989.53467,3,0.756,-0.785,9.049,4,-0.013,0.144,-0.017,5,19.013,43.200,13.913,81,333.439,2.860,5.959,82,-0.324,-0.106,0.913,83,1.018,-0.487,9.742
30989.57510,3,0.821,-0.651,9.114,4,-0.011,-0.075,0.138,5,18.488,42.488,13.500,81,333.631,2.780,5.935,82,-0.258,-0.312,-0.694,83,1.014,-0.473,9.743
30989.61552,3,0.569,-0.730,9.998,4,0.046,-0.007,0.233,5,18.113,41.513,13.013,81,333.678,2.735,6.030,82,-0.209,-0.186,-0.627,83,1.030,-0.465,9.741
30989.65594,3,1.039,-0.433,10.424,4,-0.100,0.090,0.313,5,17.756,40.800,12.844,81,333.356,2.722,5.968,82,-0.451,-0.267,0.255,83,1.020,-0.463,9.743
30989.69636,3,0.802,-0.759,9.337,4,0.019,0.076,0.359,5,17.644,39.581,12.113,81,333.046,2.254,5.754,82,0.056,-0.049,0.674,83,0.983,-0.384,9.750
30989.73679,3,1.408,-1.357,10.350,4,-0.038,0.020,0.252,5,18.056,38.700,11.644,81,332.516,2.520,5.656,82,-0.164,-0.330,-0.412,83,0.966,-0.429,9.749
30989.77721,3,1.209,-1.230,9.698,4,0.003,-0.026,0.079,5,18.413,37.800,11.400,81,331.791,2.738,5.715,82,0.432,-0.891,0.603,83,0.976,-0.466,9.747
30989.81763,3,1.218,-0.931,9.344,4,-0.029,0.007,0.049,5,19.313,36.788,11.813,81,331.646,2.912,5.791,82,0.220,-0.734,-0.046,83,0.989,-0.496,9.744
30989.85805,3,1.338,-1.053,9.914,4,-0.022,-0.003,0.026,5,19.256,36.544,12.113,81,331.602,2.991,5.801,82,0.227,-0.422,-0.399,83,0.991,-0.509,9.743
30989.89847,3,1.144,-1.144,9.550,4,-0.007,0.002,0.003,5,19.144,36.188,12.244,81,331.591,3.143,5.890,82,0.332,-0.518,0.174,83,1.006,-0.535,9.740
30989.93890,3,1.063,-1.990,9.708,4,-0.027,0.025,-0.019,5,19.425,35.888,12.844,81,331.616,3.250,5.910,82,0.135,-0.591,-0.189,83,1.010,-0.553,9.739
30989.97932,3,0.929,-0.620,9.677,4,-0.012,-0.070,-0.006,5,19.369,35.569,13.444,81,331.670,3.477,5.955,82,0.046,-1.398,-0.028,83,1.017,-0.592,9.736
30990.01974,3,1.034,-0.145,9.847,4,0.015,0.008,0.004,5,19.913,35.344,13.613,81,331.753,3.454,5.962,82,-0.090,-0.032,-0.059,83,1.018,-0.588,9.736
30990.06016,3,1.051,-0.574,9.540,4,0.001,0.010,0.002,5,20.269,35.213,13.988,81,331.804,3.388,5.939,82,0.019,0.432,0.110,83,1.015,-0.577,9.737
30990.10059,3,1.020,-0.359,9.856,4,0.007,0.003,-0.004,5,20.269,35.513,14.213,81,331.816,3.381,5.939,82,0.037,0.001,-0.197,83,1.014,-0.575,9.737
30990.14101,3,0.988,-0.445,9.540,4,-0.002,-0.040,0.002,5,20.344,35.288,14.044,81,331.835,3.332,5.928,82,0.007,0.208,0.118,83,1.013,-0.567,9.738
30990.18143,3,0.876,-0.368,9.787,4,0.014,-0.035,-0.000,5,20.025,35.288,13.744,81,331.845,3.308,5.917,82,-0.023,0.118,-0.198,83,1.011,-0.563,9.738
30990.22185,3,1.178,-0.392,9.830,4,-0.004,-0.026,0.004,5,19.988,35.513,13.613,81,331.864,3.263,5.866,82,-0.126,0.188,0.048,83,1.002,-0.555,9.739
30990.26228,3,0.905,-0.497,9.571,4,-0.001,0.003,-0.000,5,19.688,35.081,13.388,81,331.901,3.249,5.928,82,0.165,0.161,0.091,83,1.013,-0.553,9.739
30990.30270,3,1.137,-0.296,9.777,4,-0.001,0.011,0.003,5,19.913,35.081,13.200,81,331.932,3.234,5.892,82,-0.102,0.054,-0.168,83,1.007,-0.551,9.739
30990.34312,3,0.991,-0.521,9.545,4,-0.003,-0.004,-0.002,5,20.156,34.988,13.444,81,331.954,3.197,5.919,82,0.126,0.248,0.038,83,1.011,-0.544,9.739
30990.38354,3,1.055,-0.323,9.746,4,0.002,0.008,-0.000,5,19.856,34.688,13.669,81,331.958,3.189,5.903,82,-0.017,0.022,-0.195,83,1.008,-0.543,9.740
30990.42396,3,1.096,-0.493,9.636,4,0.002,-0.007,0.001,5,20.156,34.988,13.781,81,331.969,3.142,5.904,82,0.046,0.212,0.006,83,1.009,-0.535,9.740
30990.46439,3,0.967,-0.356,9.665,4,0.001,0.005,0.001,5,19.856,35.081,13.988,81,331.977,3.141,5.919,82,0.085,0.041,-0.104,83,1.011,-0.535,9.740
30990.50481,3,1.161,-0.459,9.684,4,-0.002,0.002,0.001,5,19.913,35.081,13.781,81,331.998,3.114,5.904,82,-0.041,0.174,-0.075,83,1.009,-0.530,9.740
30990.54523,3,0.933,-0.380,9.658,4,0.002,0.001,-0.000,5,19.988,35.213,13.744,81,332.017,3.110,5.936,82,0.147,0.070,-0.056,83,1.014,-0.529,9.740
30990.58565,3,1.118,-0.409,9.691,4,-0.001,0.006,0.002,5,19.913,35.213,13.500,81,332.038,3.086,5.915,82,-0.077,0.145,-0.082,83,1.010,-0.525,9.740
30990.62608,3,0.979,-0.430,9.670,4,0.002,-0.002,-0.002,5,20.156,34.988,13.388,81,332.060,3.073,5.932,82,0.105,0.114,-0.049,83,1.013,-0.523,9.740
30990.66650,3,1.060,-0.378,9.670,4,0.001,0.000,-0.000,5,20.025,34.988,13.388,81,332.062,3.059,5.925,82,-0.033,0.091,-0.070,83,1.012,-0.521,9.740
30990.70692,3,1.055,-0.464,9.682,4,-0.001,-0.002,0.001,5,20.213,35.213,13.500,81,332.067,3.041,5.930,82,0.047,0.140,-0.070,83,1.013,-0.518,9.740
30990.74734,3,1.010,-0.371,9.665,4,-0.002,0.005,0.001,5,20.156,35.081,13.444,81,332.072,3.034,5.936,82,0.041,0.052,-0.058,83,1.014,-0.516,9.740
30990.78777,3,1.065,-0.411,9.682,4,-0.002,0.003,-0.000,5,19.744,35.513,13.500,81,332.076,3.014,5.931,82,-0.003,0.142,-0.076,83,1.013,-0.513,9.741
30990.82819,3,1.034,-0.375,9.665,4,0.001,0.001,-0.000,5,19.744,35.344,13.613,81,332.101,3.000,5.940,82,0.050,0.100,-0.059,83,1.015,-0.511,9.741
30990.86861,3,1.082,-0.404,9.653,4,0.002,-0.001,0.001,5,19.556,35.288,13.444,81,332.135,2.982,5.938,82,0.020,0.132,-0.076,83,1.014,-0.507,9.741
30990.90903,3,0.976,-0.418,9.665,4,0.001,0.000,-0.002,5,19.369,35.081,13.781,81,332.167,2.968,5.946,82,0.066,0.101,-0.088,83,1.016,-0.505,9.741
30990.94945,3,1.123,-0.423,9.502,4,0.003,0.016,0.002,5,19.556,34.800,13.988,81,332.202,2.955,5.936,82,-0.038,0.085,-0.076,83,1.014,-0.503,9.741
30990.98988,3,1.039,-0.387,9.806,4,-0.021,0.065,0.003,5,19.313,35.081,13.913,81,332.228,2.950,5.943,82,0.108,0.079,-0.239,83,1.015,-0.502,9.741
30991.03030,3,1.161,-0.430,9.466,4,-0.002,-0.019,0.007,5,19.613,35.081,13.744,81,332.257,2.938,5.932,82,0.026,0.113,0.065,83,1.013,-0.500,9.741
30991.07072,3,0.967,-0.394,9.818,4,0.002,0.000,-0.000,5,19.988,35.288,13.669,81,332.274,2.925,5.917,82,0.150,0.068,-0.276,83,1.011,-0.498,9.742
30991.11114,3,1.022,-0.409,9.619,4,-0.002,-0.015,0.003,5,19.613,35.344,13.313,81,332.281,2.906,5.906,82,-0.042,0.101,0.076,83,1.009,-0.495,9.742
30991.15157,3,0.960,-0.435,9.679,4,0.002,0.001,-0.002,5,19.425,35.213,13.313,81,332.298,2.899,5.921,82,0.011,0.084,-0.123,83,1.011,-0.494,9.742
30991.19199,3,0.984,-0.421,9.710,4,-0.002,-0.001,-0.002,5,19.144,35.213,13.388,81,332.328,2.887,5.908,82,-0.049,0.056,-0.063,83,1.009,-0.491,9.742
30991.23241,3,1.060,-0.421,9.636,4,0.002,-0.002,-0.004,5,19.088,35.344,13.200,81,332.366,2.876,5.907,82,-0.025,0.068,-0.032,83,1.009,-0.490,9.742
30991.27283,3,1.003,-0.354,9.756,4,0.001,0.001,0.002,5,19.369,35.569,13.613,81,332.416,2.864,5.906,82,0.051,0.066,-0.106,83,1.009,-0.487,9.742
30991.31325,3,1.135,-0.438,9.564,4,-0.004,-0.001,-0.000,5,19.856,35.513,13.781,81,332.458,2.838,5.908,82,-0.006,0.129,0.013,83,1.009,-0.483,9.743
30991.35368,3,1.027,-0.402,9.708,4,0.002,0.007,0.001,5,19.913,35.513,13.669,81,332.478,2.837,5.929,82,0.122,0.045,-0.178,83,1.013,-0.483,9.742
30991.39410,3,1.053,-0.404,9.667,4,-0.002,-0.007,0.001,5,19.613,35.044,13.669,81,332.492,2.824,5.929,82,0.014,0.079,-0.034,83,1.013,-0.481,9.742
30991.43452,3,1.039,-0.416,9.660,4,0.001,0.003,0.002,5,19.613,34.800,13.669,81,332.502,2.814,5.932,82,0.040,0.075,-0.075,83,1.013,-0.479,9.742
30991.47494,3,1.046,-0.392,9.694,4,0.001,0.005,0.002,5,19.313,34.800,13.444,81,332.510,2.805,5.932,82,0.026,0.062,-0.082,83,1.013,-0.477,9.742
30991.51537,3,1.010,-0.433,9.655,4,-0.001,0.000,0.003,5,19.913,34.725,13.613,81,332.525,2.795,5.935,82,0.032,0.084,-0.048,83,1.014,-0.476,9.742
30991.55579,3,1.058,-0.387,9.694,4,0.001,0.001,0.001,5,20.025,34.800,13.988,81,332.517,2.790,5.930,82,-0.003,0.042,-0.088,83,1.013,-0.475,9.743
30991.59621,3,1.015,-0.430,9.674,4,0.001,0.002,0.002,5,19.856,34.913,13.781,81,332.506,2.777,5.931,82,0.045,0.086,-0.049,83,1.013,-0.473,9.743
30991.63663,3,1.053,-0.397,9.670,4,0.001,0.001,0.002,5,19.744,34.688,13.613,81,332.496,2.771,5.928,82,0.002,0.042,-0.069,83,1.013,-0.472,9.743
30991.67706,3,1.012,-0.406,9.684,4,0.001,0.003,0.002,5,19.369,34.500,13.444,81,332.489,2.760,5.929,82,0.040,0.073,-0.073,83,1.013,-0.470,9.743
30991.71748,3,1.060,-0.416,9.674,4,0.001,0.000,0.005,5,19.313,34.613,13.144,81,332.495,2.749,5.922,82,0.000,0.062,-0.059,83,1.012,-0.468,9.743
30991.75790,3,1.075,-0.371,9.665,4,-0.001,0.002,0.003,5,19.556,34.688,12.900,81,332.499,2.746,5.933,82,0.047,0.051,-0.069,83,1.014,-0.467,9.743
30991.79832,3,0.962,-0.497,9.677,4,-0.003,0.007,0.007,5,19.744,34.988,13.013,81,332.497,2.733,5.937,82,0.061,0.094,-0.078,83,1.014,-0.465,9.743
30991.83874,3,1.005,-0.265,9.682,4,-0.001,-0.001,0.006,5,19.856,34.800,13.144,81,332.474,2.736,5.920,82,-0.049,-0.031,-0.066,83,1.011,-0.466,9.743
30991.87917,3,1.099,-0.505,9.629,4,-0.001,0.005,0.001,5,20.269,34.800,13.013,81,332.468,2.707,5.912,82,-0.005,0.196,-0.062,83,1.010,-0.461,9.744
30991.91959,3,1.075,-0.359,9.653,4,0.003,0.010,0.006,5,20.344,34.688,13.144,81,332.440,2.714,5.922,82,0.087,-0.043,-0.114,83,1.012,-0.462,9.743
30991.96001,3,0.897,-0.378,9.916,4,-0.025,-0.088,0.005,5,20.269,34.200,13.744,81,332.398,2.701,5.919,82,0.064,0.101,-0.091,83,1.011,-0.460,9.744
30992.00043,3,1.072,-0.394,9.804,4,0.024,0.041,-0.000,5,20.213,34.425,13.500,81,332.351,2.709,5.904,82,-0.112,0.083,0.172,83,1.009,-0.461,9.744
