31068.39916, 3,   0.684, -0.208,  9.737, 4,  -0.070,  0.160,  0.008
31068.43958, 3,   0.636, -0.450,  9.758, 4,   0.009, -0.058, -0.005, 5, -43.369, 16.688, 21.413, 81,  68.302,  2.641,  3.731, 82,  -0.002,  0.001, -0.018, 83,   0.638, -0.451,  9.775
31068.48000, 3,   0.737, -0.289,  9.365, 4,  -0.008,  0.050,  0.007, 5, -43.613, 16.500, 21.188
31068.52043, 3,   0.735, -0.294,  9.964, 4,  -0.002, -0.015, -0.005, 5, -43.688, 16.500, 21.113, 81,  68.299,  2.656,  3.704, 82,   0.102,  0.160,  0.188, 83,   0.633, -0.454,  9.776
31068.56085, 3,   0.526, -0.397,  9.401, 4,  -0.002,  0.001,  0.002, 5, -43.613, 16.369, 20.813, 81,  68.302,  2.632,  3.612, 82,  -0.092,  0.052, -0.376, 83,   0.618, -0.449,  9.777
31068.60127, 3,   0.838, -0.196,  9.902, 4,   0.001,  0.008, -0.002, 5, -43.988, 16.313, 20.700, 81,  68.303,  2.647,  3.695, 82,   0.206,  0.256,  0.126, 83,   0.632, -0.452,  9.776
31068.64169, 3,   0.574, -0.483,  9.497, 4,  -0.007, -0.027, -0.001, 5, -43.856, 16.444, 20.700, 81,  68.307,  2.633,  3.630, 82,  -0.047, -0.033, -0.280, 83,   0.621, -0.450,  9.777
31068.68212, 3,   0.711, -0.196,  9.816, 4,   0.006,  0.020,  0.004, 5, -43.856, 16.181, 20.813, 81,  68.310,  2.631,  3.670, 82,   0.083,  0.253,  0.040, 83,   0.628, -0.449,  9.776
31068.72254, 3,   0.694, -0.339,  9.576, 4,  -0.006, -0.022, -0.001, 5, -44.213, 16.444, 21.000
31068.76296, 3,   0.641, -0.356,  9.739, 4,   0.007,  0.023,  0.002, 5, -44.044, 16.688, 21.188, 81,  68.324,  2.618,  3.654, 82,   0.016,  0.091, -0.037, 83,   0.625, -0.447,  9.776
31068.80338, 3,   0.737, -0.289,  9.648, 4,  -0.004, -0.017, -0.004, 5, -44.156, 16.181, 21.413
31068.84381, 3,   0.627, -0.337,  9.691, 4,   0.004,  0.015,  0.002, 5, -44.213, 16.369, 20.925, 81,  68.357,  2.600,  3.649, 82,   0.003,  0.107, -0.086, 83,   0.624, -0.444,  9.777
31068.88423, 3,   0.665, -0.299,  9.674, 4,   0.002,  0.004,  0.001, 5, -44.456, 16.369, 20.925
31068.92465, 3,   0.696, -0.344,  9.698, 4,  -0.009, -0.015, -0.001, 5, -44.288, 16.444, 21.113, 81,  68.373,  2.587,  3.650, 82,   0.041,  0.143, -0.103, 83,   0.624, -0.442,  9.777
31068.96507, 3,   0.634, -0.287,  9.703, 4,   0.009,  0.015,  0.002, 5, -44.456, 16.781, 21.000, 81,  68.396,  2.572,  3.659, 82,   0.008,  0.153, -0.074, 83,   0.626, -0.440,  9.777
31069.00550, 3,   0.684, -0.323,  9.617, 4,  -0.010, -0.017, -0.003, 5, -44.644, 16.781, 21.300, 81,  68.403,  2.570,  3.663, 82,   0.057,  0.116, -0.160, 83,   0.627, -0.439,  9.777
31069.04592, 3,   0.701, -0.299,  9.742, 4,   0.006,  0.013,  0.001, 5, -44.513, 16.913, 21.188, 81,  68.411,  2.554,  3.666, 82,   0.074,  0.138, -0.035, 83,   0.627, -0.437,  9.777
31069.08634, 3,   0.658, -0.371,  9.639, 4,  -0.002, -0.011,  0.001, 5, -44.513, 16.688, 20.925, 81,  68.421,  2.551,  3.673, 82,   0.030,  0.065, -0.138, 83,   0.628, -0.436,  9.777
31069.12676, 3,   0.696, -0.268,  9.737, 4,   0.003,  0.009,  0.002, 5, -44.456, 16.500, 20.700
31069.16719, 3,   0.629, -0.349,  9.655, 4,  -0.001, -0.007,  0.001, 5, -44.288, 16.500, 20.400, 81,  68.448,  2.527,  3.679, 82,  -0.001,  0.084, -0.122, 83,   0.630, -0.433,  9.777
31069.20761, 3,   0.711, -0.349,  9.670, 4,   0.003,  0.005,  0.003, 5, -44.156, 16.444, 20.400, 81,  68.464,  2.516,  3.682, 82,   0.081,  0.082, -0.107, 83,   0.630, -0.431,  9.777
31069.24803, 3,   0.684, -0.272,  9.694, 4,   0.003,  0.002,  0.001, 5, -43.988, 16.444, 20.400, 81,  68.483,  2.500,  3.692, 82,   0.052,  0.157, -0.083, 83,   0.632, -0.429,  9.777
31069.28845, 3,   0.622, -0.371,  9.662, 4,  -0.001, -0.002,  0.001, 5, -43.988, 16.500, 20.888, 81,  68.497,  2.493,  3.684, 82,  -0.008,  0.057, -0.115, 83,   0.630, -0.428,  9.777
31069.32888, 3,   0.725, -0.260,  9.718, 4,   0.002,  0.005,  0.001, 5, -44.213, 16.444, 21.488
31069.36930, 3,   0.677, -0.387,  9.667, 4,  -0.001,  0.000, -0.001, 5, -44.044, 16.444, 21.544, 81,  68.527,  2.467,  3.697, 82,   0.044,  0.037, -0.110, 83,   0.633, -0.424,  9.777
31069.40972, 3,   0.679, -0.301,  9.689, 4,  -0.001, -0.006, -0.001, 5, -44.344, 16.500, 21.600, 81,  68.549,  2.453,  3.702, 82,   0.045,  0.121, -0.088, 83,   0.634, -0.422,  9.777
31069.45014, 3,   0.588, -0.313,  9.684, 4,   0.002, -0.009,  0.002, 5, -44.344, 16.500, 21.413, 81,  68.562,  2.439,  3.692, 82,  -0.044,  0.106, -0.093, 83,   0.632, -0.420,  9.777
31069.49057, 3,   0.701, -0.301,  9.682, 4,  -0.001, -0.003,  0.002, 5, -44.288, 16.613, 21.188, 81,  68.576,  2.427,  3.701, 82,   0.067,  0.117, -0.095, 83,   0.634, -0.418,  9.777
31069.53099, 3,   0.727, -0.371,  9.665, 4,   0.002,  0.004, -0.001, 5, -44.456, 16.500, 21.244
31069.57141, 3,   0.620, -0.306,  9.696, 4,   0.001,  0.002,  0.001, 5, -44.213, 16.613, 21.300, 81,  68.606,  2.405,  3.704, 82,  -0.015,  0.108, -0.081, 83,   0.635, -0.414,  9.777
31069.61183, 3,   0.653, -0.282,  9.674, 4,  -0.002, -0.004, -0.001, 5, -44.213, 16.444, 21.600, 81,  68.624,  2.393,  3.709, 82,   0.017,  0.131, -0.103, 83,   0.636, -0.413,  9.777
31069.65226, 3,   0.699, -0.378,  9.703, 4,   0.001, -0.001,  0.001, 5, -44.213, 16.181, 21.544, 81,  68.648,  2.389,  3.718, 82,   0.061,  0.034, -0.074, 83,   0.638, -0.412,  9.777
31069.69268, 3,   0.689, -0.325,  9.684, 4,   0.004,  0.002, -0.001, 5, -44.588, 16.369, 21.544, 81,  68.675,  2.374,  3.722, 82,   0.051,  0.085, -0.093, 83,   0.638, -0.410,  9.777
31069.73310, 3,   0.634, -0.280,  9.677, 4,  -0.002, -0.005, -0.002, 5, -44.344, 16.313, 21.188, 81,  68.701,  2.357,  3.720, 82,  -0.004,  0.127, -0.100, 83,   0.638, -0.407,  9.777
31069.77352, 3,   0.655, -0.308,  9.701, 4,  -0.002,  0.000,  0.002, 5, -44.213, 16.313, 21.113, 81,  68.725,  2.344,  3.724, 82,   0.016,  0.097, -0.076, 83,   0.639, -0.405,  9.777
31069.81395, 3,   0.727, -0.368,  9.667, 4,  -0.002,  0.000,  0.001, 5, -44.156, 16.444, 21.000, 81,  68.743,  2.339,  3.735, 82,   0.086,  0.036, -0.110, 83,   0.641, -0.404,  9.777
31069.85437, 3,   0.663, -0.291,  9.689, 4,   0.001,  0.004,  0.002, 5, -43.856, 16.313, 20.925, 81,  68.760,  2.322,  3.732, 82,   0.022,  0.111, -0.088, 83,   0.641, -0.402,  9.777
31069.89479, 3,   0.627, -0.332,  9.682, 4,  -0.001, -0.004, -0.002, 5, -44.156, 16.144, 20.813, 81,  68.784,  2.314,  3.736, 82,  -0.014,  0.069, -0.095, 83,   0.641, -0.400,  9.777
31069.93521, 3,   0.708, -0.325,  9.686, 4,  -0.002, -0.001, -0.001, 5, -44.513, 16.088, 20.700, 81,  68.819,  2.303,  3.746, 82,   0.065,  0.074, -0.091, 83,   0.643, -0.399,  9.777
31069.97564, 3,   0.675, -0.351,  9.670, 4,   0.001,  0.000, -0.002, 5, -44.813, 16.144, 20.700, 81,  68.855,  2.298,  3.750, 82,   0.031,  0.047, -0.107, 83,   0.644, -0.398,  9.777
31070.01606, 3,   0.641, -0.289,  9.694, 4,  -0.003, -0.002,  0.001, 5, -44.944, 16.088, 20.700
31070.05648, 3,   0.696, -0.313,  9.660, 4,  -0.001, -0.001,  0.003, 5, -44.588, 16.181, 20.813, 81,  68.923,  2.272,  3.761, 82,   0.049,  0.081, -0.117, 83,   0.647, -0.394,  9.777
31070.09690, 3,   0.682, -0.359,  9.672, 4,   0.001, -0.001,  0.002, 5, -44.756, 16.500, 20.700, 81,  68.938,  2.265,  3.765, 82,   0.035,  0.033, -0.105, 83,   0.647, -0.392,  9.777
31070.13733, 3,   0.672, -0.294,  9.694, 4,   0.001,  0.000, -0.001, 5, -44.288, 16.688, 20.888
31070.17775, 3,   0.655, -0.330,  9.679, 4,   0.002, -0.004, -0.001, 5, -44.044, 16.781, 20.813, 81,  68.938,  2.239,  3.773, 82,   0.006,  0.058, -0.098, 83,   0.649, -0.388,  9.777
31070.21817, 3,   0.687, -0.318,  9.684, 4,   0.001,  0.002, -0.001, 5, -44.156, 16.988, 20.888
31070.25859, 3,   0.701, -0.332,  9.674, 4,   0.001,  0.001, -0.002, 5, -44.044, 16.688, 21.000, 81,  68.921,  2.219,  3.781, 82,   0.050,  0.053, -0.104, 83,   0.651, -0.385,  9.777
31070.29902, 3,   0.636, -0.323,  9.677, 4,   0.001,  0.000,  0.001, 5, -44.156, 16.613, 21.188, 81,  68.923,  2.211,  3.777, 82,  -0.014,  0.061, -0.101, 83,   0.650, -0.384,  9.778
31070.33944, 3,   0.691, -0.313,  9.679, 4,   0.001, -0.002,  0.003, 5, -44.044, 16.369, 21.413, 81,  68.935,  2.200,  3.787, 82,   0.039,  0.069, -0.098, 83,   0.652, -0.382,  9.778
31070.37986, 3,   0.691, -0.330,  9.679, 4,   0.001,  0.001, -0.001, 5, -44.044, 16.088, 21.300, 81,  68.957,  2.191,  3.792, 82,   0.038,  0.050, -0.098, 83,   0.653, -0.380,  9.778
31070.42029, 3,   0.655, -0.311,  9.689, 4,   0.001,  0.000, -0.001, 5, -44.156, 16.088, 21.544, 81,  68.982,  2.178,  3.792, 82,   0.002,  0.067, -0.089, 83,   0.653, -0.378,  9.778
31070.46071, 3,   0.667, -0.308,  9.677, 4,  -0.002, -0.004,  0.001, 5, -44.288, 15.825, 21.244, 81,  69.016,  2.168,  3.795, 82,   0.013,  0.069, -0.101, 83,   0.654, -0.376,  9.778
31070.50113, 3,   0.670, -0.339,  9.682, 4,  -0.001, -0.001, -0.001, 5, -44.456, 16.013, 21.544, 81,  69.050,  2.165,  3.803, 82,   0.015,  0.037, -0.095, 83,   0.655, -0.376,  9.778
31070.54155, 3,   0.696, -0.363,  9.686, 4,   0.003,  0.001,  0.001, 5, -44.344, 16.181, 21.600, 81,  69.075,  2.159,  3.800, 82,   0.041,  0.012, -0.092, 83,   0.655, -0.375,  9.778
31070.58198, 3,   0.663, -0.299,  9.670, 4,  -0.001,  0.001,  0.002, 5, -44.288, 16.313, 21.188, 81,  69.092,  2.145,  3.800, 82,   0.008,  0.073, -0.108, 83,   0.655, -0.372,  9.778
31070.62240, 3,   0.641, -0.325,  9.689, 4,   0.001, -0.002, -0.001, 5, -44.156, 16.181, 21.544, 81,  69.108,  2.137,  3.799, 82,  -0.013,  0.046, -0.089, 83,   0.654, -0.371,  9.778
31070.66282, 3,   0.706, -0.342,  9.662, 4,  -0.001, -0.002, -0.001, 5, -44.156, 15.825, 21.113, 81,  69.144,  2.136,  3.809, 82,   0.050,  0.028, -0.116, 83,   0.656, -0.370,  9.778
31070.70324, 3,   0.663, -0.313,  9.682, 4,  -0.003, -0.003, -0.001, 5, -44.344, 15.825, 21.244, 81,  69.178,  2.127,  3.813, 82,   0.006,  0.056, -0.096, 83,   0.657, -0.369,  9.778
31070.74367, 3,   0.648, -0.311,  9.684, 4,  -0.002, -0.002,  0.002, 5, -44.456, 16.088, 21.300, 81,  69.202,  2.121,  3.819, 82,  -0.010,  0.057, -0.094, 83,   0.658, -0.368,  9.778
31070.78409, 3,   0.723, -0.330,  9.653, 4,   0.003,  0.005,  0.002, 5, -44.588, 16.313, 21.000, 81,  69.222,  2.112,  3.825, 82,   0.064,  0.036, -0.125, 83,   0.659, -0.366,  9.778
31070.82451, 3,   0.677, -0.361,  9.696, 4,   0.001, -0.004, -0.002, 5, -44.756, 16.500, 21.000, 81,  69.231,  2.108,  3.820, 82,   0.019,  0.004, -0.082, 83,   0.658, -0.365,  9.778
31070.86493, 3,   0.644, -0.291,  9.662, 4,  -0.001,  0.000,  0.002, 5, -44.344, 16.744, 21.488, 81,  69.223,  2.101,  3.826, 82,  -0.015,  0.073, -0.116, 83,   0.659, -0.364,  9.778
31070.90536, 3,   0.667, -0.318,  9.686, 4,  -0.002, -0.005,  0.002, 5, -44.288, 16.781, 21.488
31070.94578, 3,   0.694, -0.351,  9.698, 4,  -0.006, -0.007,  0.001, 5, -44.588, 16.688, 21.713, 81,  69.203,  2.097,  3.847, 82,   0.031,  0.012, -0.080, 83,   0.663, -0.363,  9.777
31070.98620, 3,   0.677, -0.253,  9.610, 4,   0.004, -0.018,  0.002, 5, -44.813, 16.613, 22.088, 81,  69.200,  2.090,  3.887, 82,   0.007,  0.109, -0.167, 83,   0.670, -0.362,  9.777
31071.02662, 3,   0.754, -0.440,  9.708, 4,   0.013,  0.022,  0.001, 5, -44.944, 16.444, 22.013
31071.06705, 3,   0.627, -0.284,  9.691, 4,   0.006, -0.008,  0.001, 5, -45.113, 16.369, 21.900, 81,  69.234,  2.040,  3.853, 82,  -0.037,  0.069, -0.087, 83,   0.664, -0.353,  9.778
31071.10747, 3,   0.672, -0.239,  9.591, 4,   0.020,  0.022, -0.004, 5, -44.813, 16.369, 21.900
31071.14789, 3,   0.735, -0.371,  9.718, 4,   0.021,  0.015,  0.002, 5, -44.756, 16.369, 21.544, 81,  69.270,  1.979,  3.851, 82,   0.071, -0.028, -0.060, 83,   0.664, -0.343,  9.778
31071.18831, 3,   0.725, -0.371,  9.615, 4,   0.013,  0.013,  0.001, 5, -44.588, 16.444, 21.544, 81,  69.275,  1.962,  3.869, 82,   0.058, -0.032, -0.163, 83,   0.667, -0.339,  9.778
31071.22874, 3,   0.533, -0.160,  9.761, 4,   0.006, -0.011,  0.002, 5, -44.288, 16.500, 21.544
31071.26916, 3,   0.780, -0.502,  9.617, 4,   0.005, -0.002, -0.005, 5, -44.588, 16.500, 21.600, 81,  69.291,  1.916,  3.864, 82,   0.114, -0.170, -0.161, 83,   0.666, -0.332,  9.778
31071.30958, 3,   0.663, -0.160,  9.670, 4,  -0.007, -0.043,  0.006, 5, -44.288, 16.313, 21.600
31071.35000, 3,   0.648, -0.347,  9.737, 4,   0.004, -0.002, -0.007, 5, -44.213, 16.088, 21.600, 81,  69.319,  1.895,  3.959, 82,  -0.034, -0.019, -0.040, 83,   0.682, -0.328,  9.777
31071.39043, 3,   0.749, -0.258,  9.639, 4,  -0.006, -0.035,  0.008, 5, -44.513, 16.013, 21.544, 81,  69.337,  1.885,  3.999, 82,   0.060,  0.068, -0.138, 83,   0.689, -0.326,  9.777
31071.43085, 3,   0.725, -0.371,  9.691, 4,   0.006,  0.022, -0.006, 5, -44.344, 16.313, 21.244, 81,  69.343,  1.896,  4.040, 82,   0.029, -0.043, -0.085, 83,   0.696, -0.328,  9.776
31071.47127, 3,   0.754, -0.294,  9.646, 4,   0.010,  0.012,  0.002, 5, -44.513, 16.444, 21.300, 81,  69.353,  1.869,  3.995, 82,   0.066,  0.029, -0.131, 83,   0.688, -0.323,  9.777
31071.51169, 3,   0.677, -0.282,  9.742, 4,  -0.002,  0.004, -0.004, 5, -44.588, 16.613, 21.300
31071.55212, 3,   0.691, -0.299,  9.627, 4,   0.007, -0.003,  0.002, 5, -44.756, 16.688, 21.413, 81,  69.356,  1.849,  3.980, 82,   0.006,  0.021, -0.150, 83,   0.686, -0.320,  9.777
31071.59254, 3,   0.723, -0.280,  9.689, 4,   0.016,  0.024, -0.002, 5, -44.288, 16.369, 21.600, 81,  69.364,  1.824,  3.962, 82,   0.040,  0.035, -0.089, 83,   0.683, -0.315,  9.778
31071.63296, 3,   0.639, -0.327,  9.639, 4,  -0.015, -0.058,  0.002, 5, -44.213, 16.444, 21.113, 81,  69.366,  1.836,  4.020, 82,  -0.053, -0.010, -0.138, 83,   0.692, -0.317,  9.777
31071.67338, 3,   0.747, -0.160,  9.691, 4,   0.015, -0.003,  0.003, 5, -44.456, 16.444, 21.000, 81,  69.364,  1.801,  4.076, 82,   0.045,  0.151, -0.085, 83,   0.702, -0.311,  9.777
31071.71381, 3,   0.624, -0.359,  9.509, 4,  -0.013, -0.012,  0.001, 5, -44.213, 16.444, 20.925, 81,  69.364,  1.824,  4.115, 82,  -0.084, -0.044, -0.267, 83,   0.708, -0.315,  9.776
31071.75423, 3,   0.962, -0.490,  9.777, 4,   0.034,  0.023, -0.004, 5, -44.344, 16.313, 20.925, 81,  69.371,  1.834,  4.160, 82,   0.246, -0.174,  0.002, 83,   0.716, -0.316,  9.775
31071.79465, 3,   0.605, -0.220,  9.677, 4,   0.029,  0.051, -0.002, 5, -44.456, 16.444, 20.888, 81,  69.388,  1.766,  4.045, 82,  -0.091,  0.085, -0.100, 83,   0.696, -0.305,  9.777
31071.83507, 3,   0.622, -0.188,  9.708, 4,   0.010, -0.022, -0.001, 5, -44.456, 16.313, 20.513, 81,  69.411,  1.707,  4.016, 82,  -0.069,  0.107, -0.070, 83,   0.691, -0.295,  9.778
31071.87550, 3,   0.725, -0.270,  9.636, 4,   0.034, -0.055, -0.003, 5, -44.644, 16.013, 20.344, 81,  69.428,  1.663,  4.115, 82,   0.017,  0.017, -0.141, 83,   0.708, -0.287,  9.777
31071.91592, 3,   0.675, -0.296,  9.761, 4,   0.022, -0.026,  0.002, 5, -44.456, 16.181, 20.025, 81,  69.448,  1.618,  4.198, 82,  -0.047, -0.017, -0.015, 83,   0.722, -0.279,  9.776
31071.95634, 3,   0.828, -0.268,  9.615, 4,   0.014,  0.026, -0.003, 5, -44.644, 16.181, 20.269, 81,  69.470,  1.565,  4.179, 82,   0.109,  0.002, -0.162, 83,   0.719, -0.270,  9.777
31071.99676, 3,   0.605, -0.260,  9.847, 4,  -0.003,  0.022, -0.001, 5, -44.756, 16.369, 20.588, 81,  69.484,  1.564,  4.104, 82,  -0.101,  0.010,  0.070, 83,   0.706, -0.270,  9.777
31072.03719, 3,   0.735, -0.224,  9.615, 4,   0.004, -0.019,  0.001, 5, -44.456, 16.613, 21.000, 81,  69.488,  1.565,  4.098, 82,   0.030,  0.046, -0.163, 83,   0.705, -0.270,  9.778
31072.07761, 3,   0.727, -0.256,  9.823, 4,  -0.008, -0.008,  0.004, 5, -44.869, 16.613, 21.488, 81,  69.483,  1.566,  4.142, 82,   0.015,  0.014,  0.046, 83,   0.712, -0.270,  9.777
31072.11803, 3,   0.670, -0.423,  9.473, 4,   0.027, -0.064, -0.005, 5, -44.644, 16.613, 21.413
31072.15845, 3,   0.907, -0.476,  9.758, 4,   0.059, -0.155, -0.013, 5, -44.588, 16.444, 21.600, 81,  69.505,  1.498,  4.428, 82,   0.146, -0.218, -0.016, 83,   0.761, -0.258,  9.774
31072.19888, 3,   0.632, -0.809,  9.744, 4,  -0.089, -0.131, -0.079, 5, -45.056, 16.500, 21.244
31072.23930, 3,   0.857, -1.891,  9.337, 4,  -0.009, -0.031, -0.086, 5, -45.113, 16.913, 21.113, 81,  69.832,  2.036,  4.937, 82,   0.011, -1.544, -0.427, 83,   0.846, -0.348,  9.764
31072.27972, 3,   0.905, -1.683,  9.854, 4,   0.007,  0.080, -0.031, 5, -45.113, 16.688, 21.544, 81,  69.893,  2.178,  4.818, 82,   0.080, -1.312,  0.089, 83,   0.825, -0.371,  9.765
31072.32015, 3,   0.933, -0.924,  9.658, 4,   0.036,  0.092, -0.045, 5, -45.188, 16.500, 21.488
31072.36057, 3,   1.273, -0.869,  9.492, 4,   0.015,  0.090, -0.181, 5, -45.113, 16.313, 21.713, 81,  70.264,  2.186,  4.473, 82,   0.507, -0.498, -0.278, 83,   0.766, -0.371,  9.770
31072.40099, 3,   0.969, -0.644,  9.859, 4,  -0.034,  0.027, -0.288, 5, -45.244, 15.713, 21.300
31072.44141, 3,   1.108, -1.103,  9.744, 4,  -0.099, -0.180, -0.401, 5, -45.956, 15.544, 20.513, 81,  71.679,  2.435,  4.749, 82,   0.295, -0.690, -0.020, 83,   0.813, -0.413,  9.764
31072.48184, 3,   0.699, -1.127,  9.548, 4,  -0.069, -0.120, -0.350, 5, -46.369, 15.600, 19.913, 81,  72.373,  2.654,  5.057, 82,  -0.166, -0.677, -0.210, 83,   0.865, -0.450,  9.758
31072.52226, 3,   0.325, -1.072,  9.739, 4,  -0.037, -0.040, -0.129, 5, -47.288, 15.281, 19.313, 81,  72.900,  2.927,  5.138, 82,  -0.553, -0.576, -0.016, 83,   0.878, -0.496,  9.755
31072.56268, 3,   0.411, -0.576,  9.365, 4,   0.016,  0.076,  0.117, 5, -48.188, 15.244, 18.713, 81,  72.789,  2.965,  5.067, 82,  -0.455, -0.073, -0.390, 83,   0.866, -0.503,  9.755
31072.60310, 3,   0.627, -0.639,  9.971, 4,  -0.002,  0.053,  0.111, 5, -49.013, 14.944, 17.869
31072.64353, 3,   1.067,  0.045,  9.629, 4,  -0.056,  0.001,  0.163, 5, -49.688, 15.413, 17.344, 81,  72.249,  2.949,  4.863, 82,   0.236,  0.546, -0.130, 83,   0.831, -0.501,  9.759
31072.68395, 3,   1.106, -0.627,  9.555, 4,  -0.059, -0.035, -0.002, 5, -49.988, 15.713, 16.913, 81,  72.071,  3.087,  4.912, 82,   0.266, -0.103, -0.202, 83,   0.840, -0.524,  9.757
31072.72437, 3,   1.266, -0.888,  9.895, 4,  -0.065, -0.024, -0.078, 5, -50.756, 16.313, 16.369, 81,  72.144,  3.250,  5.059, 82,   0.401, -0.337,  0.142, 83,   0.865, -0.551,  9.753
31072.76479, 3,   0.828, -1.022,  9.181, 4,  -0.024, -0.023, -0.072, 5, -51.113, 17.100, 16.144, 81,  72.261,  3.379,  5.106, 82,  -0.045, -0.449, -0.570, 83,   0.873, -0.573,  9.751
31072.80522, 3,   0.830, -0.615,  9.830, 4,   0.020,  0.035, -0.111, 5, -51.525, 18.113, 15.788
31072.84564, 3,   0.081, -0.296,  9.713, 4,  -0.071,  0.100,  0.048, 5, -51.844, 19.088, 15.825, 81,  72.251,  3.458,  4.933, 82,  -0.762,  0.292, -0.040, 83,   0.843, -0.588,  9.753
31072.88606, 3,   0.945, -0.505,  9.892, 4,  -0.019,  0.028,  0.109, 5, -51.488, 20.025, 16.013, 81,  71.812,  3.503,  5.118, 82,   0.071,  0.090,  0.143, 83,   0.874, -0.595,  9.749
31072.92648, 3,   0.620, -0.447,  9.495, 4,  -0.018, -0.026,  0.028, 5, -51.188, 20.925, 16.500, 81,  71.454,  3.520,  5.015, 82,  -0.237,  0.151, -0.256, 83,   0.857, -0.598,  9.751
31072.96691, 3,   0.933, -0.778,  9.883, 4,  -0.018,  0.022, -0.023, 5, -50.513, 21.488, 17.344, 81,  71.175,  3.600,  5.109, 82,   0.060, -0.166,  0.134, 83,   0.873, -0.612,  9.749
31073.00733, 3,   0.682, -0.890,  9.476, 4,  -0.021,  0.012, -0.110, 5, -49.556, 22.313, 17.644, 81,  71.109,  3.663,  4.976, 82,  -0.168, -0.267, -0.274, 83,   0.850, -0.623,  9.750
31073.04775, 3,   0.574, -0.363,  9.861, 4,  -0.025,  0.039,  0.020, 5, -48.656, 22.800, 18.600, 81,  70.847,  3.648,  4.930, 82,  -0.268,  0.257,  0.110, 83,   0.842, -0.620,  9.751
31073.08817, 3,   0.782, -0.679,  9.579, 4,  -0.009, -0.023,  0.018, 5, -47.513, 23.400, 19.369, 81,  70.409,  3.675,  4.950, 82,  -0.064, -0.054, -0.171, 83,   0.846, -0.625,  9.750
31073.12860, 3,   0.624, -0.404,  9.835, 4,   0.021, -0.006,  0.067, 5, -45.956, 23.925, 19.988, 81,  69.999,  3.627,  4.903, 82,  -0.214,  0.213,  0.084, 83,   0.838, -0.617,  9.751
31073.16902, 3,   0.857, -0.471,  9.720, 4,   0.013, -0.018,  0.118, 5, -44.813, 23.888, 21.188, 81,  69.401,  3.587,  4.871, 82,   0.025,  0.139, -0.032, 83,   0.832, -0.610,  9.752
31073.20944, 3,   0.849, -0.708, 10.074, 4,   0.011, -0.069,  0.052, 5, -43.369, 24.244, 21.713, 81,  68.840,  3.583,  4.985, 82,  -0.003, -0.099,  0.323, 83,   0.852, -0.609,  9.751
31073.24986, 3,   1.065, -0.493,  9.361, 4,   0.021, -0.099,  0.041, 5, -41.869, 24.300, 22.688, 81,  68.305,  3.511,  5.221, 82,   0.173,  0.104, -0.387, 83,   0.892, -0.597,  9.748
31073.29029, 3,   1.053, -0.768,  9.394, 4,  -0.002, -0.055, -0.127, 5, -40.688, 24.000, 23.813, 81,  68.065,  3.547,  5.351, 82,   0.139, -0.165, -0.351, 83,   0.914, -0.603,  9.745
31073.33071, 3,   1.233, -0.433,  9.907, 4,   0.012, -0.056, -0.062, 5, -39.056, 24.000, 24.788, 81,  67.926,  3.477,  5.422, 82,   0.307,  0.158,  0.162, 83,   0.926, -0.591,  9.745
31073.37113, 3,   1.324, -1.029,  9.181, 4,  -0.026, -0.040, -0.052, 5, -37.913, 23.588, 26.044, 81,  67.632,  3.522,  5.576, 82,   0.371, -0.431, -0.561, 83,   0.953, -0.598,  9.742
31073.41155, 3,   0.615, -0.821, 13.770, 4,   0.453, -0.824, -0.062, 5, -36.656, 22.988, 26.925
31073.45198, 3,   0.212, -0.797,  8.391, 4,  -0.026, -0.283,  0.145, 5, -35.456, 22.200, 27.900, 81,  66.907,  3.372,  6.141, 82,  -0.837, -0.225, -1.343, 83,   1.049, -0.572,  9.734
31073.49240, 3,   0.890, -0.193, 10.503, 4,   0.086,  0.020,  0.305, 5, -33.844, 21.000, 29.213
31073.53282, 3,   1.233,  0.031,  9.028, 4,   0.005, -0.020,  0.394, 5, -32.456, 19.313, 30.300, 81,  65.051,  3.315,  6.250, 82,   0.166,  0.594, -0.704, 83,   1.067, -0.563,  9.732
31073.57324, 3,   1.525, -0.109, 10.007, 4,   0.011,  0.055,  0.125, 5, -30.956, 17.644, 31.388, 81,  64.372,  3.260,  6.287, 82,   0.451,  0.444,  0.275, 83,   1.074, -0.553,  9.732
31073.61367, 3,   0.845,  0.009,  9.279, 4,  -0.027, -0.040,  0.224, 5, -29.813, 15.900, 31.988, 81,  64.013,  3.239,  6.316, 82,  -0.234,  0.559, -0.453, 83,   1.079, -0.550,  9.732
31073.65409, 3,   0.713, -0.200,  9.871, 4,   0.009, -0.044,  0.488, 5, -29.888, 14.100, 32.213, 81,  63.007,  3.252,  6.376, 82,  -0.376,  0.352,  0.141, 83,   1.089, -0.552,  9.730
31073.69451, 3,   1.592, -0.605,  8.980, 4,  -0.064,  0.088,  0.326, 5, -29.925, 12.413, 32.044
31073.73493, 3,   1.405, -0.483,  9.507, 4,  -0.020, -0.081,  0.052, 5, -30.956, 10.800, 32.044, 81,  62.024,  3.315,  6.716, 82,   0.258,  0.079, -0.216, 83,   1.147, -0.562,  9.723
31073.77536, 3,   1.214, -0.557,  9.756, 4,  -0.032, -0.073,  0.041, 5, -32.288,  9.544, 32.044, 81,  62.212,  3.380,  6.825, 82,   0.048,  0.016,  0.036, 83,   1.166, -0.573,  9.720
31073.81578, 3,   1.350, -0.677,  9.677, 4,  -0.015, -0.042,  0.055, 5, -33.656,  8.381, 31.500, 81,  62.404,  3.458,  7.010, 82,   0.153, -0.091, -0.039, 83,   1.197, -0.586,  9.716
31073.85620, 3,   1.046, -0.373,  9.660, 4,  -0.024, -0.066,  0.081, 5, -35.513,  7.744, 31.144, 81,  62.679,  3.485,  7.148, 82,  -0.174,  0.218, -0.052, 83,   1.220, -0.591,  9.712
31073.89662, 3,   0.890, -0.505,  9.239, 4,   0.011, -0.001,  0.137, 5, -36.956,  7.369, 30.169
31073.93705, 3,   1.197, -0.354,  9.957, 4,   0.001, -0.009,  0.116, 5, -38.569,  6.825, 29.344, 81,  63.062,  3.531,  7.143, 82,  -0.022,  0.245,  0.245, 83,   1.219, -0.599,  9.712
31073.97747, 3,   1.338, -0.337,  9.794, 4,  -0.023, -0.046,  0.030, 5, -39.788,  7.013, 28.144, 81,  63.512,  3.507,  7.196, 82,   0.109,  0.258,  0.083, 83,   1.229, -0.595,  9.711
31074.01789, 3,   1.317, -0.430,  9.339, 4,  -0.006,  0.001,  0.014, 5, -41.044,  7.013, 26.925, 81,  64.084,  3.512,  7.267, 82,   0.076,  0.165, -0.371, 83,   1.241, -0.595,  9.710
31074.05831, 3,   0.054, -0.759, 17.889, 4,   0.703, -0.718, -0.054, 5, -42.788,  6.788, 25.744, 81,  64.778,  4.026,  6.307, 82,  -1.023, -0.075,  8.166, 83,   1.077, -0.684,  9.723
31074.09874, 3,   2.552, -0.634, 10.676, 4,   0.190, -0.255, -0.093, 5, -44.456,  6.788, 24.000
31074.13916, 3,   0.701, -0.406,  8.633, 4,  -0.089,  0.080, -0.050, 5, -46.744,  6.544, 22.688, 81,  66.232,  4.197,  6.722, 82,  -0.447,  0.306, -1.080, 83,   1.148, -0.712,  9.713
31074.17958, 3,   1.511, -0.452, 10.019, 4,   0.018, -0.041, -0.071, 5, -48.413,  6.713, 21.413, 81,  67.067,  4.175,  6.870, 82,   0.338,  0.256,  0.309, 83,   1.173, -0.708,  9.710
31074.22000, 3,   1.173, -0.397,  9.346, 4,  -0.039,  0.039, -0.024, 5, -50.213,  7.013, 20.513, 81,  67.894,  4.195,  6.800, 82,   0.012,  0.315, -0.366, 83,   1.161, -0.712,  9.712
31074.26043, 3,   1.197, -0.600,  9.739, 4,   0.008,  0.033, -0.072, 5, -51.788,  7.800, 19.013, 81,  68.699,  4.179,  6.701, 82,   0.052,  0.109,  0.025, 83,   1.145, -0.709,  9.714
31074.30085, 3,   1.367, -0.656,  9.727, 4,   0.001,  0.039, -0.147, 5, -52.444,  9.169, 18.113, 81,  69.595,  4.154,  6.638, 82,   0.233,  0.049,  0.012, 83,   1.134, -0.705,  9.715
31074.34127, 3,   1.127, -0.622,  9.586, 4,  -0.038,  0.038, -0.240, 5, -53.513, 10.669, 16.781, 81,  70.596,  4.137,  6.567, 82,   0.005,  0.080, -0.131, 83,   1.122, -0.702,  9.717
31074.38169, 3,   1.163, -0.541,  9.595, 4,  -0.024,  0.065, -0.209, 5, -54.113, 12.000, 15.544, 81,  71.414,  4.111,  6.526, 82,   0.048,  0.157, -0.123, 83,   1.115, -0.698,  9.718
31074.42212, 3,   0.790, -0.950,  9.739, 4,  -0.006,  0.081, -0.217, 5, -54.244, 13.388, 15.713, 81,  72.144,  4.187,  6.354, 82,  -0.295, -0.239,  0.019, 83,   1.085, -0.711,  9.720
31074.46254, 3,   1.436, -0.802,  9.873, 4,  -0.009,  0.119, -0.196, 5, -54.525, 14.344, 15.281, 81,  72.742,  4.220,  6.342, 82,   0.353, -0.085,  0.153, 83,   1.083, -0.717,  9.720
31074.50296, 3,   1.290, -1.357,  9.466, 4,   0.034,  0.088, -0.288, 5, -53.456, 16.013, 16.144, 81,  73.355,  4.211,  6.122, 82,   0.244, -0.642, -0.258, 83,   1.046, -0.715,  9.724
31074.54338, 3,   1.245, -0.732,  9.718, 4,   0.054,  0.086, -0.400, 5, -52.913, 16.181, 16.500, 81,  74.037,  4.017,  6.033, 82,   0.214, -0.049, -0.010, 83,   1.031, -0.683,  9.728
31074.58381, 3,   0.476, -0.251,  9.828, 4,  -0.006,  0.100, -0.246, 5, -51.788, 16.688, 16.913
31074.62423, 3,   0.505, -0.330, 10.343, 4,   0.155, -0.095, -0.118, 5, -50.869, 16.781, 17.269, 81,  75.000,  3.519,  5.983, 82,  -0.517,  0.268,  0.608, 83,   1.022, -0.598,  9.735
31074.66465, 3,  -0.017, -0.591, 12.218, 4,   0.579, -1.009,  0.016, 5, -49.988, 16.744, 17.644, 81,  74.878,  2.984,  6.680, 82,  -1.158, -0.084,  2.491, 83,   1.141, -0.507,  9.727
31074.70507, 3,   1.290, -0.021,  8.235, 4,  -0.164,  0.105,  0.163, 5, -49.013, 16.369, 18.413, 81,  74.410,  2.656,  7.010, 82,   0.093,  0.430, -1.488, 83,   1.197, -0.451,  9.723
31074.74550, 3,   2.413, -0.885, 10.910, 4,   0.124, -0.135, -0.080, 5, -48.413, 16.013, 19.013, 81,  74.215,  2.705,  7.427, 82,   1.145, -0.426,  1.196, 83,   1.268, -0.459,  9.714
31074.78592, 3,   1.187, -0.227,  9.085, 4,  -0.041, -0.125, -0.193, 5, -47.344, 15.825, 19.688
31074.82634, 3,   1.032, -0.299,  9.466, 4,   0.005,  0.060,  0.003, 5, -46.369, 15.600, 20.269, 81,  74.540,  2.689,  7.423, 82,  -0.235,  0.157, -0.248, 83,   1.267, -0.456,  9.714
31074.86676, 3,   1.271, -0.428,  9.653, 4,  -0.021,  0.062,  0.034, 5, -46.256, 15.244, 20.344, 81,  74.328,  2.726,  7.327, 82,   0.020,  0.034, -0.063, 83,   1.251, -0.462,  9.716
31074.90719, 3,   1.084, -0.356,  9.581, 4,  -0.020,  0.053, -0.059, 5, -45.844, 15.000, 20.400
31074.94761, 3,   0.782, -0.150,  9.653, 4,  -0.009,  0.069, -0.069, 5, -45.844, 14.700, 20.588, 81,  74.357,  2.746,  6.904, 82,  -0.397,  0.316, -0.071, 83,   1.179, -0.466,  9.724
31074.98803, 3,   0.861, -0.081,  9.713, 4,  -0.012,  0.073,  0.001, 5, -45.956, 14.700, 20.400
31075.02845, 3,   0.890, -0.253, 10.019, 4,   0.030,  0.078, -0.008, 5, -45.356, 14.588, 20.344, 81,  74.228,  2.653,  6.538, 82,  -0.227,  0.198,  0.287, 83,   1.117, -0.451,  9.732
31075.06888, 3,   1.400, -0.026,  9.397, 4,   0.010,  0.044, -0.027, 5, -45.488, 14.513, 20.344, 81,  74.163,  2.544,  6.399, 82,   0.307,  0.406, -0.339, 83,   1.093, -0.432,  9.736
31075.10930, 3,   0.993, -0.469,  9.878, 4,   0.028,  0.119, -0.015, 5, -45.525, 14.700, 20.269, 81,  74.119,  2.556,  6.187, 82,  -0.064, -0.034,  0.138, 83,   1.057, -0.435,  9.740
31075.14972, 3,   0.869, -0.457,  9.538, 4,   0.018,  0.122,  0.010, 5, -45.244, 14.644, 20.269, 81,  74.037,  2.508,  5.918, 82,  -0.142, -0.030, -0.207, 83,   1.011, -0.427,  9.745
31075.19014, 3,   0.411, -0.394, 10.106, 4,   0.031,  0.073,  0.088, 5, -45.413, 14.513, 20.269, 81,  73.813,  2.439,  5.622, 82,  -0.550,  0.021,  0.355, 83,   0.961, -0.415,  9.751
31075.23057, 3,   0.981, -0.572,  9.797, 4,  -0.021, -0.026,  0.039, 5, -44.644, 14.588, 20.100, 81,  73.587,  2.490,  5.608, 82,   0.023, -0.148,  0.046, 83,   0.958, -0.424,  9.750
31075.27099, 3,   0.924, -0.495,  9.595, 4,  -0.023, -0.044,  0.036, 5, -44.213, 14.213, 20.025, 81,  73.466,  2.557,  5.642, 82,  -0.040, -0.060, -0.154, 83,   0.964, -0.435,  9.749
31075.31141, 3,   1.235, -0.962,  9.847, 4,  -0.045, -0.109,  0.068, 5, -44.213, 13.913, 20.344, 81,  73.263,  2.723,  5.832, 82,   0.238, -0.499,  0.102, 83,   0.997, -0.463,  9.745
31075.35183, 3,   1.513, -0.859,  9.399, 4,  -0.046, -0.049,  0.067, 5, -43.988, 14.213, 20.269, 81,  73.054,  2.894,  6.007, 82,   0.487, -0.367, -0.341, 83,   1.026, -0.492,  9.740
31075.39226, 3,   1.408, -0.517,  9.742, 4,  -0.039,  0.007,  0.070, 5, -43.913, 13.988, 20.813
31075.43268, 3,   1.168, -0.100,  9.634, 4,  -0.012, -0.005,  0.126, 5, -43.313, 13.781, 20.925, 81,  72.550,  3.028,  6.037, 82,   0.137,  0.415, -0.105, 83,   1.031, -0.515,  9.739
31075.47310, 3,   2.449,  5.286, 13.212, 4,  -0.406,  0.780, -0.471, 5, -42.788, 13.988, 20.813, 81,  73.004,  3.753,  5.275, 82,   1.547,  5.925,  3.468, 83,   0.902, -0.639,  9.744
31075.51352, 3,  -0.270, -1.918,  5.675, 4,  -0.779,  0.498, -0.297, 5, -42.544, 13.613, 21.244, 81,  73.514,  4.639,  3.863, 82,  -0.931, -1.127, -4.077, 83,   0.661, -0.791,  9.752
31075.55395, 3,   1.259, -1.891,  9.634, 4,   0.052, -0.782, -0.325, 5, -42.713, 13.144, 21.000, 81,  74.128,  5.276,  5.785, 82,   0.270, -0.994, -0.081, 83,   0.988, -0.897,  9.715
31075.59437, 3,   1.757, -0.850,  8.381, 4,   0.058,  0.220, -0.039, 5, -42.844, 12.713, 20.925
31075.63479, 3,   0.826, -1.214, 10.539, 4,  -0.020,  0.316,  0.112, 5, -42.956, 12.000, 20.888, 81,  74.252,  5.083,  5.513, 82,  -0.116, -0.349,  0.816, 83,   0.942, -0.865,  9.723
31075.67521, 3,   0.598, -1.824,  9.710, 4,  -0.011,  0.047,  0.173, 5, -42.844, 11.400, 20.813
31075.71564, 3,   0.421, -1.549,  9.720, 4,   0.054, -0.139,  0.214, 5, -42.544, 11.044, 20.700, 81,  73.402,  5.539,  4.924, 82,  -0.421, -0.606, -0.005, 83,   0.842, -0.943,  9.725
31075.75606, 3,   0.677, -1.558,  9.516, 4,   0.135, -0.304,  0.238, 5, -42.788, 10.744, 20.588, 81,  72.824,  5.468,  5.412, 82,  -0.248, -0.628, -0.203, 83,   0.925, -0.930,  9.719
31075.79648, 3,   0.706, -1.156, 11.677, 4,   0.203,  0.108,  0.176, 5, -43.088, 10.988, 20.644, 81,  72.440,  5.383,  5.349, 82,  -0.208, -0.240,  1.956, 83,   0.914, -0.916,  9.721
31075.83690, 3,   0.435, -1.072,  9.097, 4,  -0.088,  0.079,  0.123, 5, -43.013, 11.400, 20.100, 81,  72.186,  5.412,  5.010, 82,  -0.421, -0.151, -0.629, 83,   0.856, -0.921,  9.726
31075.87733, 3,   0.600, -1.214, 10.003, 4,   0.014,  0.160,  0.078, 5, -42.844, 11.813, 20.344
31075.91775, 3,   0.670, -0.936,  9.775, 4,  -0.004,  0.014,  0.045, 5, -42.544, 12.413, 20.400, 81,  71.879,  5.459,  4.645, 82,  -0.124, -0.006,  0.045, 83,   0.794, -0.930,  9.730
31075.95817, 3,   0.165, -0.976, 11.990, 4,   0.239,  0.188,  0.086, 5, -42.113, 12.488, 20.100, 81,  71.849,  5.402,  4.048, 82,  -0.527, -0.055,  2.251, 83,   0.692, -0.921,  9.739
31075.99859, 3,   0.112, -1.000,  8.029, 4,   0.015, -0.563,  0.102, 5, -42.113, 12.544, 20.513, 81,  71.578,  5.285,  4.427, 82,  -0.645, -0.100, -1.707, 83,   0.757, -0.900,  9.736
31076.03902, 3,   1.697, -0.325, 12.141, 4,   0.200,  0.068,  0.039, 5, -42.056, 12.788, 20.213, 81,  71.395,  4.996,  5.180, 82,   0.812,  0.525,  2.411, 83,   0.885, -0.850,  9.730
31076.07944, 3,   0.641, -0.433,  8.209, 4,   0.059, -0.152,  0.124, 5, -41.513, 12.788, 20.513
31076.11986, 3,   1.065, -0.526,  9.876, 4,   0.124,  0.073,  0.109, 5, -41.288, 12.900, 20.700, 81,  70.885,  4.483,  5.309, 82,   0.158,  0.237,  0.141, 83,   0.907, -0.763,  9.735
31076.16028, 3,   1.075, -0.215,  9.703, 4,   0.413,  0.168,  0.035, 5, -40.556, 13.013, 20.700, 81,  70.772,  3.995,  5.302, 82,   0.169,  0.465, -0.038, 83,   0.906, -0.680,  9.741
31076.20071, 3,   0.232, -0.574,  8.321, 4,   0.175, -0.105,  0.173, 5, -39.713, 13.088, 20.644, 81,  70.463,  3.723,  4.861, 82,  -0.599,  0.060, -1.430, 83,   0.831, -0.634,  9.751
31076.24113, 3,   1.391, -0.715, 11.540, 4,   0.214,  0.024,  0.056, 5, -39.544, 13.144, 20.100, 81,  70.118,  3.725,  5.336, 82,   0.479, -0.081,  1.796, 83,   0.912, -0.634,  9.744
31076.28155, 3,   0.536, -0.404,  8.343, 4,   0.039,  0.090,  0.095, 5, -38.925, 13.013, 20.213
31076.32197, 3,   0.969, -0.107, 10.616, 4,  -0.062, -0.276,  0.075, 5, -38.644, 12.844, 19.988, 81,  69.812,  3.439,  5.123, 82,   0.093,  0.479,  0.866, 83,   0.876, -0.586,  9.750
31076.36240, 3,   1.556, -0.404,  8.568, 4,   0.001, -0.099,  0.040, 5, -38.813, 12.788, 20.213, 81,  69.713,  3.499,  5.435, 82,   0.627,  0.192, -1.176, 83,   0.929, -0.596,  9.744
31076.40282, 3,   1.125, -0.035,  9.758, 4,  -0.010,  0.020,  0.141, 5, -38.456, 12.844, 20.513, 81,  69.544,  3.344,  5.626, 82,   0.164,  0.534,  0.015, 83,   0.961, -0.569,  9.743
31076.44324, 3,   1.499, -0.428,  9.555, 4,  -0.008, -0.059,  0.102, 5, -38.156, 12.900, 20.588, 81,  69.307,  3.309,  5.705, 82,   0.524,  0.135, -0.187, 83,   0.975, -0.563,  9.742
31076.48366, 3,   1.204, -0.505,  9.751, 4,   0.001, -0.032,  0.065, 5, -37.856, 13.088, 20.813, 81,  69.164,  3.313,  5.833, 82,   0.207,  0.059,  0.011, 83,   0.997, -0.564,  9.740
31076.52409, 3,   1.443, -0.239,  9.406, 4,   0.015,  0.001,  0.019, 5, -37.613, 13.200, 21.188, 81,  69.103,  3.268,  5.926, 82,   0.430,  0.317, -0.332, 83,   1.013, -0.556,  9.738
31076.56451, 3,   1.285, -0.047,  9.586, 4,   0.058,  0.093, -0.020, 5, -37.013, 13.144, 21.113, 81,  69.152,  3.075,  5.807, 82,   0.293,  0.476, -0.156, 83,   0.992, -0.523,  9.742
31076.60493, 3,   0.883,  0.165, 10.048, 4,   0.011, -0.028, -0.028, 5, -37.069, 12.788, 21.188, 81,  69.239,  2.958,  5.721, 82,  -0.095,  0.668,  0.303, 83,   0.978, -0.503,  9.745
31076.64535, 3,   1.058,  0.088,  9.581, 4,   0.009,  0.016, -0.042, 5, -36.844, 12.788, 21.788, 81,  69.399,  2.854,  5.760, 82,   0.074,  0.574, -0.164, 83,   0.984, -0.486,  9.745
31076.68578, 3,   0.708, -0.066,  9.722, 4,   0.009, -0.010, -0.056, 5, -36.488, 12.788, 22.013, 81,  69.530,  2.737,  5.720, 82,  -0.269,  0.400, -0.025, 83,   0.977, -0.466,  9.747
31076.72620, 3,   0.821, -0.179,  9.806, 4,   0.004, -0.087, -0.065, 5, -36.113, 12.544, 22.313, 81,  69.703,  2.656,  5.838, 82,  -0.177,  0.273,  0.061, 83,   0.998, -0.452,  9.745
31076.76662, 3,   0.962, -0.641,  9.538, 4,  -0.008, -0.008, -0.024, 5, -35.888, 12.788, 22.613
31076.80704, 3,   0.667, -0.495,  9.684, 4,  -0.001,  0.086,  0.016, 5, -35.644, 12.413, 22.613, 81,  69.842,  2.667,  5.845, 82,  -0.332, -0.041, -0.061, 83,   0.999, -0.454,  9.745
31076.84747, 3,   0.596, -0.658,  9.658, 4,   0.008, -0.036,  0.016, 5, -35.644, 12.113, 22.913, 81,  69.818,  2.716,  5.792, 82,  -0.394, -0.196, -0.088, 83,   0.990, -0.462,  9.746
31076.88789, 3,   0.653, -0.663,  9.900, 4,  -0.001, -0.040,  0.037, 5, -35.513, 11.700, 23.213, 81,  69.797,  2.772,  5.800, 82,  -0.338, -0.191,  0.155, 83,   0.991, -0.472,  9.745
31076.92831, 3,   0.996, -1.111,  9.648, 4,   0.007, -0.090,  0.056, 5, -35.513, 11.288, 23.700, 81,  69.701,  2.936,  5.938, 82,  -0.019, -0.612, -0.093, 83,   1.015, -0.499,  9.741
31076.96873, 3,   1.216, -1.285,  9.591, 4,  -0.046, -0.038, -0.008, 5, -35.213, 10.613, 24.000
31077.00916, 3,   1.254, -1.271,  9.756, 4,  -0.055, -0.051, -0.094, 5, -35.156,  9.788, 24.188, 81,  69.900,  3.383,  6.203, 82,   0.194, -0.696,  0.024, 83,   1.060, -0.575,  9.732
31077.04958, 3,   1.290,  0.194, 13.171, 4,  -0.052,  0.773, -0.042, 5, -35.644,  9.113, 25.013, 81,  70.392,  4.101,  5.284, 82,   0.387,  0.892,  3.431, 83,   0.903, -0.698,  9.740
31077.09000, 3,  -0.194, -1.633,  7.792, 4,   0.107, -0.969,  0.006, 5, -35.813,  8.381, 25.425, 81,  70.644,  4.258,  5.598, 82,  -1.151, -0.908, -1.941, 83,   0.957, -0.725,  9.733
31077.13042, 3,   2.224,  0.299, 10.963, 4,  -0.179,  0.546, -0.008, 5, -36.188,  7.500, 25.988, 81,  70.783,  4.229,  6.711, 82,   1.078,  1.017,  1.250, 83,   1.146, -0.718,  9.713
31077.17085, 3,   0.689, -0.356,  8.046, 4,   0.136, -0.150,  0.124, 5, -36.225,  6.300, 26.888
31077.21127, 3,   1.506, -0.299, 10.776, 4,   0.029,  0.037,  0.125, 5, -36.356,  5.325, 26.700, 81,  70.865,  4.086,  6.469, 82,   0.401,  0.395,  1.057, 83,   1.105, -0.694,  9.719
31077.25169, 3,   1.269, -0.617,  9.181, 4,   0.025,  0.047,  0.043, 5, -36.956,  3.844, 26.888, 81,  71.011,  4.092,  6.226, 82,   0.205,  0.079, -0.543, 83,   1.064, -0.696,  9.724
31077.29211, 3,   1.384,  0.196, 10.156, 4,   0.008, -0.055, -0.092, 5, -37.425,  2.888, 26.813, 81,  71.626,  3.950,  6.413, 82,   0.289,  0.867,  0.434, 83,   1.095, -0.671,  9.722
31077.33254, 3,   0.694, -0.275,  9.756, 4,  -0.004, -0.139, -0.064, 5, -38.644,  2.081, 26.081, 81,  72.209,  3.860,  6.502, 82,  -0.417,  0.381,  0.035, 83,   1.111, -0.656,  9.721
31077.37296, 3,   1.369, -0.732,  9.706, 4,   0.015, -0.004, -0.091, 5, -40.013,  0.525, 25.088
31077.41338, 3,   2.033, -0.303,  9.169, 4,   0.018,  0.077, -0.092, 5, -40.613,  0.113, 24.488, 81,  73.677,  3.780,  6.762, 82,   0.878,  0.339, -0.548, 83,   1.155, -0.642,  9.717
31077.45380, 3,   1.226, -0.313,  9.749, 4,  -0.005,  0.076, -0.160, 5, -42.244, -0.656, 23.288, 81,  74.657,  3.625,  6.738, 82,   0.075,  0.303,  0.030, 83,   1.151, -0.616,  9.719
31077.49423, 3,   0.742, -1.065,  9.682, 4,   0.054, -0.017, -0.106, 5, -43.369, -1.500, 22.013, 81,  75.538,  3.667,  6.432, 82,  -0.357, -0.442, -0.043, 83,   1.099, -0.623,  9.725
31077.53465, 3,   0.914, -1.044,  9.409, 4,  -0.068, -0.060, -0.057, 5, -44.644, -2.288, 20.588, 81,  76.383,  3.712,  6.495, 82,  -0.195, -0.413, -0.314, 83,   1.109, -0.631,  9.723
31077.57507, 3,   1.039, -1.125,  9.492, 4,  -0.015,  0.007, -0.108, 5, -46.144, -2.700, 19.181, 81,  77.315,  3.824,  6.396, 82,  -0.053, -0.475, -0.232, 83,   1.092, -0.650,  9.724
31077.61549, 3,   0.888, -0.615,  9.868, 4,  -0.019, -0.033, -0.095, 5, -47.456, -3.356, 17.588, 81,  78.248,  3.866,  6.431, 82,  -0.210,  0.042,  0.145, 83,   1.098, -0.657,  9.723
31077.65592, 3,   1.623, -0.241,  9.524, 4,  -0.045, -0.028, -0.132, 5, -49.256, -3.488, 15.900, 81,  79.219,  3.829,  6.617, 82,   0.493,  0.409, -0.196, 83,   1.130, -0.650,  9.720
31077.69634, 3,   1.020, -0.514,  9.732, 4,  -0.024, -0.022, -0.108, 5, -51.356, -3.300, 14.513, 81,  80.229,  3.814,  6.663, 82,  -0.118,  0.134,  0.013, 83,   1.138, -0.648,  9.719
31077.73676, 3,   1.333, -0.725,  9.622, 4,  -0.045, -0.045, -0.116, 5, -53.288, -2.813, 12.788, 81,  81.141,  3.882,  6.783, 82,   0.175, -0.066, -0.094, 83,   1.158, -0.659,  9.716
31077.77718, 3,   0.993, -0.660, 12.031, 4,   0.296,  0.163, -0.089, 5, -55.256, -2.288, 11.400
31077.81761, 3,   1.233, -0.227,  7.224, 4,   0.085, -0.350, -0.008, 5, -56.944, -1.313,  9.881, 81,  82.635,  3.290,  6.692, 82,   0.090,  0.332, -2.500, 83,   1.143, -0.559,  9.724
31077.85803, 3,   1.798, -0.155, 10.700, 4,  -0.070,  0.154, -0.155, 5, -58.088, -0.188,  8.513, 81,  83.359,  3.369,  7.025, 82,   0.599,  0.417,  0.984, 83,   1.199, -0.572,  9.716
31077.89845, 3,   0.644, -0.289,  8.918, 4,   0.069,  0.121, -0.080, 5, -58.744,  1.313,  7.313, 81,  83.940,  3.046,  6.952, 82,  -0.543,  0.228, -0.803, 83,   1.187, -0.517,  9.721
31077.93887, 3,   0.787, -0.145,  9.763, 4,   0.092, -0.029,  0.020, 5, -59.513,  3.000,  6.244, 81,  84.192,  2.774,  6.856, 82,  -0.384,  0.326,  0.038, 83,   1.171, -0.471,  9.725
31077.97930, 3,   1.051, -0.155,  9.507, 4,  -0.008,  0.049,  0.089, 5, -59.756,  4.444,  5.813
31078.01972, 3,   1.178, -0.356, 10.125, 4,  -0.065, -0.089,  0.056, 5, -60.356,  5.400,  5.400, 81,  84.031,  2.737,  6.836, 82,   0.011,  0.109,  0.399, 83,   1.167, -0.465,  9.726
31078.06014, 3,   1.364, -0.536,  9.227, 4,  -0.026, -0.042, -0.013, 5, -60.788,  6.244,  5.044
31078.10056, 3,   1.008, -0.256,  9.830, 4,  -0.039, -0.032, -0.041, 5, -60.413,  7.369,  4.669, 81,  83.986,  2.859,  7.055, 82,  -0.196,  0.229,  0.110, 83,   1.204, -0.485,  9.720
31078.14099, 3,   1.103, -0.588,  9.603, 4,  -0.049, -0.017, -0.069, 5, -60.244,  8.044,  4.388, 81,  83.991,  2.957,  7.089, 82,  -0.107, -0.086, -0.116, 83,   1.210, -0.502,  9.719
31078.18141, 3,   1.317, -0.706,  9.679, 4,  -0.036, -0.002, -0.126, 5, -59.588,  8.700,  4.181
31078.22183, 3,   1.096, -0.565,  9.476, 4,   0.002,  0.030, -0.114, 5, -59.156,  9.113,  4.181, 81,  84.183,  3.096,  7.116, 82,  -0.119, -0.039, -0.241, 83,   1.215, -0.526,  9.717
31078.26225, 3,   1.384, -0.560,  9.670, 4,   0.027,  0.076, -0.075, 5, -58.988,  9.244,  4.088
31078.30268, 3,   1.470, -0.368,  9.765, 4,   0.007,  0.030, -0.034, 5, -59.025,  9.413,  3.844, 81,  84.106,  2.913,  6.932, 82,   0.286,  0.127,  0.043, 83,   1.184, -0.495,  9.722
31078.34310, 3,   1.702, -0.440,  9.708, 4,  -0.023,  0.029, -0.038, 5, -58.913,  9.713,  2.644, 81,  83.996,  2.912,  6.963, 82,   0.513,  0.055, -0.014, 83,   1.189, -0.495,  9.722
31078.38352, 3,   1.283, -0.598,  9.239, 4,   0.055,  0.060, -0.055, 5, -58.913,  9.581,  2.044, 81,  83.905,  2.873,  6.866, 82,   0.111, -0.110, -0.485, 83,   1.172, -0.488,  9.724
31078.42394, 3,   1.453, -0.502,  9.593, 4,   0.117,  0.135, -0.125, 5, -58.856,  9.581,  1.688, 81,  83.945,  2.642,  6.708, 82,   0.308, -0.053, -0.136, 83,   1.145, -0.449,  9.729
31078.46437, 3,   0.955, -0.050,  9.524, 4,   0.153,  0.163, -0.125, 5, -58.988,  9.544,  1.613, 81,  84.145,  2.187,  6.280, 82,  -0.118,  0.322, -0.217, 83,   1.073, -0.372,  9.741
31078.50479, 3,   0.725,  0.728, 10.084, 4,   0.006, -0.087,  0.056, 5, -59.588,  9.788,  1.144, 81,  84.054,  1.763,  6.019, 82,  -0.303,  1.028,  0.336, 83,   1.028, -0.300,  9.748
31078.54521, 3,   1.312, -0.339,  9.006, 4,  -0.080,  0.097,  0.010, 5, -59.756, 10.444,  1.013, 81,  83.772,  1.796,  5.959, 82,   0.294, -0.033, -0.743, 83,   1.018, -0.306,  9.749
31078.58563, 3,   0.957, -0.311, 10.122, 4,   0.010, -0.048, -0.024, 5, -59.944, 10.669,  0.413, 81,  83.591,  1.798,  6.057, 82,  -0.078, -0.005,  0.375, 83,   1.035, -0.306,  9.747
31078.62606, 3,   0.967, -0.354,  9.370, 4,   0.004, -0.009, -0.049, 5, -59.644, 10.800,  0.188, 81,  83.469,  1.785,  6.030, 82,  -0.063, -0.050, -0.378, 83,   1.030, -0.304,  9.748
31078.66648, 3,   1.034, -0.258,  9.936, 4,   0.003,  0.016, -0.048, 5, -59.213, 10.800,  0.244, 81,  83.356,  1.773,  6.088, 82,  -0.006,  0.044,  0.189, 83,   1.040, -0.302,  9.747
31078.70690, 3,   0.950, -0.311,  9.504, 4,  -0.006, -0.023, -0.080, 5, -59.456, 10.500,  0.244, 81,  83.330,  1.754,  6.090, 82,  -0.091, -0.012, -0.243, 83,   1.040, -0.298,  9.747
31078.74732, 3,   1.060, -0.301,  9.730, 4,   0.005,  0.026, -0.101, 5, -59.869, 10.669,  0.413, 81,  83.351,  1.729,  6.107, 82,   0.017, -0.007, -0.017, 83,   1.043, -0.294,  9.747
31078.78775, 3,   0.579,  0.170,  9.651, 4,  -0.003, -0.005, -0.014, 5, -60.056, 10.669,  0.413, 81,  83.289,  1.637,  6.074, 82,  -0.459,  0.448, -0.097, 83,   1.038, -0.279,  9.748
31078.82817, 3,   1.115,  0.110,  9.619, 4,   0.002,  0.014,  0.023, 5, -60.056, 10.500,  0.281, 81,  83.103,  1.552,  6.080, 82,   0.076,  0.374, -0.129, 83,   1.039, -0.264,  9.748
31078.86859, 3,   1.079,  0.134,  9.696, 4,   0.008, -0.006,  0.055, 5, -60.113, 10.669,  0.281, 81,  82.850,  1.460,  6.098, 82,   0.037,  0.382, -0.052, 83,   1.042, -0.248,  9.748
31078.90901, 3,   1.127,  0.198,  9.703, 4,   0.004,  0.014,  0.072, 5, -59.588, 10.744,  0.000, 81,  82.566,  1.358,  6.110, 82,   0.083,  0.429, -0.045, 83,   1.044, -0.231,  9.748
31078.94944, 3,   0.895,  0.352,  9.497, 4,   0.004,  0.015,  0.138, 5, -59.869, 11.100, -0.413, 81,  82.158,  1.282,  6.075, 82,  -0.143,  0.570, -0.252, 83,   1.038, -0.218,  9.749
31078.98986, 3,   0.976,  0.057,  9.691, 4,   0.001,  0.034,  0.188, 5, -60.056, 11.400, -0.656, 81,  81.603,  1.237,  6.043, 82,  -0.056,  0.267, -0.059, 83,   1.032, -0.210,  9.750
31079.03028, 3,   0.957, -0.131,  9.612, 4,   0.014, -0.009,  0.204, 5, -59.944, 11.888, -0.713, 81,  81.013,  1.243,  6.020, 82,  -0.071,  0.081, -0.138, 83,   1.028, -0.212,  9.750
31079.07070, 3,   1.254, -0.165,  9.682, 4,   0.012,  0.024,  0.155, 5, -60.488, 12.169, -0.656, 81,  80.499,  1.241,  6.012, 82,   0.227,  0.046, -0.068, 83,   1.027, -0.211,  9.750
31079.11113, 3,   1.084,  0.107,  9.679, 4,   0.008,  0.027,  0.103, 5, -60.244, 12.544, -0.956, 81,  80.109,  1.179,  5.953, 82,   0.067,  0.308, -0.073, 83,   1.017, -0.201,  9.752
31079.15155, 3,   1.178, -0.042,  9.722, 4,  -0.009,  0.023,  0.013, 5, -60.056, 13.313, -1.388
31079.19197, 3,   0.969, -0.040,  9.727, 4,  -0.009,  0.023, -0.016, 5, -59.756, 13.613, -1.969, 81,  79.741,  1.151,  5.829, 82,  -0.027,  0.156, -0.027, 83,   0.996, -0.196,  9.754
31079.23239, 3,   1.146, -0.141,  9.715, 4,   0.011,  0.012, -0.005, 5, -59.344, 13.988, -2.588, 81,  79.611,  1.143,  5.804, 82,   0.154,  0.054, -0.039, 83,   0.992, -0.195,  9.754
31079.27282, 3,   0.988, -0.301,  9.722, 4,  -0.006,  0.008,  0.004, 5, -59.644, 14.213, -2.513, 81,  79.447,  1.165,  5.750, 82,   0.006, -0.103, -0.033, 83,   0.982, -0.198,  9.755
31079.31324, 3,   0.821, -0.332,  9.658, 4,  -0.003,  0.024,  0.003, 5, -60.056, 14.513, -2.513, 81,  79.272,  1.205,  5.686, 82,  -0.151, -0.127, -0.098, 83,   0.972, -0.205,  9.756
31079.35366, 3,   0.991, -0.476,  9.662, 4,  -0.001, -0.001, -0.001, 5, -59.944, 14.344, -2.456
31079.39408, 3,   1.029, -0.258,  9.868, 4,   0.022, -0.010,  0.001, 5, -60.056, 14.213, -2.381, 81,  78.977,  1.241,  5.690, 82,   0.057, -0.047,  0.112, 83,   0.972, -0.211,  9.756
31079.43451, 3,   0.787, -0.418,  9.404, 4,  -0.006, -0.017, -0.003, 5, -59.644, 14.400, -2.513, 81,  78.838,  1.253,  5.653, 82,  -0.179, -0.205, -0.353, 83,   0.966, -0.213,  9.757
31079.47493, 3,   1.065, -0.342, 10.335, 4,   0.038, -0.036,  0.003, 5, -59.513, 14.344, -2.213, 81,  78.698,  1.283,  5.644, 82,   0.100, -0.123,  0.578, 83,   0.965, -0.219,  9.757
31079.51535, 3,   0.735, -0.339,  9.595, 4,   0.021, -0.056, -0.001, 5, -59.644, 14.344, -2.156, 81,  78.578,  1.266,  5.599, 82,  -0.222, -0.123, -0.162, 83,   0.957, -0.216,  9.757
31079.55577, 3,   0.952, -0.406,  9.878, 4,   0.006, -0.012, -0.002, 5, -59.756, 14.588, -2.381
31079.59620, 3,   1.022, -0.303,  9.576, 4,  -0.001, -0.025,  0.007, 5, -59.944, 14.400, -2.213, 81,  78.337,  1.309,  5.602, 82,   0.065, -0.080, -0.181, 83,   0.957, -0.223,  9.757
31079.63662, 3,   0.761, -0.430,  9.914, 4,   0.019, -0.003, -0.006, 5, -59.513, 14.344, -2.700, 81,  78.225,  1.335,  5.613, 82,  -0.198, -0.203,  0.157, 83,   0.959, -0.227,  9.757
31079.67704, 3,   1.146, -0.256,  9.344, 4,  -0.011,  0.004,  0.003, 5, -59.344, 14.588, -2.756, 81,  78.116,  1.326,  5.622, 82,   0.185, -0.030, -0.413, 83,   0.961, -0.226,  9.757
31079.71747, 3,   0.881, -0.387,  9.833, 4,  -0.004,  0.014, -0.002, 5, -59.213, 14.513, -2.700, 81,  78.008,  1.386,  5.574, 82,  -0.072, -0.151,  0.076, 83,   0.953, -0.236,  9.757
31079.75789, 3,   0.797, -0.373,  9.713, 4,   0.005, -0.024, -0.005, 5, -58.913, 14.513, -2.513
31079.79831, 3,   1.127, -0.327,  9.646, 4,  -0.003,  0.012,  0.005, 5, -59.456, 14.513, -2.213, 81,  77.817,  1.431,  5.555, 82,   0.178, -0.083, -0.112, 83,   0.949, -0.244,  9.758
31079.83873, 3,   0.749, -0.320,  9.763, 4,   0.001, -0.008, -0.002, 5, -59.288, 14.588, -2.156, 81,  77.724,  1.459,  5.523, 82,  -0.195, -0.071,  0.005, 83,   0.944, -0.249,  9.758
31079.87915, 3,   1.005, -0.378,  9.615, 4,  -0.001,  0.000, -0.001, 5, -59.213, 15.000, -2.213, 81,  77.621,  1.477,  5.512, 82,   0.063, -0.126, -0.143, 83,   0.942, -0.252,  9.758
31079.91958, 3,   0.979, -0.351,  9.696, 4,  -0.001,  0.015,  0.004, 5, -59.344, 14.944, -2.381, 81,  77.523,  1.498,  5.512, 82,   0.037, -0.096, -0.062, 83,   0.942, -0.255,  9.758
31079.96000, 3,   0.802, -0.306,  9.684, 4,  -0.002,  0.000, -0.005, 5, -59.213, 14.813, -2.081, 81,  77.437,  1.510,  5.471, 82,  -0.133, -0.049, -0.075, 83,   0.935, -0.257,  9.759
31080.00042, 3,   1.089, -0.440,  9.667, 4,  -0.001,  0.007,  0.001, 5, -59.756, 14.588, -2.288, 81,  77.363,  1.544,  5.492, 82,   0.150, -0.177, -0.091, 83,   0.939, -0.263,  9.758
31080.04085, 3,   0.787, -0.272,  9.646, 4,   0.001, -0.005, -0.002, 5, -59.644, 14.288, -1.913, 81,  77.313,  1.544,  5.469, 82,  -0.148, -0.009, -0.112, 83,   0.935, -0.263,  9.758
31080.08127, 3,   1.032, -0.397,  9.648, 4,  -0.003,  0.008, -0.001, 5, -59.513, 14.513, -2.213, 81,  77.252,  1.565,  5.503, 82,   0.092, -0.130, -0.110, 83,   0.940, -0.267,  9.758
31080.12169, 3,   0.986, -0.337,  9.579, 4,  -0.003,  0.004,  0.005, 5, -59.513, 14.588, -2.456, 81,  77.186,  1.572,  5.505, 82,   0.045, -0.069, -0.179, 83,   0.941, -0.268,  9.758
31080.16211, 3,   0.770, -0.327,  9.768, 4,  -0.001, -0.013, -0.002, 5, -59.025, 14.700, -2.588
31080.20254, 3,   1.137, -0.373,  9.387, 4,  -0.011,  0.035, -0.004, 5, -59.344, 14.644, -2.756, 81,  77.063,  1.588,  5.501, 82,   0.197, -0.103, -0.371, 83,   0.940, -0.270,  9.758
31080.24296, 3,   0.888, -0.311,  9.868, 4,  -0.007,  0.017,  0.004, 5, -59.513, 14.644, -2.700
31080.28338, 3,   0.861, -0.368,  9.464, 4,  -0.011,  0.002,  0.001, 5, -59.756, 14.813, -2.756, 81,  76.931,  1.615,  5.465, 82,  -0.073, -0.093, -0.294, 83,   0.934, -0.275,  9.758
31080.32380, 3,   1.115, -0.385,  9.775, 4,  -0.005,  0.023,  0.002, 5, -59.756, 14.644, -2.588, 81,  76.880,  1.640,  5.499, 82,   0.175, -0.106,  0.018, 83,   0.940, -0.279,  9.758
31080.36423, 3,   0.770, -0.315,  9.581, 4,  -0.001, -0.012,  0.002, 5, -59.813, 14.400, -2.213, 81,  76.848,  1.644,  5.473, 82,  -0.165, -0.035, -0.177, 83,   0.935, -0.280,  9.758
31080.40465, 3,   1.017, -0.382,  9.706, 4,   0.003,  0.004, -0.002, 5, -60.056, 14.344, -2.288, 81,  76.828,  1.661,  5.483, 82,   0.080, -0.099, -0.052, 83,   0.937, -0.283,  9.758
31080.44507, 3,   0.964, -0.315,  9.691, 4,   0.001, -0.009,  0.004, 5, -59.588, 14.044, -2.456
31080.48549, 3,   0.816, -0.380,  9.658, 4,   0.005, -0.001, -0.002, 5, -59.588, 14.100, -2.288, 81,  76.798,  1.678,  5.471, 82,  -0.119, -0.094, -0.100, 83,   0.935, -0.286,  9.758
31080.52592, 3,   1.091, -0.342,  9.720, 4,   0.002,  0.005,  0.002, 5, -59.513, 14.344, -2.381, 81,  76.772,  1.686,  5.498, 82,   0.151, -0.055, -0.037, 83,   0.940, -0.287,  9.757
31080.56634, 3,   0.833, -0.337,  9.619, 4,  -0.001, -0.001,  0.002, 5, -59.213, 14.400, -2.456
31080.60676, 3,   0.945, -0.373,  9.701, 4,   0.001,  0.005, -0.001, 5, -59.288, 14.588, -2.288, 81,  76.717,  1.708,  5.480, 82,   0.008, -0.082, -0.057, 83,   0.937, -0.291,  9.757
31080.64718, 3,   1.003, -0.337,  9.658, 4,  -0.001,  0.000,  0.002, 5, -59.288, 15.000, -2.513
31080.68761, 3,   0.828, -0.371,  9.682, 4,   0.001, -0.003, -0.002, 5, -59.344, 14.813, -2.588, 81,  76.623,  1.730,  5.471, 82,  -0.107, -0.076, -0.075, 83,   0.935, -0.295,  9.758
31080.72803, 3,   1.024, -0.332,  9.674, 4,   0.002, -0.005,  0.001, 5, -59.588, 14.700, -2.513, 81,  76.592,  1.735,  5.488, 82,   0.086, -0.036, -0.083, 83,   0.938, -0.296,  9.757
31080.76845, 3,   0.902, -0.359,  9.677, 4,  -0.001,  0.001,  0.002, 5, -59.588, 15.000, -2.288, 81,  76.549,  1.746,  5.479, 82,  -0.034, -0.061, -0.080, 83,   0.936, -0.297,  9.757
31080.80887, 3,   0.893, -0.347,  9.670, 4,  -0.002, -0.001, -0.001, 5, -59.644, 14.944, -2.081, 81,  76.509,  1.755,  5.475, 82,  -0.043, -0.048, -0.087, 83,   0.936, -0.299,  9.757
31080.84930, 3,   1.027, -0.368,  9.658, 4,  -0.003, -0.001, -0.002, 5, -59.588, 15.113, -1.969, 81,  76.467,  1.764,  5.482, 82,   0.090, -0.067, -0.099, 83,   0.937, -0.301,  9.757
31080.88972, 3,   0.833, -0.342,  9.677, 4,   0.001, -0.001, -0.001, 5, -59.344, 15.281, -2.213, 81,  76.415,  1.771,  5.471, 82,  -0.102, -0.040, -0.080, 83,   0.935, -0.302,  9.757
31080.93014, 3,   0.988, -0.361,  9.684, 4,  -0.001, -0.005, -0.001, 5, -59.344, 14.888, -2.513, 81,  76.382,  1.781,  5.478, 82,   0.052, -0.058, -0.073, 83,   0.936, -0.303,  9.757
31080.97056, 3,   0.941, -0.354,  9.660, 4,  -0.001,  0.001,  0.002, 5, -59.213, 14.644, -2.588, 81,  76.356,  1.788,  5.474, 82,   0.005, -0.049, -0.097, 83,   0.935, -0.305,  9.757
31081.01099, 3,   0.859, -0.349,  9.679, 4,  -0.001, -0.001,  0.002, 5, -59.213, 14.813, -2.756, 81,  76.331,  1.798,  5.469, 82,  -0.076, -0.043, -0.078, 83,   0.935, -0.306,  9.757
31081.05141, 3,   1.017, -0.363,  9.653, 4,  -0.001,  0.002, -0.002, 5, -59.288, 14.888, -2.456, 81,  76.306,  1.804,  5.475, 82,   0.081, -0.056, -0.104, 83,   0.936, -0.307,  9.757
31081.09183, 3,   0.895, -0.347,  9.533, 4,  -0.005, -0.043,  0.002, 5, -59.288, 15.281, -2.213, 81,  76.261,  1.796,  5.512, 82,  -0.047, -0.041, -0.224, 83,   0.942, -0.306,  9.757
31081.13225, 3,   0.974, -0.351,  9.497, 4,  -0.020,  0.060,  0.001, 5, -59.213, 15.413, -2.381, 81,  76.219,  1.814,  5.478, 82,   0.038, -0.042, -0.260, 83,   0.936, -0.309,  9.757
31081.17268, 3,   0.998, -0.342,  9.667, 4,  -0.005,  0.012,  0.001, 5, -59.288, 15.244, -2.513, 81,  76.180,  1.820,  5.479, 82,   0.062, -0.032, -0.090, 83,   0.936, -0.310,  9.757
31081.21310, 3,   0.849, -0.366,  9.674, 4,   0.001,  0.001,  0.001, 5, -59.344, 15.244, -2.381, 81,  76.141,  1.829,  5.469, 82,  -0.086, -0.054, -0.083, 83,   0.935, -0.312,  9.757
31081.25352, 3,   1.000, -0.339,  9.730, 4,   0.005, -0.010,  0.001, 5, -59.213, 15.113, -2.588, 81,  76.111,  1.828,  5.491, 82,   0.062, -0.028, -0.027, 83,   0.938, -0.311,  9.757
31081.29394, 3,   0.902, -0.351,  9.691, 4,   0.005, -0.018,  0.001, 5, -59.344, 15.169, -2.588, 81,  76.082,  1.833,  5.501, 82,  -0.038, -0.039, -0.065, 83,   0.940, -0.312,  9.756
31081.33437, 3,   0.914, -0.354,  9.710, 4,   0.009, -0.032,  0.001, 5, -59.288, 15.281, -2.288, 81,  76.048,  1.831,  5.527, 82,  -0.031, -0.042, -0.046, 83,   0.945, -0.312,  9.756
31081.37479, 3,   1.020, -0.339,  9.368, 4,  -0.008, -0.226,  0.006, 5, -59.288, 15.413, -2.756, 81,  76.013,  1.801,  5.639, 82,   0.056, -0.032, -0.386, 83,   0.964, -0.307,  9.754
31081.41521, 3,   0.869, -0.342,  9.502, 4,   0.002, -0.011, -0.003, 5, -59.288, 15.244, -2.513, 81,  75.988,  1.803,  5.626, 82,  -0.093, -0.035, -0.253, 83,   0.961, -0.307,  9.755
31081.45563, 3,   1.089, -0.339,  9.816, 4,   0.014, -0.033, -0.003, 5, -59.456, 14.888, -2.513
31081.49606, 3,   0.981, -0.359,  9.480, 4,   0.009, -0.023, -0.001, 5, -59.288, 14.888, -2.700, 81,  75.965,  1.783,  5.740, 82,   0.000, -0.055, -0.273, 83,   0.981, -0.304,  9.753
31081.53648, 3,   0.900, -0.315,  9.902, 4,   0.009, -0.027, -0.001, 5, -59.025, 14.813, -2.288
31081.57690, 3,   1.051, -0.375,  9.562, 4,   0.006, -0.016,  0.002, 5, -59.288, 14.888, -2.456, 81,  75.943,  1.788,  5.761, 82,   0.067, -0.071, -0.190, 83,   0.984, -0.304,  9.752
31081.61732, 3,   0.941, -0.308,  9.789, 4,   0.002,  0.010,  0.002, 5, -58.988, 15.281, -2.288, 81,  75.919,  1.788,  5.760, 82,  -0.043, -0.003,  0.037, 83,   0.984, -0.305,  9.752
31081.65775, 3,   1.005, -0.354,  9.615, 4,   0.002, -0.016, -0.001, 5, -58.988, 15.169, -2.213, 81,  75.893,  1.795,  5.746, 82,   0.023, -0.048, -0.138, 83,   0.982, -0.306,  9.753
31081.69817, 3,   0.967, -0.356,  9.770, 4,   0.004,  0.001,  0.001, 5, -59.025, 14.700, -2.456, 81,  75.891,  1.803,  5.758, 82,  -0.017, -0.049,  0.018, 83,   0.984, -0.307,  9.752
31081.73859, 3,   0.969, -0.313,  9.629, 4,   0.002, -0.011, -0.001, 5, -58.913, 14.813, -2.456, 81,  75.891,  1.795,  5.774, 82,  -0.018, -0.007, -0.123, 83,   0.987, -0.306,  9.752
31081.77901, 3,   1.029, -0.354,  9.679, 4,   0.004, -0.003, -0.001, 5, -58.913, 14.513, -2.381, 81,  75.895,  1.793,  5.796, 82,   0.039, -0.049, -0.073, 83,   0.990, -0.305,  9.752
31081.81944, 3,   0.960, -0.318,  9.655, 4,  -0.002,  0.002,  0.003, 5, -58.988, 14.513, -2.381, 81,  75.909,  1.794,  5.797, 82,  -0.030, -0.013, -0.097, 83,   0.990, -0.305,  9.752
31081.85986, 3,   1.005, -0.339,  9.634, 4,   0.051, -0.070, -0.002, 5, -59.025, 15.000, -2.288, 81,  75.901,  1.782,  5.821, 82,   0.010, -0.036, -0.117, 83,   0.995, -0.303,  9.751
31081.90028, 3,   0.952, -0.399, 10.515, 4,  -0.001,  0.065, -0.001, 5, -58.913, 14.888, -2.156, 81,  75.886,  1.812,  5.806, 82,  -0.040, -0.090,  0.764, 83,   0.992, -0.309,  9.751
31081.94070, 3,   1.075, -0.270,  8.681, 4,  -0.044,  0.041,  0.001, 5, -58.856, 15.113, -2.156
31081.98113, 3,   1.077, -0.332, 10.168, 4,  -0.007,  0.086,  0.002, 5, -58.913, 15.113, -2.288, 81,  75.856,  1.855,  5.649, 82,   0.112, -0.016,  0.414, 83,   0.965, -0.316,  9.754
31082.02155, 3,   0.720, -0.402,  9.418, 4,  -0.012, -0.023,  0.005, 5, -58.913, 14.700, -2.288, 81,  75.852,  1.887,  5.501, 82,  -0.220, -0.081, -0.338, 83,   0.940, -0.321,  9.756
31082.06197, 3,   1.063, -0.311,  9.756, 4,   0.005,  0.027, -0.002, 5, -59.025, 14.700, -2.213, 81,  75.861,  1.884,  5.504, 82,   0.122,  0.010, -0.000, 83,   0.941, -0.321,  9.756
31082.10239, 3,   0.905, -0.394,  9.694, 4,  -0.005, -0.003,  0.002, 5, -59.025, 14.944, -2.156, 81,  75.852,  1.907,  5.504, 82,  -0.036, -0.069, -0.062, 83,   0.941, -0.325,  9.756
31082.14282, 3,   0.866, -0.335,  9.552, 4,  -0.001,  0.001, -0.001, 5, -59.025, 15.113, -2.081
31082.18324, 3,   1.041, -0.363,  9.797, 4,  -0.003,  0.008, -0.002, 5, -58.988, 15.281, -2.081, 81,  75.845,  1.905,  5.469, 82,  -0.069, -0.010, -0.205, 83,   0.935, -0.324,  9.757
31082.22366, 3,   0.818, -0.351,  9.559, 4,  -0.002, -0.008, -0.001, 5, -58.988, 15.169, -2.156, 81,  75.803,  1.914,  5.475, 82,  -0.118, -0.025, -0.197, 83,   0.936, -0.326,  9.756
31082.26408, 3,   0.991, -0.327,  9.758, 4,   0.005,  0.008, -0.004, 5, -59.213, 15.244, -2.213, 81,  75.793,  1.909,  5.488, 82,   0.053, -0.002,  0.002, 83,   0.938, -0.325,  9.756
31082.30451, 3,   0.929, -0.359,  9.651, 4,  -0.002, -0.009,  0.002, 5, -59.288, 15.244, -1.969, 81,  75.778,  1.917,  5.485, 82,  -0.008, -0.032, -0.105, 83,   0.937, -0.327,  9.756
31082.34493, 3,   0.873, -0.339,  9.679, 4,  -0.002,  0.004,  0.001, 5, -59.213, 14.944, -2.456
31082.38535, 3,   1.034, -0.356,  9.706, 4,   0.003, -0.002,  0.001, 5, -59.213, 14.888, -2.456, 81,  75.776,  1.923,  5.492, 82,   0.095, -0.028, -0.050, 83,   0.939, -0.328,  9.756
31082.42577, 3,   0.869, -0.359,  9.646, 4,  -0.003,  0.001, -0.002, 5, -58.744, 14.588, -2.588
31082.46620, 3,   0.919, -0.359,  9.720, 4,  -0.002,  0.002, -0.001, 5, -58.913, 14.288, -2.756, 81,  75.813,  1.937,  5.480, 82,  -0.017, -0.029, -0.036, 83,   0.936, -0.330,  9.756
31082.50662, 3,   0.981, -0.347,  9.639, 4,  -0.001, -0.001,  0.001, 5, -59.213, 14.213, -2.456, 81,  75.843,  1.938,  5.481, 82,   0.044, -0.017, -0.117, 83,   0.937, -0.330,  9.756
31082.54704, 3,   0.852, -0.363,  9.703, 4,  -0.001,  0.004,  0.002, 5, -59.156, 14.344, -2.513, 81,  75.863,  1.946,  5.467, 82,  -0.082, -0.032, -0.053, 83,   0.934, -0.331,  9.756
31082.58746, 3,   0.785, -0.399, 10.333, 4,  -0.139, -0.154, -0.002, 5, -59.456, 14.588, -2.381, 81,  75.891,  1.992,  5.348, 82,  -0.129, -0.060,  0.575, 83,   0.914, -0.339,  9.758
31082.62789, 3,   1.237, -0.330,  8.269, 4,  -0.043,  0.392, -0.004, 5, -59.288, 15.000, -2.813
