13565.40512, 3,   0.718, -0.301,  8.728, 4,  -0.058,  0.128,  0.004
13565.44554, 3,   1.000, -0.347, 10.110, 4,  -0.023,  0.062, -0.000, 5, -39.188,  9.544,  6.056
13565.48597, 3,   0.857, -0.272,  9.167, 4,  -0.037,  0.038,  0.001, 5, -39.300,  9.713,  5.700, 81,  76.024,  1.965,  5.646, 82,   0.035, -0.012,  0.357, 83,   0.965, -0.335,  9.753
13565.52640, 3,   0.763, -0.442,  9.873, 4,   0.007, -0.011,  0.002, 5, -39.225,  9.788,  5.400, 81,  76.024,  1.998,  5.513, 82,  -0.085,  0.068, -0.588, 83,   0.942, -0.340,  9.755
13565.56683, 3,   0.962, -0.275,  9.351, 4,   0.010,  0.006, -0.001, 5, -39.544,  9.713,  5.213, 81,  76.021,  2.063,  5.507, 82,  -0.178, -0.091,  0.118, 83,   0.941, -0.351,  9.755
13565.60725, 3,   0.780, -0.423,  9.919, 4,  -0.021,  0.007, -0.001, 5, -39.788,  9.713,  4.913, 81,  76.023,  2.037,  5.484, 82,   0.025,  0.072, -0.405, 83,   0.937, -0.347,  9.756
13565.64768, 3,   0.864, -0.244,  9.583, 4,   0.007,  0.004,  0.001, 5, -39.844,  9.581,  4.856, 81,  76.018,  2.069,  5.486, 82,  -0.158, -0.071,  0.164, 83,   0.938, -0.352,  9.755
13565.68811, 3,   0.938, -0.418,  9.682, 4,  -0.010, -0.005, -0.000, 5, -40.425,  9.788,  5.156, 81,  76.025,  2.029,  5.473, 82,  -0.071,  0.102, -0.173, 83,   0.935, -0.346,  9.756
13565.72854, 3,   0.742, -0.311,  9.653, 4,   0.006,  0.005, -0.002, 5, -40.069,  9.881,  5.156, 81,  76.023,  2.066,  5.475, 82,   0.002, -0.066, -0.074, 83,   0.936, -0.352,  9.756
13565.76896, 3,   0.974, -0.342,  9.706, 4,  -0.016, -0.002,  0.002, 5, -39.881, 10.013,  5.213, 81,  76.024,  2.045,  5.459, 82,  -0.191,  0.037, -0.103, 83,   0.933, -0.348,  9.756
13565.80939, 3,   0.794, -0.339,  9.667, 4,   0.014,  0.005, -0.000, 5, -39.881, 10.088,  5.588, 81,  76.021,  2.057,  5.468, 82,   0.039,  0.008, -0.050, 83,   0.935, -0.350,  9.756
13565.84982, 3,   0.835, -0.359,  9.646, 4,  -0.012, -0.003, -0.000, 5, -39.581, 10.013,  5.513, 81,  76.016,  2.052,  5.452, 82,  -0.138,  0.011, -0.089, 83,   0.932, -0.350,  9.756
13565.89024, 3,   0.919, -0.337,  9.730, 4,   0.006,  0.004, -0.000, 5, -40.069, 10.313,  5.588, 81,  76.010,  2.059,  5.449, 82,  -0.096, -0.008, -0.110, 83,   0.931, -0.351,  9.756
13565.93067, 3,   0.756, -0.342,  9.641, 4,  -0.007, -0.002, -0.000, 5, -40.144, 10.500,  5.456, 81,  76.003,  2.052,  5.447, 82,  -0.012,  0.013, -0.026, 83,   0.931, -0.350,  9.756
13565.97110, 3,   0.945, -0.380,  9.713, 4,   0.006,  0.005,  0.002, 5, -40.200, 10.500,  5.213, 81,  75.989,  2.053,  5.436, 82,  -0.173,  0.008, -0.115, 83,   0.929, -0.350,  9.756
13566.01153, 3,   0.826, -0.311,  9.648, 4,  -0.006, -0.003, -0.000, 5, -40.425, 10.500,  5.156, 81,  75.976,  2.057,  5.437, 82,   0.016, -0.030, -0.043, 83,   0.929, -0.350,  9.756
13566.05195, 3,   0.838, -0.394,  9.708, 4,   0.002, -0.002, -0.001, 5, -40.200, 10.088,  4.913, 81,  75.963,  2.051,  5.427, 82,  -0.101,  0.038, -0.108, 83,   0.927, -0.349,  9.756
13566.09238, 3,   0.912, -0.318,  9.646, 4,  -0.002,  0.002,  0.002, 5, -40.369, 10.200,  5.100, 81,  75.955,  2.057,  5.420, 82,  -0.088, -0.044, -0.049, 83,   0.926, -0.350,  9.757
13566.13281, 3,   0.770, -0.359,  9.694, 4,  -0.001, -0.000, -0.000, 5, -40.200, 10.125,  4.988, 81,  75.952,  2.052,  5.417, 82,  -0.013,  0.031, -0.111, 83,   0.925, -0.349,  9.757
13566.17324, 3,   0.900, -0.330,  9.662, 4,  -0.001, -0.002,  0.001, 5, -39.956, 10.088,  4.781, 81,  75.944,  2.056,  5.403, 82,  -0.153, -0.009, -0.063, 83,   0.923, -0.350,  9.757
13566.21366, 3,   0.845, -0.354,  9.679, 4,   0.000, -0.000,  0.001, 5, -40.369, 10.388,  5.156, 81,  75.933,  2.052,  5.404, 82,  -0.023,  0.019, -0.095, 83,   0.923, -0.349,  9.757
13566.25409, 3,   0.816, -0.359,  9.662, 4,   0.000, -0.003, -0.002, 5, -40.200, 10.200,  4.913, 81,  75.926,  2.053,  5.397, 82,  -0.077, -0.004, -0.078, 83,   0.922, -0.350,  9.757
13566.29452, 3,   0.914, -0.332,  9.672, 4,   0.002,  0.002, -0.000, 5, -40.688, 10.200,  5.156, 81,  75.917,  2.055,  5.388, 82,  -0.104, -0.009, -0.095, 83,   0.920, -0.350,  9.757
13566.33494, 3,   0.797, -0.371,  9.706, 4,   0.003,  0.002, -0.000, 5, -40.556,  9.881,  5.400, 81,  75.915,  2.052,  5.386, 82,  -0.006,  0.017, -0.085, 83,   0.920, -0.349,  9.757
13566.37537, 3,   0.885, -0.320,  9.653, 4,   0.000, -0.002, -0.000, 5, -40.500,  9.844,  5.156, 81,  75.915,  2.056,  5.371, 82,  -0.120, -0.021, -0.051, 83,   0.917, -0.350,  9.757
13566.41580, 3,   0.859, -0.356,  9.686, 4,  -0.001,  0.002,  0.001, 5, -40.725,  9.844,  5.400, 81,  75.923,  2.052,  5.367, 82,  -0.031,  0.029, -0.105, 83,   0.916, -0.349,  9.758
13566.45623, 3,   0.816, -0.344,  9.658, 4,   0.000, -0.000, -0.001, 5, -40.369,  9.544,  5.700, 81,  75.933,  2.053,  5.358, 82,  -0.055, -0.006, -0.072, 83,   0.914, -0.350,  9.758
13566.49665, 3,   0.900, -0.344,  9.691, 4,  -0.003, -0.000,  0.001, 5, -40.688, 10.088,  5.756, 81,  75.946,  2.051,  5.350, 82,  -0.097,  0.005, -0.100, 83,   0.913, -0.349,  9.758
13566.53708, 3,   0.804, -0.347,  9.684, 4,   0.002,  0.001,  0.001, 5, -40.688, 10.013,  5.756, 81,  75.948,  2.053,  5.350, 82,  -0.013,  0.006, -0.067, 83,   0.913, -0.350,  9.758
13566.57751, 3,   0.876, -0.349,  9.672, 4,  -0.002,  0.001, -0.000, 5, -40.725, 10.125,  5.100, 81,  75.948,  2.053,  5.339, 82,  -0.107,  0.003, -0.074, 83,   0.911, -0.350,  9.758
13566.61794, 3,   0.861, -0.335,  9.674, 4,   0.002,  0.004, -0.000, 5, -40.556, 10.013,  4.913, 81,  75.944,  2.054,  5.337, 82,  -0.034,  0.001, -0.086, 83,   0.910, -0.350,  9.758
13566.65836, 3,   0.826, -0.354,  9.670, 4,  -0.002, -0.005,  0.001, 5, -40.256,  9.713,  4.856, 81,  75.946,  2.050,  5.331, 82,  -0.048,  0.014, -0.084, 83,   0.909, -0.349,  9.758
13566.69879, 3,   0.890, -0.335,  9.689, 4,   0.002, -0.000,  0.001, 5, -39.956,  9.713,  4.669, 81,  75.955,  2.052,  5.325, 82,  -0.082, -0.005, -0.088, 83,   0.908, -0.349,  9.758
13566.73922, 3,   0.816, -0.330,  9.662, 4,  -0.002, -0.003,  0.001, 5, -40.069,  9.881,  4.913, 81,  75.963,  2.049,  5.323, 82,  -0.017,  0.014, -0.069, 83,   0.907, -0.349,  9.758
13566.77964, 3,   0.866, -0.356,  9.698, 4,  -0.001,  0.001, -0.002, 5, -40.144, 10.013,  5.100, 81,  75.961,  2.048,  5.315, 82,  -0.090,  0.019, -0.097, 83,   0.906, -0.349,  9.759
13566.82007, 3,   0.866, -0.342,  9.658, 4,  -0.001,  0.001, -0.001, 5, -40.144,  9.881,  4.913, 81,  75.957,  2.051,  5.311, 82,  -0.039, -0.007, -0.061, 83,   0.905, -0.349,  9.759
13566.86050, 3,   0.826, -0.359,  9.684, 4,   0.002, -0.003,  0.002, 5, -40.688,  9.881,  5.100, 81,  75.956,  2.049,  5.305, 82,  -0.038,  0.007, -0.101, 83,   0.904, -0.349,  9.759
13566.90093, 3,   0.864, -0.332,  9.672, 4,  -0.003,  0.002,  0.001, 5, -40.725,  9.544,  5.456, 81,  75.956,  2.049,  5.295, 82,  -0.076, -0.010, -0.075, 83,   0.902, -0.349,  9.759
13566.94135, 3,   0.830, -0.356,  9.672, 4,  -0.002, -0.002, -0.002, 5, -40.688, 10.013,  5.456, 81,  75.973,  2.046,  5.290, 82,  -0.037,  0.016, -0.087, 83,   0.901, -0.348,  9.759
13566.98178, 3,   0.847, -0.347,  9.674, 4,   0.000, -0.000, -0.000, 5, -40.725, 10.200,  5.156, 81,  75.977,  2.049,  5.281, 82,  -0.069, -0.007, -0.087, 83,   0.899, -0.349,  9.759
13567.02221, 3,   0.847, -0.349,  9.686, 4,  -0.001, -0.002,  0.001, 5, -40.369, 10.125,  5.100, 81,  75.972,  2.048,  5.276, 82,  -0.051,  0.002, -0.085, 83,   0.898, -0.349,  9.759
13567.06264, 3,   0.830, -0.339,  9.677, 4,  -0.002, -0.000,  0.001, 5, -40.200, 10.444,  5.100, 81,  75.965,  2.047,  5.268, 82,  -0.049, -0.000, -0.073, 83,   0.897, -0.349,  9.759
13567.10306, 3,   0.859, -0.363,  9.689, 4,   0.000, -0.002, -0.000, 5, -40.256, 10.200,  5.100, 81,  75.942,  2.047,  5.260, 82,  -0.065,  0.010, -0.083, 83,   0.895, -0.349,  9.760
13567.14349, 3,   0.842, -0.347,  9.691, 4,   0.003, -0.000, -0.002, 5, -40.069, 10.013,  5.456, 81,  75.930,  2.048,  5.256, 82,  -0.035, -0.014, -0.071, 83,   0.894, -0.349,  9.760
13567.18392, 3,   0.849, -0.344,  9.665, 4,   0.000,  0.002, -0.000, 5, -40.144,  9.881,  5.700, 81,  75.929,  2.045,  5.250, 82,  -0.051,  0.002, -0.069, 83,   0.893, -0.349,  9.760
13567.22434, 3,   0.849, -0.359,  9.686, 4,   0.002, -0.000, -0.002, 5, -40.256,  9.844,  5.756, 81,  75.932,  2.041,  5.245, 82,  -0.043,  0.004, -0.095, 83,   0.892, -0.348,  9.760
13567.26477, 3,   0.842, -0.332,  9.674, 4,  -0.001, -0.000,  0.001, 5, -40.200,  9.788,  5.813, 81,  75.933,  2.040,  5.238, 82,  -0.042, -0.011, -0.074, 83,   0.891, -0.348,  9.760
13567.30520, 3,   0.854, -0.359,  9.646, 4,  -0.003, -0.000,  0.001, 5, -40.369, 10.013,  5.756, 81,  75.939,  2.036,  5.229, 82,  -0.047,  0.015, -0.086, 83,   0.889, -0.347,  9.760
13567.34563, 3,   0.847, -0.342,  9.674, 4,   0.002, -0.003, -0.001, 5, -40.725, 10.313,  5.813, 81,  75.934,  2.040,  5.225, 82,  -0.034, -0.011, -0.114, 83,   0.888, -0.348,  9.760
13567.38605, 3,   0.828, -0.347,  9.679, 4,  -0.001,  0.001, -0.000, 5, -40.500, 10.125,  5.513, 81,  75.920,  2.038,  5.220, 82,  -0.040,  0.005, -0.086, 83,   0.887, -0.347,  9.760
13567.42648, 3,   0.852, -0.332,  9.665, 4,  -0.002, -0.003,  0.001, 5, -40.556,  9.844,  5.213, 81,  75.916,  2.040,  5.215, 82,  -0.058,  0.001, -0.081, 83,   0.886, -0.348,  9.760
13567.46691, 3,   0.840, -0.344,  9.698, 4,   0.000,  0.002, -0.001, 5, -40.856, 10.013,  5.100, 81,  75.919,  2.037,  5.211, 82,  -0.034,  0.015, -0.095, 83,   0.886, -0.347,  9.760
13567.50734, 3,   0.866, -0.347,  9.658, 4,   0.002,  0.001,  0.001, 5, -40.500, 10.013,  4.913, 81,  75.926,  2.038,  5.206, 82,  -0.045,  0.004, -0.063, 83,   0.885, -0.348,  9.760
13567.54776, 3,   0.852, -0.347,  9.701, 4,   0.004,  0.002,  0.001, 5, -40.425, 10.088,  4.988, 81,  75.927,  2.032,  5.201, 82,  -0.018, -0.000, -0.103, 83,   0.884, -0.347,  9.761
13567.58819, 3,   0.833, -0.339,  9.639, 4,   0.000,  0.002, -0.000, 5, -40.500, 10.313,  4.913, 81,  75.924,  2.029,  5.196, 82,  -0.031, -0.001, -0.060, 83,   0.883, -0.346,  9.761
13567.62862, 3,   0.871, -0.320,  9.682, 4,   0.002,  0.003, -0.000, 5, -40.425, 10.088,  4.988, 81,  75.917,  2.024,  5.189, 82,  -0.049,  0.006, -0.122, 83,   0.882, -0.345,  9.761
13567.66904, 3,   0.814, -0.342,  9.591, 4,  -0.008, -0.013, -0.001, 5, -40.256, 10.088,  4.913, 81,  75.914,  2.012,  5.183, 82,  -0.010,  0.023, -0.079, 83,   0.881, -0.343,  9.761
13567.68926, 3,   0.849, -0.373,  9.749, 4,  -0.004,  0.004, -0.001, 5, -40.144, 10.088,  4.988, 81,  75.912,  2.032,  5.183, 82,  -0.067,  0.005, -0.170, 83,   0.881, -0.347,  9.761
13567.70947, 3,   0.871, -0.406,  9.749, 4,   0.004,  0.005,  0.001, 5, -40.256, 10.088,  4.781, 81,  75.908,  2.043,  5.177, 82,  -0.030, -0.025, -0.012, 83,   0.879, -0.349,  9.761
13567.72968, 3,   0.840, -0.363,  9.631, 4,   0.010, -0.005, -0.001, 5, -40.256, 10.013,  4.781, 81,  75.903,  2.059,  5.173, 82,  -0.008, -0.055, -0.012, 83,   0.879, -0.351,  9.761
13567.74990, 3,   0.811, -0.275,  9.658, 4,  -0.007, -0.005, -0.000, 5, -40.144, 10.013,  4.913, 81,  75.902,  2.036,  5.170, 82,  -0.067,  0.072, -0.103, 83,   0.878, -0.347,  9.761
13567.77011, 3,   0.849, -0.342,  9.667, 4,   0.000, -0.005,  0.002, 5, -40.069, 10.013,  4.913
13567.79033, 3,   0.883, -0.373,  9.706, 4,   0.011,  0.005,  0.001, 5, -39.956, 10.088,  4.988, 81,  75.898,  2.041,  5.173, 82,  -0.030,  0.006, -0.094, 83,   0.879, -0.348,  9.761
13567.81054, 3,   0.847, -0.382,  9.586, 4,   0.041, -0.022, -0.000, 5, -40.069, 10.200,  5.100, 81,  75.893,  2.035,  5.173, 82,   0.004, -0.026, -0.055, 83,   0.879, -0.347,  9.761
13567.83075, 3,   0.816, -0.258,  9.670, 4,  -0.008, -0.014, -0.000, 5, -39.881, 10.125,  5.156, 81,  75.885,  2.010,  5.195, 82,  -0.035, -0.039, -0.175, 83,   0.883, -0.343,  9.761
13567.85097, 3,   0.881, -0.265,  9.718, 4,  -0.020,  0.007,  0.001, 5, -39.956, 10.088,  4.913
13567.87118, 3,   0.914, -0.428,  9.655, 4,   0.022, -0.013,  0.002, 5, -40.144, 10.013,  5.213, 81,  75.879,  1.959,  5.214, 82,  -0.005,  0.070, -0.043, 83,   0.886, -0.335,  9.761
13567.89139, 3,   0.859, -0.349,  9.715, 4,   0.020, -0.012, -0.000, 5, -40.144, 10.125,  5.213, 81,  75.872,  1.998,  5.218, 82,   0.027, -0.087, -0.105, 83,   0.887, -0.341,  9.761
13567.91161, 3,   0.735, -0.347,  9.727, 4,   0.019, -0.008, -0.003, 5, -40.369, 10.125,  4.988, 81,  75.866,  1.970,  5.238, 82,  -0.031, -0.013, -0.045, 83,   0.890, -0.336,  9.760
13567.93182, 3,   0.773, -0.390,  9.722, 4,   0.055, -0.006,  0.001, 5, -40.556, 10.125,  4.988, 81,  75.866,  1.951,  5.229, 82,  -0.153, -0.014, -0.034, 83,   0.888, -0.333,  9.761
13567.95203, 3,   0.988, -0.208,  9.670, 4,   0.009, -0.007,  0.001, 5, -40.688,  9.844,  4.856, 81,  75.866,  1.922,  5.218, 82,  -0.113, -0.062, -0.039, 83,   0.886, -0.328,  9.761
13567.97225, 3,   0.972, -0.200,  9.392, 4,  -0.030, -0.008, -0.000, 5, -40.800,  9.581,  4.556, 81,  75.872,  1.861,  5.239, 82,   0.098,  0.110, -0.091, 83,   0.890, -0.318,  9.761
13567.99246, 3,   0.814, -0.366,  9.593, 4,   0.015, -0.028, -0.002, 5, -40.856,  9.788,  4.388, 81,  75.886,  1.878,  5.242, 82,   0.081,  0.121, -0.369, 83,   0.891, -0.321,  9.761
13568.01268, 3,   0.737, -0.275, 10.060, 4,   0.035, -0.007, -0.001, 5, -41.044,  9.788,  4.313, 81,  75.895,  1.891,  5.267, 82,  -0.081, -0.043, -0.167, 83,   0.895, -0.323,  9.760
13568.03289, 3,   0.768,  0.024,  9.732, 4,  -0.012,  0.013,  0.035, 5, -40.856,  9.788,  4.256, 81,  75.908,  1.854,  5.284, 82,  -0.161,  0.042,  0.300, 83,   0.898, -0.317,  9.760
13568.05310, 3,   0.905,  0.237,  9.356, 4,  -0.029, -0.002,  0.054, 5, -40.725,  9.713,  4.181, 81,  75.900,  1.778,  5.266, 82,  -0.127,  0.329, -0.029, 83,   0.895, -0.305,  9.761
13568.07332, 3,   0.998,  0.220,  9.559, 4,  -0.005,  0.009,  0.023, 5, -40.725,  9.713,  4.256, 81,  75.849,  1.784,  5.261, 82,   0.010,  0.544, -0.405, 83,   0.895, -0.307,  9.761
13568.09353, 3,   0.790,  0.527,  9.936, 4,   0.032,  0.025,  0.047, 5, -40.688,  9.788,  4.500, 81,  75.835,  1.752,  5.283, 82,   0.099,  0.522, -0.202, 83,   0.899, -0.302,  9.761
13568.11374, 3,   0.632,  0.843,  9.727, 4,  -0.012,  0.006,  0.130, 5, -40.688,  9.881,  4.556, 81,  75.786,  1.637,  5.298, 82,  -0.113,  0.811,  0.175, 83,   0.903, -0.284,  9.761
13568.13396, 3,   0.737,  1.168,  9.310, 4,  -0.049,  0.002,  0.149, 5, -40.725, 10.125,  4.781, 81,  75.743,  1.435,  5.280, 82,  -0.269,  1.097, -0.035, 83,   0.901, -0.254,  9.762
13568.15417, 3,   0.802,  1.018,  9.706, 4,   0.007, -0.020,  0.165, 5, -40.800, 10.013,  4.913, 81,  75.548,  1.404,  5.273, 82,  -0.164,  1.418, -0.452, 83,   0.901, -0.250,  9.762
13568.17438, 3,   0.840,  0.800,  9.943, 4,   0.010, -0.029,  0.146, 5, -40.556, 10.125,  4.988, 81,  75.437,  1.187,  5.274, 82,  -0.101,  1.235, -0.057, 83,   0.903, -0.217,  9.763
13568.19460, 3,   0.873,  0.996,  9.540, 4,  -0.011,  0.035,  0.130, 5, -40.556, 10.088,  5.288, 81,  75.234,  1.084,  5.281, 82,  -0.065,  1.001,  0.180, 83,   0.905, -0.201,  9.763
13568.21481, 3,   0.885,  0.661,  9.318, 4,  -0.057, -0.009,  0.106, 5, -40.725, 10.125,  5.588, 81,  75.143,  0.962,  5.270, 82,  -0.032,  1.178, -0.223, 83,   0.905, -0.182,  9.763
13568.23503, 3,   0.984,  0.033,  9.730, 4,  -0.055, -0.036,  0.051, 5, -40.500, 10.088,  5.813, 81,  74.990,  0.992,  5.268, 82,  -0.020,  0.848, -0.445, 83,   0.905, -0.187,  9.763
13568.25524, 3,   1.005, -0.347,  9.916, 4,   0.008, -0.020, -0.049, 5, -40.256, 10.013,  5.813, 81,  74.953,  1.009,  5.295, 82,   0.074,  0.223, -0.032, 83,   0.910, -0.190,  9.763
13568.27545, 3,   0.888, -0.119,  9.658, 4,  -0.013, -0.002, -0.068, 5, -40.144, 10.013,  5.869, 81,  74.981,  1.051,  5.302, 82,   0.094, -0.151,  0.154, 83,   0.911, -0.196,  9.762
13568.29567, 3,   0.806,  0.189,  9.272, 4,  -0.118,  0.003,  0.009, 5, -39.956,  9.844,  5.813, 81,  75.073,  1.035,  5.307, 82,  -0.023,  0.074, -0.104, 83,   0.911, -0.193,  9.762
13568.31588, 3,   0.962, -0.088,  9.550, 4,  -0.130, -0.002,  0.028, 5, -39.956,  9.844,  5.869, 81,  75.141,  1.108,  5.308, 82,  -0.106,  0.395, -0.490, 83,   0.912, -0.206,  9.762
13568.33609, 3,   1.024, -0.553,  9.847, 4,  -0.058, -0.020,  0.035, 5, -39.956,  9.844,  6.188, 81,  75.114,  1.248,  5.312, 82,   0.050,  0.141, -0.211, 83,   0.912, -0.229,  9.761
13568.35631, 3,   0.806, -0.481,  9.868, 4,  -0.011, -0.000,  0.053, 5, -39.788,  9.581,  6.000, 81,  75.098,  1.365,  5.318, 82,   0.111, -0.305,  0.086, 83,   0.913, -0.248,  9.761
13568.37652, 3,   0.720, -0.126,  9.502, 4,  -0.073, -0.006,  0.081, 5, -39.844,  9.713,  6.113, 81,  75.069,  1.433,  5.310, 82,  -0.105, -0.222,  0.107, 83,   0.911, -0.259,  9.761
13568.39673, 3,   0.775, -0.045,  9.368, 4,  -0.108,  0.011,  0.083, 5, -40.069,  9.544,  6.300, 81,  75.014,  1.459,  5.290, 82,  -0.187,  0.138, -0.259, 83,   0.907, -0.264,  9.761
13568.41695, 3,   0.838, -0.188,  9.725, 4,  -0.051, -0.029,  0.087, 5, -40.256,  9.713,  6.300, 81,  74.918,  1.597,  5.284, 82,  -0.131,  0.242, -0.392, 83,   0.906, -0.287,  9.760
13568.43716, 3,   0.694,  0.112,  9.916, 4,  -0.026, -0.027,  0.115, 5, -40.256,  9.788,  6.713, 81,  74.872,  1.667,  5.287, 82,  -0.069,  0.111, -0.035, 83,   0.907, -0.299,  9.760
13568.45738, 3,   0.694,  0.328,  9.593, 4,  -0.076, -0.031,  0.135, 81,  74.812,  1.672,  5.286, 82,  -0.213,  0.412,  0.156, 83,   0.907, -0.300,  9.760
13568.47759, 3,   0.828,  0.057,  9.203, 4,  -0.120, -0.031,  0.090, 5, -40.500, 10.088,  6.956, 81,  74.671,  1.684,  5.280, 82,  -0.212,  0.631, -0.167, 83,   0.906, -0.303,  9.760
13568.49780, 3,   0.885, -0.351,  9.804, 4,  -0.106, -0.042,  0.065, 5, -40.688, 10.444,  7.200, 81,  74.559,  1.837,  5.290, 82,  -0.080,  0.386, -0.556, 83,   0.908, -0.329,  9.759
13568.51802, 3,   0.833, -0.476, 10.041, 4,  -0.052, -0.030,  0.054, 5, -40.500, 10.200,  7.256, 81,  74.513,  1.942,  5.304, 82,  -0.025, -0.004,  0.046, 83,   0.910, -0.347,  9.758
13568.53823, 3,   0.816, -0.315,  9.497, 4,  -0.063,  0.010,  0.085, 5, -40.556, 10.500,  7.313, 81,  74.472,  2.021,  5.296, 82,  -0.075, -0.116,  0.283, 83,   0.908, -0.360,  9.758
13568.55844, 3,   0.941, -0.462,  9.617, 4,   0.007, -0.006,  0.130, 5, -40.556, 10.500,  7.613, 81,  74.380,  2.120,  5.291, 82,  -0.091,  0.061, -0.260, 83,   0.907, -0.376,  9.757
13568.57866, 3,   1.067, -0.550,  9.868, 4,  -0.056,  0.029,  0.104, 5, -40.856, 10.613,  7.688, 81,  74.291,  2.198,  5.304, 82,   0.032, -0.073, -0.140, 83,   0.909, -0.389,  9.757
13568.59887, 3,   1.039, -0.787,  9.557, 4,  -0.026,  0.017,  0.101, 5, -41.044, 10.669,  7.800, 81,  74.167,  2.263,  5.318, 82,   0.155, -0.150,  0.112, 83,   0.912, -0.400,  9.756
13568.61908, 3,   0.792, -1.197,  9.504, 4,   0.000, -0.042,  0.066, 5, -41.100, 10.669,  8.156, 81,  74.064,  2.337,  5.324, 82,   0.127, -0.376, -0.198, 83,   0.912, -0.411,  9.755
13568.63930, 3,   0.667, -1.161,  9.679, 4,  -0.033, -0.009,  0.046, 5, -41.100, 10.444,  8.288, 81,  73.985,  2.460,  5.311, 82,  -0.117, -0.766, -0.251, 83,   0.909, -0.431,  9.755
13568.65951, 3,   0.804, -0.426, 10.022, 4,  -0.004,  0.022,  0.056, 5, -41.156, 10.669,  8.456, 81,  73.938,  2.581,  5.295, 82,  -0.238, -0.710, -0.075, 83,   0.905, -0.451,  9.754
13568.67973, 3,   0.766, -0.179,  9.545, 4,  -0.060,  0.018,  0.084, 5, -41.156, 11.213,  8.456, 81,  73.914,  2.602,  5.288, 82,  -0.100,  0.028,  0.268, 83,   0.904, -0.454,  9.754
13568.69994, 3,   0.792, -0.591,  9.550, 4,   0.013, -0.021,  0.082, 5, -41.156, 11.344,  8.456, 81,  73.824,  2.627,  5.253, 82,  -0.132,  0.280, -0.210, 83,   0.898, -0.459,  9.755
13568.72015, 3,   0.861, -0.270,  9.576, 4,   0.006, -0.021,  0.074, 5, -41.156, 11.400,  8.756, 81,  73.742,  2.643,  5.239, 82,  -0.104, -0.130, -0.205, 83,   0.896, -0.461,  9.755
13568.74037, 3,   0.972,  0.009,  9.892, 4,  -0.006, -0.002,  0.102, 5, -40.988, 11.700,  9.000, 81,  73.688,  2.629,  5.248, 82,  -0.036,  0.189, -0.179, 83,   0.897, -0.459,  9.755
13568.76058, 3,   1.060,  0.096,  9.706, 4,  -0.045, -0.038,  0.098, 5, -40.725, 11.944,  9.113, 81,  73.561,  2.588,  5.272, 82,   0.070,  0.461,  0.137, 83,   0.902, -0.452,  9.755
13568.78079, 3,   1.084,  0.237,  9.758, 4,  -0.024,  0.006,  0.112, 5, -40.725, 12.169,  9.113, 81,  73.452,  2.550,  5.292, 82,   0.154,  0.542, -0.048, 83,   0.906, -0.446,  9.755
13568.80101, 3,   1.022,  0.251,  9.437, 4,   0.005, -0.008,  0.148, 5, -40.500, 12.788,  9.056, 81,  73.377,  2.455,  5.307, 82,   0.174,  0.667,  0.003, 83,   0.910, -0.430,  9.755
13568.82122, 3,   1.094,  0.139,  9.526, 4,  -0.019,  0.030,  0.157, 5, -40.425, 12.844,  8.888, 81,  73.171,  2.455,  5.282, 82,   0.116,  0.681, -0.318, 83,   0.906, -0.430,  9.755
13568.84143, 3,   1.101, -0.212,  9.734, 4,   0.114,  0.085,  0.101, 5, -40.369, 12.844,  8.888, 81,  73.021,  2.423,  5.291, 82,   0.186,  0.564, -0.229, 83,   0.908, -0.425,  9.755
13568.86165, 3,   0.945,  0.383,  9.840, 4,   0.044,  0.100,  0.061, 5, -39.881, 13.200,  9.056, 81,  72.845,  2.358,  5.301, 82,   0.191,  0.202, -0.022, 83,   0.910, -0.414,  9.756
13568.88186, 3,   0.840,  0.311,  9.509, 4,   0.063,  0.022,  0.035, 5, -39.581, 13.613,  8.700, 81,  72.736,  2.193,  5.271, 82,   0.040,  0.769,  0.083, 83,   0.905, -0.386,  9.757
13568.90207, 3,   0.993,  0.586,  9.634, 4,   0.049, -0.059, -0.006, 5, -39.356, 13.744,  8.156, 81,  72.657,  2.062,  5.248, 82,  -0.062,  0.675, -0.249, 83,   0.902, -0.364,  9.758
13568.92229, 3,   0.905, -0.215,  9.787, 4,   0.103, -0.014, -0.037, 5, -38.925, 14.344,  7.313, 81,  72.619,  1.889,  5.246, 82,   0.091,  0.921, -0.125, 83,   0.902, -0.335,  9.759
13568.94250, 3,   0.864,  0.249,  9.325, 4,   0.012, -0.027, -0.045, 5, -38.925, 14.344,  7.313, 81,  72.583,  1.832,  5.217, 82,   0.008,  0.110,  0.027, 83,   0.897, -0.325,  9.760
13568.96272, 3,   0.969,  0.381, 10.247, 4,   0.032,  0.024, -0.057, 5, -38.700, 14.400,  6.713, 81,  72.578,  1.711,  5.254, 82,  -0.039,  0.554, -0.435, 83,   0.903, -0.305,  9.760
13568.98293, 3,   1.099, -0.188,  9.521, 4,  -0.019,  0.244, -0.086, 5, -38.344, 14.344,  6.300, 81,  72.591,  1.636,  5.212, 82,   0.072,  0.673,  0.486, 83,   0.897, -0.292,  9.761
13569.00314, 3,   1.051, -0.830,  9.148, 4,   0.005, -0.016, -0.133, 5, -38.156, 14.344,  5.588, 81,  72.628,  1.573,  5.254, 82,   0.195,  0.093, -0.240, 83,   0.904, -0.281,  9.761
13569.02336, 3,   1.233, -0.749,  9.957, 4,   0.055,  0.027, -0.184, 5, -38.156, 13.913,  4.781, 81,  72.651,  1.525,  5.266, 82,   0.145, -0.558, -0.613, 83,   0.906, -0.272,  9.761
13569.04357, 3,   1.216, -0.967,  9.938, 4,   0.072, -0.019, -0.188, 5, -37.800, 13.444,  4.013, 81,  72.827,  1.509,  5.296, 82,   0.322, -0.480,  0.196, 83,   0.911, -0.269,  9.761
13569.06378, 3,   0.948, -1.022,  9.279, 4,   0.048, -0.017, -0.184, 5, -37.988, 12.900,  3.656, 81,  72.998,  1.504,  5.316, 82,   0.302, -0.700,  0.178, 83,   0.914, -0.267,  9.760
13569.08400, 3,   0.723, -0.371,  9.854, 4,   0.040,  0.005, -0.132, 5, -38.081, 11.888,  3.113, 81,  73.121,  1.490,  5.332, 82,   0.032, -0.758, -0.481, 83,   0.916, -0.264,  9.760
13569.10421, 3,   0.727, -0.385,  9.957, 4,   0.048,  0.017, -0.088, 5, -38.569, 10.669,  2.588, 81,  73.286,  1.432,  5.329, 82,  -0.192, -0.117,  0.093, 83,   0.915, -0.254,  9.761
13569.12442, 3,   0.972, -0.394,  9.332, 4,   0.039,  0.031, -0.072, 5, -38.925,  9.300,  2.288, 81,  73.454,  1.375,  5.296, 82,  -0.182, -0.141,  0.196, 83,   0.909, -0.244,  9.761
13569.14464, 3,   1.075, -0.723,  9.698, 4,   0.048, -0.009, -0.069, 5, -39.488,  7.800,  1.913
13569.16485, 3,   0.981, -0.725,  9.809, 4,   0.043, -0.006, -0.073, 5, -39.881,  6.244,  1.800, 81,  73.746,  1.368,  5.325, 82,   0.161, -0.481, -0.063, 83,   0.914, -0.242,  9.761
13569.18507, 3,   0.773, -0.548,  9.555, 4,   0.047, -0.010, -0.070, 5, -40.556,  4.781,  2.156, 81,  73.947,  1.383,  5.342, 82,   0.065, -0.481,  0.048, 83,   0.916, -0.244,  9.761
13569.20528, 3,   0.770, -0.121,  9.794, 4,   0.023, -0.002, -0.096, 5, -41.644,  3.488,  2.588, 81,  74.189,  1.353,  5.343, 82,  -0.143, -0.310, -0.206, 83,   0.916, -0.238,  9.761
13569.22549, 3,   0.754,  0.146,  9.746, 4,   0.030, -0.006, -0.090, 5, -42.188,  2.081,  3.113, 81,  74.494,  1.312,  5.343, 82,  -0.146,  0.110,  0.033, 83,   0.916, -0.231,  9.761
13569.24571, 3,   0.737,  0.062,  9.507, 4,   0.043,  0.026, -0.075, 5, -42.844,  1.181,  3.900
13569.26592, 3,   0.790, -0.114,  9.727, 4,   0.028,  0.044, -0.046, 5, -43.088,  0.525,  4.669, 81,  75.200,  1.144,  5.329, 82,  -0.177,  0.265, -0.255, 83,   0.914, -0.203,  9.762
13569.28613, 3,   0.936, -0.315,  9.722, 4,   0.027,  0.042, -0.042, 5, -43.800,  0.113,  5.813, 81,  75.521,  1.112,  5.323, 82,  -0.123,  0.084, -0.035, 83,   0.913, -0.198,  9.762
13569.30635, 3,   0.864, -0.428,  9.749, 4,   0.038, -0.007, -0.038, 5, -44.400,  0.113,  7.088, 81,  75.858,  1.087,  5.306, 82,   0.026, -0.122, -0.040, 83,   0.910, -0.193,  9.762
13569.32656, 3,   0.984, -0.188,  9.924, 4,   0.016,  0.029, -0.003, 5, -44.869,  0.113,  8.213, 81,  76.192,  1.082,  5.300, 82,  -0.045, -0.236, -0.014, 83,   0.909, -0.192,  9.763
13569.34677, 3,   1.079, -0.224,  9.677, 4,   0.029,  0.053,  0.046, 5, -45.188,  0.244,  8.888, 81,  76.503,  1.053,  5.309, 82,   0.074, -0.002,  0.161, 83,   0.910, -0.186,  9.763
13569.36699, 3,   1.075, -0.109,  9.274, 4,   0.005,  0.021,  0.088, 5, -45.525,  0.488,  9.788, 81,  76.763,  1.020,  5.285, 82,   0.173, -0.043, -0.086, 83,   0.906, -0.181,  9.763
13569.38720, 3,   1.187, -0.471,  9.725, 4,  -0.082, -0.009,  0.027, 5, -45.656,  0.788, 10.500, 81,  76.954,  0.985,  5.262, 82,   0.173,  0.066, -0.489, 83,   0.902, -0.175,  9.764
13569.40741, 3,   1.123, -0.469,  9.847, 4,  -0.013, -0.030,  0.014, 5, -46.744,  1.688, 11.513, 81,  77.106,  1.062,  5.291, 82,   0.280, -0.284, -0.038, 83,   0.907, -0.187,  9.763
13569.42763, 3,   1.005, -0.378,  9.603, 4,  -0.021,  0.038, -0.000, 5, -46.744,  1.688, 11.513, 81,  77.337,  1.154,  5.316, 82,   0.212, -0.267,  0.085, 83,   0.911, -0.202,  9.762
13569.44784, 3,   1.082, -0.260,  9.598, 4,   0.021, -0.014, -0.024, 5, -46.988,  2.213, 11.813, 81,  77.572,  1.176,  5.304, 82,   0.096, -0.172, -0.159, 83,   0.909, -0.206,  9.762
13569.46806, 3,   1.108,  0.239,  9.617, 4,   0.005, -0.021, -0.005, 5, -47.456,  2.644, 12.113, 81,  77.814,  1.165,  5.320, 82,   0.170, -0.056, -0.164, 83,   0.912, -0.204,  9.762
13569.48827, 3,   1.094,  0.294,  9.806, 4,  -0.007,  0.003,  0.007, 5, -48.188,  2.925, 12.413, 81,  78.044,  1.105,  5.361, 82,   0.189,  0.432, -0.145, 83,   0.919, -0.193,  9.762
13569.50848, 3,   1.087, -0.109,  9.574, 4,  -0.018, -0.020, -0.015, 5, -48.788,  3.244, 12.900, 81,  78.247,  1.047,  5.391, 82,   0.170,  0.477,  0.045, 83,   0.924, -0.183,  9.761
13569.52870, 3,   1.113, -0.509,  9.703, 4,   0.025,  0.008, -0.061, 5, -49.200,  3.544, 13.013, 81,  78.452,  1.044,  5.401, 82,   0.161,  0.074, -0.187, 83,   0.926, -0.183,  9.761
13569.54891, 3,   1.158, -0.440,  9.559, 4,  -0.004, -0.021, -0.073, 5, -49.988,  3.844, 13.388, 81,  78.700,  1.105,  5.426, 82,   0.183, -0.316, -0.057, 83,   0.930, -0.193,  9.761
13569.56912, 3,   0.988, -0.526,  9.718, 4,   0.005,  0.007, -0.019, 5, -50.288,  4.181, 13.988, 81,  78.935,  1.100,  5.459, 82,   0.222, -0.248, -0.201, 83,   0.936, -0.192,  9.760
13569.58934, 3,   0.792, -0.469,  9.849, 4,  -0.011,  0.010,  0.001, 5, -50.588,  4.444, 14.288, 81,  79.140,  1.135,  5.476, 82,   0.050, -0.329, -0.042, 83,   0.938, -0.197,  9.760
13569.60955, 3,   0.782, -0.402,  9.722, 4,  -0.006,  0.007,  0.029, 5, -50.756,  4.500, 14.756, 81,  79.298,  1.170,  5.466, 82,  -0.145, -0.266,  0.089, 83,   0.937, -0.203,  9.760
13569.62976, 3,   0.869, -0.440,  9.550, 4,   0.014, -0.006,  0.016, 5, -51.000,  4.725, 15.056, 81,  79.418,  1.211,  5.440, 82,  -0.150, -0.192, -0.038, 83,   0.932, -0.210,  9.760
13569.64998, 3,   0.895, -1.111,  9.660, 4,   0.024, -0.014, -0.015, 5, -51.244,  5.100, 15.713, 81,  79.511,  1.245,  5.436, 82,  -0.062, -0.224, -0.210, 83,   0.931, -0.216,  9.760
13569.67019, 3,   0.804, -1.503,  9.677, 4,   0.011, -0.006, -0.047, 5, -51.244,  5.400, 16.088, 81,  79.625,  1.362,  5.434, 82,  -0.035, -0.876, -0.100, 83,   0.930, -0.235,  9.760
13569.69041, 3,   0.943, -1.324,  9.813, 4,   0.014,  0.001, -0.069, 5, -51.600,  5.869, 16.781, 81,  79.760,  1.541,  5.422, 82,  -0.123, -1.238, -0.082, 83,   0.927, -0.265,  9.759
13569.71062, 3,   1.008, -0.658,  9.653, 4,   0.016, -0.012, -0.069, 5, -51.900,  6.188, 17.156, 81,  79.903,  1.631,  5.418, 82,   0.017, -1.044,  0.054, 83,   0.926, -0.280,  9.759
13569.73083, 3,   1.005, -0.347,  9.622, 4,   0.014, -0.000, -0.105, 5, -52.144,  6.300, 17.513, 81,  80.069,  1.649,  5.427, 82,   0.080, -0.375, -0.106, 83,   0.928, -0.283,  9.759
13569.75105, 3,   0.761, -0.459,  9.641, 4,   0.011, -0.036, -0.158, 5, -52.256,  6.488, 18.000, 81,  80.218,  1.632,  5.448, 82,   0.074, -0.067, -0.136, 83,   0.931, -0.280,  9.758
13569.77126, 3,   0.634, -0.337,  9.689, 4,   0.023, -0.024, -0.182, 5, -52.744,  6.825, 18.281, 81,  80.422,  1.625,  5.442, 82,  -0.169, -0.181, -0.118, 83,   0.930, -0.278,  9.758
13569.79147, 3,   0.574, -0.040,  9.696, 4,   0.015, -0.014, -0.163, 5, -52.688,  6.881, 18.656, 81,  80.671,  1.592,  5.439, 82,  -0.295, -0.064, -0.070, 83,   0.929, -0.273,  9.759
13569.81169, 3,   0.610, -0.052,  9.701, 4,   0.055, -0.011, -0.155, 5, -52.500,  7.088, 18.488, 81,  80.913,  1.528,  5.425, 82,  -0.353,  0.222, -0.063, 83,   0.927, -0.262,  9.759
13569.83190, 3,   0.572,  0.084,  9.610, 4,   0.035, -0.014, -0.118, 5, -52.500,  7.200, 18.656, 81,  81.122,  1.447,  5.414, 82,  -0.315,  0.197, -0.059, 83,   0.925, -0.249,  9.760
13569.85211, 3,   0.615,  0.278,  9.758, 4,   0.015, -0.003, -0.061, 5, -52.256,  7.144, 18.488, 81,  81.298,  1.363,  5.414, 82,  -0.353,  0.318, -0.150, 83,   0.925, -0.234,  9.760
13569.87233, 3,   0.708,  0.318,  9.631, 4,  -0.013,  0.010,  0.020, 5, -52.181,  7.088, 18.900, 81,  81.424,  1.249,  5.396, 82,  -0.308,  0.493, -0.003, 83,   0.923, -0.215,  9.761
13569.89254, 3,   0.943,  0.067,  9.581, 4,  -0.012,  0.013,  0.077, 5, -52.181,  6.788, 18.769, 81,  81.451,  1.193,  5.382, 82,  -0.212,  0.524, -0.130, 83,   0.920, -0.206,  9.761
13569.91275, 3,   0.998, -0.421,  9.744, 4,   0.048, -0.005,  0.077, 5, -52.369,  6.600, 18.713, 81,  81.393,  1.181,  5.367, 82,   0.025,  0.271, -0.181, 83,   0.918, -0.204,  9.761
13569.93297, 3,   0.933, -0.550,  9.603, 4,   0.026, -0.009,  0.055, 5, -52.256,  6.544, 18.713, 81,  81.348,  1.228,  5.372, 82,   0.079, -0.209, -0.017, 83,   0.919, -0.212,  9.761
13569.95318, 3,   0.814, -0.248,  9.550, 4,   0.011, -0.014,  0.060, 5, -52.500,  6.413, 19.181, 81,  81.299,  1.245,  5.369, 82,   0.015, -0.336, -0.158, 83,   0.918, -0.214,  9.761
13569.97340, 3,   0.646, -0.490,  9.878, 4,   0.056, -0.014,  0.052, 5, -52.556,  6.244, 19.781, 81,  81.251,  1.208,  5.371, 82,  -0.104, -0.040, -0.211, 83,   0.918, -0.208,  9.761
13569.99361, 3,   0.639, -0.387,  9.550, 4,   0.024,  0.012,  0.064, 5, -52.500,  6.000, 20.156, 81,  81.242,  1.222,  5.347, 82,  -0.268, -0.280,  0.116, 83,   0.914, -0.210,  9.762
13570.01382, 3,   0.581, -0.483,  9.610, 4,  -0.033,  0.031,  0.073, 5, -52.556,  5.813, 20.756, 81,  81.225,  1.216,  5.314, 82,  -0.269, -0.178, -0.212, 83,   0.908, -0.209,  9.762
13570.03404, 3,   0.576, -0.608,  9.823, 4,  -0.026,  0.029,  0.099, 5, -52.144,  5.513, 21.000, 81,  81.183,  1.270,  5.253, 82,  -0.317, -0.264, -0.153, 83,   0.898, -0.219,  9.763
13570.05425, 3,   0.632, -0.663,  9.466, 4,  -0.050,  0.034,  0.141, 5, -51.600,  5.588, 21.713, 81,  81.163,  1.364,  5.181, 82,  -0.309, -0.373,  0.059, 83,   0.885, -0.235,  9.764
13570.07446, 3,   0.658, -0.821,  9.639, 4,  -0.031,  0.020,  0.179, 5, -51.188,  5.100, 22.613, 81,  81.033,  1.460,  5.112, 82,  -0.242, -0.412, -0.298, 83,   0.873, -0.251,  9.764
13570.09468, 3,   0.720, -0.835,  9.567, 4,  -0.060,  0.026,  0.190, 5, -50.644,  4.669, 23.456, 81,  80.899,  1.590,  5.056, 82,  -0.206, -0.548, -0.126, 83,   0.864, -0.273,  9.765
13570.11489, 3,   0.718, -0.780,  9.713, 4,   0.024,  0.093,  0.170, 5, -49.800,  4.669, 24.056, 81,  80.807,  1.702,  5.013, 82,  -0.136, -0.543, -0.198, 83,   0.856, -0.292,  9.765
13570.13510, 3,   0.794, -0.885, 10.015, 4,   0.045, -0.058,  0.105, 5, -49.144,  4.388, 24.788, 81,  80.568,  2.034,  4.898, 82,  -0.042, -0.536,  0.250, 83,   0.836, -0.349,  9.765
13570.15532, 3,   0.988, -0.706,  9.811, 4,   0.033, -0.006,  0.090, 5, -48.600,  4.388, 25.856
13570.17553, 3,   0.941, -0.332,  9.349, 4,   0.030, -0.020,  0.133, 5, -47.869,  4.313, 27.056, 81,  80.531,  2.048,  4.888, 82,   0.154, -0.355,  0.046, 83,   0.834, -0.351,  9.765
13570.19574, 3,   0.840, -0.462,  9.806, 4,   0.020, -0.007,  0.161, 5, -47.644,  4.444, 28.256, 81,  80.447,  2.048,  4.865, 82,   0.110,  0.019, -0.416, 83,   0.831, -0.351,  9.765
13570.21596, 3,   0.730, -0.251,  9.603, 4,  -0.025,  0.022,  0.163, 5, -47.400,  4.781, 29.456, 81,  80.397,  2.055,  4.862, 82,   0.010, -0.110,  0.041, 83,   0.830, -0.352,  9.765
13570.23617, 3,   0.713, -0.083,  8.994, 4,  -0.136,  0.013,  0.124, 5, -46.800,  5.813, 30.900
13570.25639, 3,   0.976, -0.217, 10.029, 4,  -0.105,  0.018,  0.080, 5, -46.369,  6.825, 32.456, 81,  80.088,  2.190,  4.772, 82,  -0.102,  0.292, -0.772, 83,   0.815, -0.375,  9.766
13570.27660, 3,   0.924, -0.145, 10.307, 4,  -0.003,  0.019,  0.044, 5, -46.256,  8.044, 33.581, 81,  80.023,  2.295,  4.761, 82,   0.163,  0.176,  0.264, 83,   0.813, -0.393,  9.765
13570.29681, 3,   0.821,  0.237,  8.954, 4,  -0.056, -0.019,  0.038, 5, -46.144,  9.844, 34.800, 81,  79.927,  2.306,  4.732, 82,   0.116,  0.250,  0.542, 83,   0.808, -0.395,  9.765
13570.31703, 3,   0.814,  0.325,  9.854, 4,  -0.060, -0.000,  0.072, 5, -45.656, 11.588, 35.288, 81,  79.821,  2.336,  4.724, 82,   0.014,  0.637, -0.811, 83,   0.807, -0.400,  9.765
13570.33724, 3,   0.766,  0.412, 10.134, 4,  -0.151,  0.271,  0.104, 5, -44.400, 17.588, 34.988, 81,  79.497,  2.279,  4.739, 82,   0.004,  0.715,  0.089, 83,   0.810, -0.390,  9.765
13570.35745, 3,   0.739, -0.169,  8.956, 4,  -0.171,  0.188,  0.145, 5, -44.400, 17.588, 34.988, 81,  79.138,  2.363,  4.684, 82,  -0.034,  0.817,  0.368, 83,   0.800, -0.405,  9.766
13570.37767, 3,   0.715,  0.005,  9.059, 4,  -0.252, -0.118,  0.151, 5, -44.288, 19.181, 34.013, 81,  78.779,  2.524,  4.654, 82,  -0.056,  0.263, -0.809, 83,   0.795, -0.432,  9.765
13570.39788, 3,   0.845,  0.021,  9.365, 4,  -0.502, -0.036,  0.113, 5, -44.044, 20.700, 32.756, 81,  78.317,  2.670,  4.663, 82,  -0.082,  0.462, -0.705, 83,   0.797, -0.457,  9.764
13570.41809, 3,   0.952,  0.088,  8.091, 4,  -0.617, -0.054,  0.088, 5, -43.500, 21.788, 31.613, 81,  77.779,  3.148,  4.706, 82,   0.041,  0.560, -0.394, 83,   0.804, -0.539,  9.759
13570.43831, 3,   1.082, -1.793, 12.359, 4,   0.295, -0.104,  0.075, 5, -43.088, 22.500, 30.169, 81,  77.348,  3.634,  4.714, 82,   0.146,  0.709, -1.663, 83,   0.806, -0.621,  9.754
13570.45852, 3,   1.175, -0.028, 10.005, 4,  -0.035,  0.117,  0.061, 5, -42.900, 22.913, 29.156, 81,  76.882,  4.107,  4.628, 82,   0.291, -1.091,  2.609, 83,   0.791, -0.702,  9.749
13570.47874, 3,   0.964, -0.754,  8.187, 4,  -0.037,  0.024,  0.075, 5, -42.900, 23.044, 27.900, 81,  76.463,  3.827,  4.619, 82,   0.385,  0.626,  0.252, 83,   0.790, -0.654,  9.753
13570.49895, 3,   1.079, -1.111, 10.309, 4,  -0.122,  0.111, -0.014, 5, -43.144, 23.344, 26.513, 81,  76.039,  3.734,  4.537, 82,   0.188, -0.116, -1.568, 83,   0.776, -0.638,  9.755
13570.51916, 3,   1.247, -0.768, 10.858, 4,   0.206, -0.085, -0.020, 5, -42.956, 23.400, 25.388, 81,  75.672,  3.768,  4.443, 82,   0.319, -0.467,  0.553, 83,   0.760, -0.644,  9.756
13570.53938, 3,   0.826, -1.561,  7.275, 4,  -0.111,  0.100, -0.053, 5, -42.900, 23.400, 24.356, 81,  75.364,  3.589,  4.520, 82,   0.474, -0.154,  1.101, 83,   0.773, -0.614,  9.757
13570.55959, 3,   0.691, -0.634, 10.908, 4,   0.030,  0.223, -0.040, 5, -42.788, 23.213, 23.456, 81,  75.086,  3.465,  4.437, 82,   0.067, -0.969, -2.484, 83,   0.759, -0.593,  9.759
13570.57980, 3,   0.902, -1.180, 10.549, 4,   0.254,  0.118, -0.024, 5, -42.656, 23.100, 22.388, 81,  74.819,  3.292,  4.425, 82,  -0.066, -0.071,  1.147, 83,   0.757, -0.563,  9.761
13570.60002, 3,   0.816, -0.505,  8.685, 4,  -0.017, -0.156, -0.015, 5, -42.656, 22.800, 21.656, 81,  74.560,  3.250,  4.232, 82,   0.178, -0.624,  0.785, 83,   0.724, -0.556,  9.764
13570.62023, 3,   0.739, -0.236,  9.303, 4,   0.292, -0.078,  0.062, 5, -42.788, 22.613, 20.756, 81,  74.297,  3.186,  4.182, 82,   0.101,  0.040, -1.080, 83,   0.715, -0.545,  9.765
13570.64044, 3,   1.570, -0.047,  3.780, 4,   0.947, -0.372,  0.082, 5, -42.600, 22.425, 20.269, 81,  73.989,  2.981,  4.113, 82,   0.036,  0.274, -0.465, 83,   0.703, -0.510,  9.768
13570.66066, 3,   1.206, -1.633, 15.947, 4,  -0.898, -0.592, -0.093, 5, -42.300, 21.900, 19.988, 81,  73.636,  1.929,  4.371, 82,   0.823,  0.284, -5.993, 83,   0.747, -0.331,  9.773
13570.68087, 3,   0.761,  0.797, 14.785, 4,   0.183, -0.127, -0.070, 5, -42.356, 21.544, 19.369, 81,  73.476,  1.903,  4.356, 82,   0.461, -1.307,  6.174, 83,   0.745, -0.326,  9.773
13570.70108, 3,   0.488, -0.033,  2.818, 4,  -0.445, -0.180, -0.061, 5, -42.356, 21.413, 19.088, 81,  73.334,  1.504,  4.115, 82,   0.057,  1.055,  5.007, 83,   0.704, -0.258,  9.778
13570.72130, 3,   0.672, -1.111, 10.891, 4,  -0.228, -0.111, -0.134, 5, -42.488, 21.113, 18.713, 81,  73.195,  1.864,  4.056, 82,  -0.206,  0.287, -6.959, 83,   0.694, -0.320,  9.777
13570.74151, 3,   0.639,  0.256, 12.683, 4,   0.262,  0.128, -0.096, 5, -42.656, 20.888, 18.356, 81,  73.113,  1.817,  4.208, 82,  -0.047, -0.799,  1.116, 83,   0.719, -0.312,  9.775
13570.76173, 3,   0.548, -0.371,  7.289, 4,  -0.068,  0.058, -0.015, 5, -42.656, 20.588, 18.000, 81,  73.020,  1.731,  4.120, 82,  -0.065,  0.553,  2.906, 83,   0.704, -0.297,  9.777
13570.78194, 3,   0.749, -1.015,  9.215, 4,  -0.030, -0.139,  0.073, 5, -42.600, 20.588, 17.681, 81,  72.913,  1.799,  4.003, 82,  -0.137, -0.062, -2.489, 83,   0.684, -0.309,  9.778
13570.80215, 3,   0.890, -0.421, 11.114, 4,  -0.013, -0.063,  0.056, 5, -42.600, 20.213, 17.269, 81,  72.691,  1.846,  4.110, 82,   0.046, -0.699, -0.561, 83,   0.703, -0.316,  9.776
13570.82237, 3,   0.754, -0.327,  9.054, 4,   0.039,  0.049, -0.028, 5, -42.788, 20.269, 16.781, 81,  72.453,  1.809,  4.151, 82,   0.180, -0.111,  1.338, 83,   0.710, -0.310,  9.776
13570.84258, 3,   0.639, -0.759,  9.255, 4,   0.038, -0.004, -0.105, 5, -42.788, 20.269, 16.781, 81,  72.275,  1.794,  4.122, 82,   0.049, -0.019, -0.722, 83,   0.705, -0.308,  9.776
13570.86279, 3,   0.533, -0.497, 10.393, 4,  -0.027, -0.020, -0.138, 5, -42.844, 20.025, 16.500, 81,  72.191,  1.852,  4.181, 82,  -0.076, -0.442, -0.520, 83,   0.715, -0.317,  9.775
13570.88301, 3,   0.433, -0.248,  9.452, 4,   0.006,  0.041, -0.147, 5, -42.956, 20.025, 16.369, 81,  72.150,  1.853,  4.211, 82,  -0.187, -0.180,  0.618, 83,   0.720, -0.317,  9.775
13570.90322, 3,   0.505, -0.280,  9.380, 4,  -0.004, -0.008, -0.106, 5, -43.144, 19.913, 16.369, 81,  72.218,  1.835,  4.190, 82,  -0.283,  0.067, -0.323, 83,   0.716, -0.314,  9.775
13570.92343, 3,   0.476, -0.366, 10.055, 4,  -0.009,  0.010, -0.047, 5, -43.369, 19.913, 16.313, 81,  72.208,  1.840,  4.208, 82,  -0.214,  0.035, -0.395, 83,   0.719, -0.315,  9.775
13570.94365, 3,   0.627, -0.160,  9.722, 4,  -0.029,  0.052,  0.019, 5, -43.444, 19.744, 16.500, 81,  72.127,  1.860,  4.193, 82,  -0.241, -0.047,  0.280, 83,   0.717, -0.319,  9.775
13570.96386, 3,   0.890, -0.533,  9.421, 4,  -0.047, -0.044,  0.016, 5, -43.800, 19.913, 16.369, 81,  71.975,  1.857,  4.181, 82,  -0.088,  0.158, -0.053, 83,   0.715, -0.318,  9.775
13570.98407, 3,   0.873, -0.900,  9.809, 4,  -0.012,  0.011, -0.056, 5, -43.800, 19.688, 16.556, 81,  71.801,  1.906,  4.197, 82,   0.173, -0.206, -0.354, 83,   0.717, -0.327,  9.775
13571.00429, 3,   0.557, -0.517,  9.720, 4,  -0.019,  0.019, -0.088, 5, -43.988, 19.613, 16.556, 81,  71.697,  2.026,  4.191, 82,   0.157, -0.553,  0.035, 83,   0.716, -0.347,  9.774
13571.02450, 3,   0.560, -0.308,  9.538, 4,  -0.003, -0.013, -0.087, 5, -44.156, 19.500, 16.613, 81,  71.660,  2.067,  4.154, 82,  -0.153, -0.163, -0.055, 83,   0.710, -0.354,  9.775
13571.04472, 3,   0.675, -0.138,  9.696, 4,   0.004, -0.019, -0.055, 5, -43.988, 19.369, 16.613, 81,  71.614,  2.077,  4.147, 82,  -0.149,  0.048, -0.236, 83,   0.709, -0.356,  9.775
13571.06493, 3,   0.703, -0.009,  9.696, 4,   0.011, -0.010, -0.012, 5, -43.856, 19.369, 16.688, 81,  71.586,  2.028,  4.139, 82,  -0.032,  0.209, -0.079, 83,   0.707, -0.347,  9.775
13571.08514, 3,   0.751, -0.148,  9.627, 4,   0.005, -0.006,  0.015, 5, -43.856, 19.369, 16.781, 81,  71.508,  1.949,  4.159, 82,  -0.008,  0.325, -0.079, 83,   0.711, -0.334,  9.775
13571.12557, 3,   0.871, -0.529,  9.500, 4,   0.000, -0.025, -0.003, 5, -44.044, 19.088, 16.856, 81,  71.388,  1.919,  4.171, 82,   0.038,  0.181, -0.148, 83,   0.713, -0.329,  9.775
13571.16600, 3,   0.885, -0.550,  9.825, 4,  -0.012, -0.011, -0.071, 5, -44.044, 19.369, 16.500, 81,  71.133,  1.895,  4.200, 82,   0.153, -0.205, -0.275, 83,   0.718, -0.324,  9.775
13571.20642, 3,   0.711, -0.301,  9.646, 4,  -0.005, -0.036, -0.130, 5, -43.856, 19.613, 16.256, 81,  71.028,  1.915,  4.235, 82,   0.161, -0.222,  0.051, 83,   0.724, -0.328,  9.774
13571.24685, 3,   0.471, -0.148,  9.595, 4,  -0.017, -0.043, -0.026, 5, -43.688, 20.025, 15.656, 81,  71.077,  1.901,  4.296, 82,  -0.023,  0.024, -0.128, 83,   0.734, -0.325,  9.774
13571.28728, 3,   0.620, -0.086,  9.483, 4,  -0.019,  0.035,  0.051, 5, -43.556, 21.000, 14.888, 81,  70.999,  1.883,  4.350, 82,  -0.273,  0.174, -0.178, 83,   0.744, -0.322,  9.773
13571.32771, 3,   0.636, -0.133,  9.732, 4,  -0.038,  0.024,  0.148, 5, -43.200, 21.488, 14.700, 81,  70.687,  1.855,  4.367, 82,  -0.127,  0.231, -0.290, 83,   0.746, -0.317,  9.773
13571.36813, 3,   0.632, -0.071,  9.392, 4,  -0.108, -0.125,  0.214, 5, -43.200, 22.388, 13.781, 81,  70.092,  1.951,  4.396, 82,  -0.115,  0.201, -0.040, 83,   0.751, -0.334,  9.772
13571.40856, 3,   0.545, -0.097,  8.966, 4,  -0.105,  0.011,  0.226, 5, -43.369, 23.044, 12.169, 81,  69.356,  2.059,  4.344, 82,  -0.111,  0.281, -0.380, 83,   0.743, -0.352,  9.772
13571.44899, 3,   0.766, -1.005, 10.316, 4,  -0.129,  0.112,  0.205, 5, -43.200, 22.988, 10.500, 81,  68.602,  2.214,  4.287, 82,  -0.188,  0.282, -0.806, 83,   0.733, -0.379,  9.772
13571.48941, 3,   0.325, -0.390,  9.160, 4,  -0.475, -0.113,  0.309, 5, -42.844, 22.313,  8.456, 81,  67.816,  2.641,  4.273, 82,   0.036, -0.554,  0.547, 83,   0.730, -0.451,  9.769
13571.52984, 3,   1.118, -0.617,  9.344, 4,   0.130,  0.128,  0.231, 5, -42.356, 20.513,  7.200, 81,  67.040,  3.273,  4.298, 82,  -0.410,  0.169, -0.603, 83,   0.735, -0.559,  9.763
13571.57027, 3,   1.422, -1.460, 11.296, 4,   0.126,  0.001,  0.050, 5, -41.869, 18.413,  7.088, 81,  66.185,  3.386,  4.255, 82,   0.391, -0.038, -0.419, 83,   0.727, -0.578,  9.763
13571.61069, 3,   0.706, -0.478,  9.109, 4,   0.073, -0.160, -0.019, 5, -41.400, 16.781,  7.856, 81,  65.888,  3.507,  4.208, 82,   0.703, -0.861,  1.534, 83,   0.719, -0.599,  9.762
13571.65112, 3,   0.948, -1.178,  9.624, 4,  -0.070, -0.048,  0.044, 5, -41.944, 15.825,  9.000, 81,  66.009,  3.415,  4.120, 82,   0.002,  0.105, -0.655, 83,   0.704, -0.584,  9.764
13571.69155, 3,   1.029, -1.036,  9.576, 4,   0.011,  0.020, -0.064, 5, -42.788, 14.588,  9.581, 81,  66.002,  3.390,  4.015, 82,   0.262, -0.599, -0.141, 83,   0.686, -0.579,  9.765
13571.73198, 3,   0.670, -0.380,  9.342, 4,   0.216, -0.111, -0.152, 5, -43.800, 13.669, 10.013, 81,  66.115,  3.294,  3.979, 82,   0.349, -0.473, -0.191, 83,   0.680, -0.563,  9.767
13571.77240, 3,   0.545, -0.483, 14.278, 4,  -0.103,  0.625, -0.037, 5, -45.656, 11.700, 10.800, 81,  66.657,  3.088,  3.979, 82,  -0.010,  0.148, -0.427, 83,   0.680, -0.528,  9.769
13571.81283, 3,   1.010, -0.485,  7.500, 4,   0.157,  0.228, -0.024, 5, -46.369, 10.800, 10.988, 81,  67.175,  2.945,  4.045, 82,  -0.147,  0.020,  4.509, 83,   0.692, -0.503,  9.769
13571.85326, 3,   0.735, -0.229,  9.504, 4,   0.070,  0.046, -0.004, 5, -46.688, 10.200, 12.113, 81,  67.715,  2.536,  4.039, 82,   0.319, -0.052, -2.273, 83,   0.691, -0.433,  9.773
13571.89368, 3,   0.732, -0.627, 10.362, 4,   0.062, -0.010,  0.018, 5, -47.344,  9.244, 13.200, 81,  68.092,  2.561,  4.049, 82,   0.043,  0.209, -0.268, 83,   0.692, -0.438,  9.772
13571.93411, 3,   0.864, -0.066,  9.188, 4,   0.057,  0.008,  0.083, 5, -47.456,  8.513, 14.213, 81,  68.493,  2.418,  4.113, 82,   0.029, -0.214,  0.589, 83,   0.703, -0.413,  9.773
13571.97454, 3,   1.017, -0.332,  9.849, 4,   0.022, -0.026,  0.069, 5, -47.456,  7.913, 15.056, 81,  68.865,  2.301,  4.088, 82,   0.165,  0.327, -0.586, 83,   0.699, -0.393,  9.774
13572.01497, 3,   0.809, -0.375,  9.617, 4,   0.049,  0.023,  0.082, 5, -48.000,  7.369, 16.256, 81,  69.163,  2.199,  4.092, 82,   0.317,  0.044,  0.075, 83,   0.700, -0.376,  9.774
13572.05539, 3,   0.838,  0.258,  9.492, 4,   0.031, -0.028,  0.102, 5, -47.400,  7.088, 17.513, 81,  69.491,  2.092,  4.113, 82,   0.106, -0.017, -0.158, 83,   0.703, -0.358,  9.775
13572.09582, 3,   0.893,  0.127, 10.103, 4,   0.077, -0.027,  0.088, 5, -47.288,  6.881, 19.013, 81,  69.780,  1.916,  4.167, 82,   0.126,  0.585, -0.283, 83,   0.713, -0.327,  9.775
13572.13625, 3,   0.739, -0.495,  9.227, 4,   0.023, -0.030,  0.097, 5, -46.856,  7.088, 20.756, 81,  70.017,  1.695,  4.258, 82,   0.165,  0.417,  0.328, 83,   0.728, -0.290,  9.775
13572.17667, 3,   0.605,  0.639,  9.833, 4,  -0.003, -0.000,  0.244, 5, -46.369,  7.369, 21.956, 81,  70.326,  1.596,  4.282, 82,   0.007, -0.222, -0.549, 83,   0.732, -0.273,  9.775
13572.21710, 3,   0.665, -0.064,  9.662, 4,   0.035,  0.007,  0.278, 5, -46.256,  7.744, 23.456, 81,  70.540,  1.368,  4.336, 82,  -0.137,  0.873,  0.057, 83,   0.741, -0.234,  9.776
13572.25753, 3,   0.502, -1.558,  9.507, 4,  -0.051,  0.016,  0.081, 5, -45.056,  8.625, 25.256, 81,  70.098,  1.333,  4.317, 82,  -0.073,  0.164, -0.114, 83,   0.738, -0.228,  9.776
13572.29796, 3,   0.660, -0.579,  9.519, 4,  -0.129,  0.055,  0.011, 5, -44.400,  9.713, 26.888, 81,  70.308,  1.562,  4.216, 82,  -0.219, -1.291, -0.269, 83,   0.721, -0.267,  9.776
13572.33838, 3,   0.296, -0.421,  9.950, 4,  -0.244, -0.043,  0.255, 5, -43.500, 10.388, 29.213, 81,  70.594,  1.788,  4.102, 82,  -0.041, -0.273, -0.258, 83,   0.701, -0.306,  9.777
13572.37881, 3,   0.691, -0.732,  8.755, 4,  -0.028, -0.010,  0.301, 5, -42.244, 11.944, 32.288, 81,  70.537,  2.350,  3.887, 82,  -0.369, -0.019,  0.174, 83,   0.665, -0.402,  9.776
13572.41924, 3,   0.272, -1.245, 10.211, 4,   0.265,  0.094,  0.209, 5, -40.988, 14.400, 35.569, 81,  69.895,  2.502,  3.826, 82,   0.037, -0.304, -1.020, 83,   0.654, -0.428,  9.775
13572.45966, 3,   0.248, -1.041,  9.354, 4,  -0.039,  0.043,  0.233, 5, -39.788, 18.488, 38.513, 81,  69.339,  2.386,  3.740, 82,  -0.368, -0.837,  0.434, 83,   0.640, -0.408,  9.777
13572.50009, 3,   0.423, -0.859,  9.500, 4,  -0.053,  0.011,  0.384, 5, -38.869, 23.888, 39.956, 81,  68.781,  2.414,  3.654, 82,  -0.377, -0.628, -0.424, 83,   0.625, -0.413,  9.778
13572.54052, 3,   1.163, -0.984, 10.019, 4,   0.058,  0.042,  0.337, 5, -37.988, 28.988, 39.113, 81,  67.673,  2.546,  3.548, 82,  -0.184, -0.424, -0.278, 83,   0.607, -0.435,  9.778
13572.58095, 3,   0.943, -0.579,  9.512, 4,  -0.004,  0.010,  0.264, 5, -37.069, 32.925, 36.656, 81,  66.094,  2.610,  3.525, 82,   0.560, -0.538,  0.241, 83,   0.603, -0.446,  9.778
13572.62137, 3,   0.854, -0.598,  9.624, 4,   0.019,  0.021,  0.242, 5, -36.188, 35.344, 33.713, 81,  64.617,  2.671,  3.488, 82,   0.347, -0.122, -0.266, 83,   0.596, -0.457,  9.778
13572.66180, 3,   0.713, -0.739,  9.564, 4,   0.002,  0.011,  0.337, 5, -35.569, 35.925, 30.956, 81,  63.219,  2.698,  3.467, 82,   0.261, -0.137, -0.154, 83,   0.593, -0.461,  9.778
13572.70223, 3,   0.897, -0.723,  9.947, 4,  -0.006,  0.011,  0.331, 5, -35.344, 35.888, 28.988, 81,  61.615,  2.790,  3.373, 82,   0.136, -0.262, -0.214, 83,   0.577, -0.477,  9.778
13572.74265, 3,   0.826, -0.804,  9.509, 4,   0.039, -0.010,  0.343, 5, -35.044, 36.000, 27.713, 81,  60.107,  2.886,  3.367, 82,   0.321, -0.230,  0.170, 83,   0.576, -0.493,  9.777
13572.78308, 3,   0.708, -0.090,  9.655, 4,  -0.061, -0.006,  0.546, 5, -34.988, 35.381, 26.756, 81,  58.621,  2.947,  3.341, 82,   0.255, -0.301, -0.268, 83,   0.571, -0.503,  9.777
13572.82351, 3,   0.766,  0.000,  9.775, 4,  -0.011, -0.002,  0.734, 5, -34.425, 35.081, 26.288, 81,  56.801,  2.967,  3.358, 82,   0.134,  0.417, -0.122, 83,   0.574, -0.507,  9.777
13572.86394, 3,  -2.335,  0.816,  9.440, 4,  -0.053, -0.012,  1.398, 5, -33.788, 35.213, 26.156, 81,  54.732,  2.916,  3.362, 82,   0.191,  0.498, -0.002, 83,   0.575, -0.498,  9.777
13572.90436, 3,   0.294, -0.318,  9.550, 4,   0.059,  0.068,  1.928, 5, -32.888, 34.913, 25.856, 81,  52.304,  2.950,  2.813, 82,  -2.816,  1.320, -0.342, 83,   0.481, -0.504,  9.782
13572.94479, 3,   0.210, -1.137,  9.689, 4,   0.031,  0.062,  2.223, 5, -31.800, 35.569, 25.388, 81,  47.578,  3.041,  2.482, 82,  -0.130,  0.202, -0.234, 83,   0.424, -0.520,  9.784
13572.98522, 3,   0.045,  0.218,  9.651, 4,   0.072,  0.029,  2.388, 5, -29.756, 36.581, 25.313, 81,  43.125,  3.288,  2.075, 82,  -0.145, -0.575, -0.095, 83,   0.355, -0.562,  9.784
13573.02564, 3,   0.246, -0.380,  9.751, 4,   0.014,  0.105,  2.534, 5, -27.544, 37.800, 25.013, 81,  37.126,  3.257,  1.594, 82,  -0.228,  0.775, -0.136, 83,   0.273, -0.557,  9.787
13573.06607, 3,   0.038, -1.226,  9.742, 4,  -0.003,  0.084,  2.265, 5, -24.488, 38.925, 25.256, 81,  32.043,  3.301,  1.175, 82,   0.045,  0.185, -0.037, 83,   0.201, -0.565,  9.788
13573.10650, 3,  -0.658, -1.113,  9.459, 4,   0.107,  0.028,  2.158, 5, -21.000, 39.713, 25.688, 81,  26.008,  3.525,  0.558, 82,  -0.057, -0.623, -0.046, 83,   0.095, -0.603,  9.788
13573.14692, 3,  -0.436, -1.003,  9.737, 4,  -0.027,  0.078,  2.006, 5, -17.681, 40.313, 26.156, 81,  21.709,  3.390,  0.146, 82,  -0.683, -0.533, -0.330, 83,   0.025, -0.580,  9.789
13573.18735, 3,   0.325, -1.053,  9.782, 4,  -0.030,  0.120,  1.867, 5, -12.356, 41.344, 27.656, 81,  16.523,  3.381, -0.450, 82,  -0.359, -0.425, -0.052, 83,  -0.077, -0.578,  9.789
13573.22778, 3,   0.097, -0.399,  9.710, 4,   0.038,  0.064,  1.883, 5, -10.856, 41.513, 28.200, 81,  12.747,  3.409, -0.753, 82,   0.454, -0.470, -0.007, 83,  -0.129, -0.583,  9.788
13573.26821, 3,   0.682,  0.706,  9.385, 4,  -0.005,  0.079,  1.978, 5,  -7.444, 41.869, 29.156, 81,   8.620,  3.318, -1.162, 82,   0.296,  0.168, -0.078, 83,  -0.199, -0.567,  9.788
13573.30863, 3,   1.534, -0.679, 10.046, 4,   0.032,  0.082,  1.768, 5,  -4.444, 42.000, 30.113, 81,   4.294,  3.023, -1.469, 82,   0.934,  1.223, -0.405, 83,  -0.252, -0.517,  9.790
13573.34906, 3,   1.257, -0.452,  9.423, 4,  -0.005,  0.074,  1.613, 5,  -1.444, 41.813, 30.656, 81, 359.572,  2.865, -1.701, 82,   1.825, -0.189,  0.256, 83,  -0.291, -0.490,  9.790
13573.38949, 3,   0.545,  0.292,  9.598, 4,   0.038,  0.033,  1.586, 5,   1.613, 41.644, 31.556, 81, 356.356,  2.719, -1.825, 82,   1.570,  0.013, -0.368, 83,  -0.313, -0.465,  9.791
13573.42991, 3,   0.028,  0.134,  9.797, 4,   0.071,  0.073,  1.459, 5,   4.444, 41.400, 32.156, 81, 352.760,  2.457, -1.974, 82,   0.883,  0.712, -0.194, 83,  -0.338, -0.420,  9.792
13573.47034, 3,   0.210,  0.524,  9.660, 4,  -0.001,  0.073,  1.444, 5,   7.444, 40.988, 32.513, 81, 349.354,  2.107, -2.144, 82,   0.395,  0.494,  0.004, 83,  -0.367, -0.360,  9.793
13573.51077, 3,   0.655,  0.594,  9.588, 4,   0.052,  0.057,  1.371, 5,  10.013, 40.369, 33.188, 81, 346.058,  1.824, -2.317, 82,   0.607,  0.836, -0.134, 83,  -0.397, -0.312,  9.794
13573.55120, 3,   0.454,  0.876,  9.674, 4,   0.031,  0.052,  1.186, 5,  12.300, 39.713, 33.488, 81, 342.834,  1.585, -2.411, 82,   1.068,  0.865, -0.206, 83,  -0.413, -0.271,  9.794
13573.59162, 3,   0.471,  0.804,  9.674, 4,   0.037,  0.052,  0.879, 5,  14.513, 38.813, 34.388, 81, 339.886,  1.250, -2.477, 82,   0.878,  1.090, -0.121, 83,  -0.424, -0.214,  9.795
13573.63205, 3,   0.720,  0.325,  9.538, 4,   0.027,  0.012,  0.596, 5,  16.613, 37.800, 35.081, 81, 337.529,  0.963, -2.483, 82,   0.896,  0.969, -0.122, 83,  -0.425, -0.165,  9.796
13573.67248, 3,   0.725,  0.007,  9.809, 4,  -0.006, -0.020,  0.418, 5,  18.413, 37.313, 35.700, 81, 335.813,  0.823, -2.446, 82,   1.139,  0.466, -0.259, 83,  -0.419, -0.141,  9.797
13573.71290, 3,   0.845,  0.143,  9.509, 4,  -0.027, -0.008,  0.336, 5,  20.156, 36.581, 36.356, 81, 334.480,  0.784, -2.188, 82,   1.100,  0.141,  0.010, 83,  -0.375, -0.134,  9.799
13573.75333, 3,   1.060,  0.151,  9.787, 4,  -0.026, -0.007,  0.222, 5,  21.356, 36.000, 36.300, 81, 333.511,  0.796, -2.063, 82,   1.198,  0.279, -0.290, 83,  -0.353, -0.136,  9.799
13573.79376, 3,   0.979, -0.620,  9.512, 4,   0.009, -0.025,  0.013, 5,  22.425, 35.644, 36.581, 81, 332.684,  0.761, -1.799, 82,   1.368,  0.281, -0.014, 83,  -0.308, -0.130,  9.801
13573.83418, 3,   0.586, -0.121,  9.720, 4,  -0.109,  0.006, -0.043, 5,  22.913, 35.044, 36.713, 81, 332.294,  0.859, -1.618, 82,   1.256, -0.473, -0.290, 83,  -0.277, -0.147,  9.802
13573.87461, 3,   1.048, -0.591,  9.581, 4,  -0.089, -0.028, -0.024, 5,  23.100, 34.500, 37.200, 81, 332.198,  1.013, -1.451, 82,   0.835,  0.052, -0.082, 83,  -0.249, -0.173,  9.802
13573.91504, 3,   0.770, -0.600,  9.828, 4,  -0.061, -0.106, -0.156, 5,  22.800, 34.200, 38.156, 81, 332.023,  1.299, -1.242, 82,   1.261, -0.369, -0.221, 83,  -0.213, -0.222,  9.802
13573.95547, 3,   0.483, -0.174,  9.653, 4,   0.146,  0.063, -0.149, 5,  22.556, 33.881, 39.300, 81, 332.082,  1.433, -0.981, 82,   0.938, -0.355,  0.026, 83,  -0.168, -0.245,  9.802
13573.99589, 3,   0.430,  0.000,  9.785, 4,   0.016, -0.070, -0.049, 5,  22.144, 33.713, 41.156, 81, 332.093,  1.390, -0.856, 82,   0.630,  0.064, -0.150, 83,  -0.147, -0.238,  9.803
13574.03632, 3,   0.718, -0.124,  9.593, 4,   0.014, -0.014, -0.033, 5,  21.656, 34.500, 43.500, 81, 332.225,  1.418, -0.664, 82,   0.544,  0.243, -0.018, 83,  -0.114, -0.243,  9.803
13574.07675, 3,   0.708,  0.306,  9.471, 4,  -0.053, -0.016,  0.049, 5,  21.713, 36.225, 46.313, 81, 332.132,  1.401, -0.543, 82,   0.811,  0.116, -0.210, 83,  -0.093, -0.240,  9.803
13574.11717, 3,   0.622, -0.347,  9.957, 4,  -0.036, -0.054,  0.102, 5,  21.413, 41.644, 49.800, 81, 331.990,  1.336, -0.443, 82,   0.784,  0.535, -0.333, 83,  -0.076, -0.229,  9.804
13574.15760, 3,   0.859,  0.187,  9.155, 4,  -0.112,  0.002,  0.126, 5,  21.713, 46.500, 50.456, 81, 331.797,  1.519, -0.284, 82,   0.671, -0.087,  0.154, 83,  -0.049, -0.260,  9.803
13574.19803, 3,   0.931, -0.169, 10.022, 4,  -0.002,  0.034,  0.106, 5,  21.844, 51.788, 49.500, 81, 331.711,  1.569, -0.211, 82,   0.895,  0.456, -0.648, 83,  -0.036, -0.269,  9.803
13574.23846, 3,   0.864, -0.162,  9.713, 4,  -0.031, -0.021,  0.145, 5,  22.200, 56.513, 46.913, 81, 331.781,  1.598, -0.066, 82,   0.943,  0.104,  0.219, 83,  -0.012, -0.274,  9.803
13574.27888, 3,   0.993,  0.127,  9.531, 4,  -0.095, -0.081,  0.162, 5,  22.613, 59.813, 43.256, 81, 331.979,  1.583,  0.128, 82,   0.842,  0.109, -0.090, 83,   0.022, -0.271,  9.803
13574.31931, 3,   1.683, -0.299,  9.854, 4,   0.064,  0.022,  0.132, 5,  23.044, 61.181, 39.056, 81, 332.197,  1.581,  0.285, 82,   0.945,  0.398, -0.272, 83,   0.048, -0.271,  9.803
13574.35974, 3,   1.326, -0.277,  9.365, 4,   0.050,  0.021,  0.015, 5,  24.000, 61.500, 34.988, 81, 332.435,  1.767,  0.576, 82,   1.585,  0.003,  0.052, 83,   0.098, -0.302,  9.801
13574.40016, 3,   0.809, -0.165,  9.821, 4,   0.059, -0.010, -0.049, 5,  24.356, 61.144, 31.669, 81, 332.814,  1.588,  0.630, 82,   1.219, -0.005, -0.437, 83,   0.107, -0.272,  9.802
13574.44059, 3,   1.051,  0.026,  9.756, 4,   0.430, -0.259, -0.016, 5,  25.013, 60.113, 29.288, 81, 333.321,  1.497,  0.780, 82,   0.676,  0.091,  0.019, 83,   0.133, -0.256,  9.802
13574.48102, 3,   1.077,  0.155,  9.313, 4,  -0.173, -0.112, -0.034, 5,  25.425, 59.344, 27.113, 81, 333.695,  1.413,  1.262, 82,   0.835,  0.268, -0.045, 83,   0.216, -0.242,  9.801
13574.52144, 3,   0.821, -0.069,  9.480, 4,   0.072,  0.094, -0.117, 5,  25.313, 58.744, 25.313, 81, 333.966,  1.386,  1.250, 82,   0.863,  0.392, -0.488, 83,   0.214, -0.237,  9.801
13574.56187, 3,   0.581,  0.484, 10.062, 4,  -0.004, -0.037, -0.113, 5,  25.200, 58.144, 23.756, 81, 334.415,  1.207,  1.123, 82,   0.629,  0.138, -0.323, 83,   0.192, -0.207,  9.803
13574.60230, 3,   0.644, -0.471,  9.229, 4,  -0.099, -0.033, -0.114, 5,  25.144, 58.088, 22.013, 81, 334.865,  1.184,  1.271, 82,   0.364,  0.687,  0.260, 83,   0.217, -0.203,  9.802
13574.64273, 3,   0.447, -0.248,  9.646, 4,  -0.034, -0.039, -0.079, 5,  24.713, 57.900, 20.700, 81, 335.253,  1.301,  1.369, 82,   0.410, -0.248, -0.572, 83,   0.234, -0.223,  9.801
13574.68315, 3,   0.500, -0.200,  9.722, 4,  -0.040, -0.036,  0.090, 5,  24.656, 57.600, 19.313, 81, 335.585,  1.348,  1.460, 82,   0.197, -0.017, -0.155, 83,   0.250, -0.231,  9.801
13574.72358, 3,   0.799, -0.052,  9.500, 4,  -0.019, -0.027,  0.170, 5,  24.413, 57.488, 18.056, 81, 335.672,  1.445,  1.602, 82,   0.226,  0.047, -0.078, 83,   0.274, -0.247,  9.800
13574.76401, 3,   0.634, -0.361,  9.864, 4,   0.026, -0.023,  0.100, 5,  23.700, 56.681, 16.688, 81, 335.430,  1.481,  1.711, 82,   0.507,  0.201, -0.299, 83,   0.292, -0.253,  9.799
13574.80443, 3,   0.720, -0.256,  9.588, 4,  -0.009, -0.042,  0.085, 5,  23.513, 56.213, 15.600, 81, 335.241,  1.487,  1.840, 82,   0.319, -0.107,  0.066, 83,   0.315, -0.254,  9.798
13574.84486, 3,   0.830, -0.830,  9.516, 4,   0.008, -0.030,  0.009, 5,  22.744, 55.800, 14.456, 81, 335.165,  1.473,  1.954, 82,   0.386, -0.004, -0.210, 83,   0.334, -0.252,  9.798
13574.88529, 3,   0.699, -0.380,  9.849, 4,   0.041, -0.045, -0.013, 5,  22.256, 55.313, 13.313, 81, 335.242,  1.533,  2.101, 82,   0.471, -0.568, -0.281, 83,   0.359, -0.262,  9.797
13574.92571, 3,   0.912, -0.050,  9.770, 4,  -0.058,  0.043, -0.010, 5,  21.713, 55.144, 12.300, 81, 335.438,  1.552,  2.249, 82,   0.314, -0.114,  0.053, 83,   0.385, -0.266,  9.796
13574.96614, 3,   0.770, -0.129,  9.375, 4,  -0.083,  0.011,  0.017, 5,  21.113, 54.600, 11.288, 81, 335.631,  1.622,  2.384, 82,   0.504,  0.228, -0.024, 83,   0.408, -0.278,  9.794
13575.00657, 3,   0.979, -0.009,  9.696, 4,  -0.103,  0.089,  0.038, 5,  20.813, 54.188, 10.613, 81, 335.824,  1.784,  2.318, 82,   0.374,  0.176, -0.419, 83,   0.396, -0.305,  9.794
13575.04700, 3,   1.063, -0.462,  9.706, 4,  -0.010, -0.021, -0.052, 5,  20.100, 53.644,  9.956, 81, 335.933,  1.953,  2.264, 82,   0.592,  0.325, -0.097, 83,   0.387, -0.334,  9.793
13575.08742, 3,   1.125, -0.220,  9.461, 4,  -0.107,  0.095, -0.154, 5,  19.256, 52.800,  9.169, 81, 336.129,  2.133,  2.337, 82,   0.663, -0.097, -0.086, 83,   0.400, -0.365,  9.792
13575.12785, 3,   1.175, -0.335,  9.931, 4,   0.045,  0.023, -0.086, 5,  19.013, 52.613,  9.056, 81, 336.611,  2.354,  2.217, 82,   0.746,  0.183, -0.330, 83,   0.379, -0.403,  9.791
13575.16828, 3,   1.091, -1.096, 10.642, 4,   0.145,  0.178, -0.109, 5,  18.525, 52.181,  8.888, 81, 337.090,  2.501,  2.262, 82,   0.788,  0.093,  0.141, 83,   0.387, -0.428,  9.790
13575.20870, 3,   1.032, -0.653,  9.114, 4,  -0.019, -0.054, -0.268, 5,  18.244, 52.013,  8.756, 81, 337.488,  2.632,  2.252, 82,   0.706, -0.646,  0.853, 83,   0.385, -0.450,  9.789
13575.24913, 3,   0.864, -0.445,  9.490, 4,   0.048,  0.081, -0.272, 5,  17.644, 52.144,  8.813, 81, 338.121,  2.631,  2.305, 82,   0.638, -0.203, -0.674, 83,   0.394, -0.450,  9.788
13575.28956, 3,   0.770, -0.409, 10.034, 4,   0.010,  0.002, -0.172, 5,  16.744, 52.500,  8.381, 81, 338.989,  2.547,  2.323, 82,   0.467, -0.009, -0.299, 83,   0.397, -0.436,  9.789
13575.32998, 3,   0.912, -0.476,  9.571, 4,   0.010,  0.018, -0.151, 5,  15.244, 53.100,  7.313, 81, 339.620,  2.517,  2.330, 82,   0.372,  0.021,  0.245, 83,   0.398, -0.431,  9.789
13575.37041, 3,   0.876, -0.706,  9.718, 4,  -0.030,  0.021, -0.193, 5,  13.913, 53.513,  5.156, 81, 340.118,  2.490,  2.360, 82,   0.508, -0.050, -0.218, 83,   0.404, -0.426,  9.789
13575.41084, 3,   0.418, -0.354,  9.516, 4,  -0.057, -0.030, -0.105, 5,  12.113, 52.800,  2.813, 81, 340.729,  2.517,  2.492, 82,   0.450, -0.276, -0.070, 83,   0.426, -0.431,  9.788
13575.45127, 3,   0.708, -0.191,  9.404, 4,  -0.006, -0.031,  0.053, 5,  11.156, 51.413,  0.956, 81, 341.457,  2.549,  2.526, 82,  -0.014,  0.082, -0.271, 83,   0.432, -0.436,  9.787
13575.49169, 3,   1.012, -0.488,  9.674, 4,  -0.028,  0.027,  0.032, 5,  11.100, 49.200, -0.281, 81, 341.726,  2.530,  2.617, 82,   0.260,  0.242, -0.383, 83,   0.448, -0.433,  9.787
13575.53212, 3,   0.806, -0.066,  9.332, 4,  -0.045,  0.026,  0.039, 5,  11.044, 46.744, -0.244, 81, 341.829,  2.650,  2.675, 82,   0.555, -0.035, -0.112, 83,   0.457, -0.453,  9.785
13575.57255, 3,   0.737,  0.088,  9.931, 4,   0.062,  0.116,  0.094, 5,  12.113, 43.800,  0.713, 81, 341.929,  2.621,  2.638, 82,   0.355,  0.382, -0.454, 83,   0.451, -0.448,  9.786
13575.61297, 3,   1.034, -0.071,  9.619, 4,   0.159,  0.146, -0.028, 5,  12.356, 42.844,  0.900, 81, 341.856,  2.541,  2.667, 82,   0.281,  0.523,  0.145, 83,   0.456, -0.435,  9.786
13575.65340, 3,   0.857,  0.287,  9.466, 4,   0.002,  0.091,  0.003, 5,  12.600, 40.988,  1.500, 81, 341.923,  2.381,  2.619, 82,   0.586,  0.336, -0.169, 83,   0.448, -0.407,  9.788
13575.69383, 3,   0.835, -0.062,  9.797, 4,  -0.028,  0.022, -0.003, 5,  12.600, 39.225,  2.288, 81, 342.002,  2.229,  2.637, 82,   0.406,  0.668, -0.323, 83,   0.451, -0.381,  9.789
13575.73425, 3,   0.881, -0.241,  9.900, 4,   0.037,  0.043, -0.047, 5,  12.413, 37.688,  3.113, 81, 342.027,  2.186,  2.714, 82,   0.371,  0.312,  0.008, 83,   0.464, -0.374,  9.789
13575.77468, 3,   0.744, -0.478,  9.643, 4,  -0.028, -0.006, -0.081, 5,  12.600, 36.188,  4.013, 81, 342.046,  2.228,  2.731, 82,   0.414,  0.140,  0.112, 83,   0.467, -0.381,  9.788
13575.81511, 3,   0.758, -0.234,  9.370, 4,   0.011,  0.003, -0.009, 5,  12.544, 35.081,  5.156, 81, 342.167,  2.236,  2.733, 82,   0.277, -0.096, -0.145, 83,   0.467, -0.382,  9.788
13575.85554, 3,   0.744, -0.186,  9.890, 4,   0.046,  0.012, -0.108, 5,  12.544, 33.788,  6.056, 81, 342.234,  2.229,  2.710, 82,   0.295,  0.147, -0.418, 83,   0.463, -0.381,  9.788
13575.89596, 3,   0.845, -0.394,  9.579, 4,   0.059, -0.031, -0.170, 5,  12.844, 32.644,  7.313, 81, 342.271,  2.114,  2.787, 82,   0.267,  0.176,  0.102, 83,   0.477, -0.362,  9.788
13575.93639, 3,   0.646, -0.366,  9.845, 4,   0.042,  0.008, -0.106, 5,  12.413, 32.081,  8.700, 81, 342.511,  2.000,  2.874, 82,   0.353, -0.052, -0.209, 83,   0.491, -0.342,  9.788
13575.97682, 3,   0.696, -0.136,  9.555, 4,   0.051, -0.013,  0.052, 5,  12.056, 31.200,  9.881, 81, 342.774,  1.881,  2.927, 82,   0.145, -0.044,  0.056, 83,   0.501, -0.322,  9.789
13576.01724, 3,   0.847, -0.133,  9.861, 4,   0.045,  0.002,  0.059, 5,  11.513, 31.613, 11.888, 81, 342.749,  1.777,  2.958, 82,   0.190,  0.168, -0.234, 83,   0.506, -0.304,  9.789
13576.05767, 3,   0.785, -0.172,  9.579, 4,   0.054, -0.020, -0.005, 5,  11.400, 31.500, 12.356, 81, 342.484,  1.633,  3.027, 82,   0.329,  0.146,  0.072, 83,   0.518, -0.279,  9.789
13576.09810, 3,   0.495, -0.066,  9.727, 4,   0.015, -0.002, -0.000, 5,  11.044, 31.913, 13.500, 81, 342.406,  1.530,  3.078, 82,   0.259,  0.090, -0.210, 83,   0.526, -0.262,  9.789
13576.13852, 3,   0.780,  0.122,  9.615, 4,  -0.002, -0.035,  0.046, 5,  10.744, 31.744, 14.888, 81, 342.427,  1.415,  3.125, 82,  -0.039,  0.176, -0.062, 83,   0.534, -0.242,  9.789
13576.15874, 3,   0.802, -0.028,  9.504, 4,  -0.014, -0.041,  0.069, 5,  10.444, 31.744, 15.413, 81, 342.373,  1.392,  3.197, 82,   0.233,  0.360, -0.174, 83,   0.547, -0.238,  9.789
13576.17895, 3,   0.835, -0.414,  9.696, 4,  -0.052, -0.058,  0.057, 5,  10.200, 31.744, 16.013, 81, 342.314,  1.397,  3.254, 82,   0.246,  0.211, -0.284, 83,   0.557, -0.239,  9.788
13576.19916, 3,   0.857, -0.888,  9.890, 4,  -0.007, -0.004, -0.018, 5,   9.956, 31.744, 16.500, 81, 342.253,  1.465,  3.355, 82,   0.261, -0.164, -0.091, 83,   0.574, -0.250,  9.787
13576.21938, 3,   0.770, -0.787,  9.631, 4,  -0.016, -0.020, -0.073, 5,   9.713, 31.800, 17.269, 81, 342.251,  1.568,  3.429, 82,   0.271, -0.620,  0.105, 83,   0.586, -0.268,  9.785
13576.23959, 3,   0.770, -0.598,  9.581, 4,  -0.040, -0.015, -0.108, 5,   9.544, 31.669, 18.413, 81, 342.343,  1.630,  3.471, 82,   0.176, -0.509, -0.154, 83,   0.593, -0.279,  9.785
13576.25981, 3,   0.641, -0.751,  9.840, 4,  -0.029, -0.005, -0.102, 5,   9.244, 31.669, 19.369, 81, 342.488,  1.699,  3.516, 82,   0.169, -0.308, -0.203, 83,   0.601, -0.290,  9.784
13576.28002, 3,   0.651, -0.909,  9.586, 4,  -0.044,  0.007, -0.051, 5,   9.000, 31.800, 20.513, 81, 342.673,  1.798,  3.547, 82,   0.034, -0.444,  0.057, 83,   0.606, -0.307,  9.783
13576.30023, 3,   0.672, -0.938,  9.526, 4,  -0.064,  0.008, -0.009, 5,   9.000, 31.988, 21.788
13576.32045, 3,   0.687, -0.823,  9.718, 4,  -0.126,  0.008,  0.037, 5,   8.513, 32.213, 23.588, 81, 342.856,  2.002,  3.600, 82,   0.056, -0.596, -0.255, 83,   0.616, -0.342,  9.781
13576.34066, 3,   0.723, -0.574,  9.562, 4,  -0.132, -0.012,  0.067, 5,   8.081, 32.813, 25.688, 81, 342.882,  2.210,  3.641, 82,   0.064, -0.445, -0.062, 83,   0.623, -0.378,  9.780
13576.36087, 3,   0.790, -0.481,  9.461, 4,  -0.134, -0.023,  0.099, 5,   7.913, 33.413, 27.788, 81, 342.911,  2.352,  3.663, 82,   0.097, -0.172, -0.216, 83,   0.626, -0.402,  9.778
13576.38109, 3,   0.703, -0.143,  9.634, 4,  -0.121, -0.014,  0.151, 5,   7.444, 34.688, 29.813, 81, 342.874,  2.532,  3.684, 82,   0.160, -0.048, -0.316, 83,   0.630, -0.433,  9.777
13576.40130, 3,   0.675,  0.043,  9.830, 4,  -0.112, -0.009,  0.202, 5,   7.744, 36.544, 31.556, 81, 342.832,  2.645,  3.707, 82,   0.069,  0.309, -0.142, 83,   0.634, -0.452,  9.776
13576.42151, 3,   0.627,  0.388,  9.497, 4,  -0.138, -0.007,  0.221, 5,   7.744, 38.813, 32.569, 81, 342.819,  2.660,  3.718, 82,   0.039,  0.497,  0.054, 83,   0.636, -0.454,  9.775
13576.44173, 3,   0.703,  0.244,  9.435, 4,  -0.236, -0.048,  0.244, 5,   7.913, 41.588, 33.356, 81, 342.743,  2.760,  3.720, 82,  -0.009,  0.860, -0.278, 83,   0.636, -0.471,  9.775
13576.46194, 3,   0.751, -0.361, 10.103, 4,  -0.118,  0.061,  0.200, 5,   8.081, 44.100, 33.488, 81, 342.618,  3.016,  3.758, 82,   0.060,  0.759, -0.337, 83,   0.643, -0.515,  9.772
13576.48215, 3,   0.735,  0.347,  9.619, 4,  -0.125, -0.000,  0.190, 5,   8.625, 46.913, 33.056, 81, 342.674,  3.167,  3.758, 82,   0.108,  0.180,  0.332, 83,   0.643, -0.541,  9.771
13576.50237, 3,   1.041,  0.297,  9.564, 4,  -0.014, -0.015,  0.190, 5,   9.413, 49.313, 31.613
13576.52258, 3,   1.288, -0.148,  9.488, 4,  -0.052, -0.026,  0.139, 5,   9.956, 51.413, 29.813, 81, 342.751,  3.048,  3.855, 82,   0.382,  0.817, -0.207, 83,   0.659, -0.520,  9.771
13576.54279, 3,   1.384, -0.363,  9.662, 4,  -0.077,  0.006,  0.065, 5,  11.156, 52.988, 27.656, 81, 342.827,  3.102,  3.937, 82,   0.615,  0.381, -0.281, 83,   0.673, -0.530,  9.769
13576.56301, 3,   1.295, -0.706,  9.423, 4,  -0.042,  0.019,  0.020, 5,  11.644, 53.869, 25.313, 81, 342.945,  3.167,  4.054, 82,   0.691,  0.178, -0.105, 83,   0.693, -0.541,  9.767
13576.58322, 3,   1.029, -0.778, 10.137, 4,   0.075, -0.074,  0.024, 5,  12.656, 54.188, 23.288, 81, 343.140,  3.246,  4.078, 82,   0.598, -0.152, -0.343, 83,   0.697, -0.554,  9.766
13576.60343, 3,   1.108, -0.148,  9.765, 4,  -0.067, -0.134,  0.034, 5,  13.200, 53.813, 21.188, 81, 343.285,  3.229,  4.154, 82,   0.319, -0.227,  0.372, 83,   0.710, -0.551,  9.765
13576.62365, 3,   1.060, -0.335,  9.557, 4,   0.162,  0.040,  0.051, 5,  14.156, 53.513, 19.613, 81, 343.403,  3.246,  4.304, 82,   0.372,  0.406,  0.002, 83,   0.736, -0.554,  9.763
13576.64386, 3,   1.027,  0.127,  9.073, 4,  -0.034,  0.008,  0.078, 5,  15.056, 52.613, 17.869, 81, 343.445,  3.193,  4.374, 82,   0.312,  0.210, -0.206, 83,   0.748, -0.545,  9.763
13576.66407, 3,   1.101, -0.035, 10.537, 4,   0.049, -0.009,  0.060, 5,  15.413, 51.844, 16.613, 81, 343.416,  3.172,  4.446, 82,   0.267,  0.668, -0.689, 83,   0.760, -0.541,  9.762
13576.68429, 3,   1.067, -0.117,  9.200, 4,   0.035,  0.023,  0.002, 5,  15.900, 51.113, 15.656, 81, 343.382,  3.111,  4.468, 82,   0.337,  0.496,  0.775, 83,   0.764, -0.531,  9.762
13576.70450, 3,   0.996, -0.081,  9.727, 4,   0.121, -0.022, -0.122, 5,  16.013, 50.213, 14.700, 81, 343.392,  3.034,  4.452, 82,   0.306,  0.401, -0.563, 83,   0.761, -0.518,  9.763
13576.72472, 3,   0.823, -0.306, 10.197, 4,   0.185,  0.190, -0.116, 5,  16.444, 49.200, 13.856, 81, 343.453,  2.916,  4.481, 82,   0.230,  0.416, -0.037, 83,   0.766, -0.497,  9.764
13576.74493, 3,   0.440,  0.333,  8.630, 4,   0.037, -0.179, -0.113, 5,  16.781, 48.413, 13.200, 81, 343.614,  2.683,  4.405, 82,   0.070,  0.152,  0.430, 83,   0.753, -0.458,  9.767
13576.76514, 3,   0.557,  0.239, 10.292, 4,  -0.055, -0.104, -0.071, 5,  17.344, 47.813, 12.788, 81, 343.696,  2.528,  4.434, 82,  -0.318,  0.764, -1.138, 83,   0.758, -0.431,  9.768
13576.78536, 3,   0.694, -0.464, 10.012, 4,  -0.002, -0.032, -0.040, 5,  17.213, 46.913, 12.113, 81, 343.770,  2.716,  4.513, 82,  -0.214,  0.702,  0.527, 83,   0.771, -0.463,  9.765
13576.80557, 3,   0.684, -0.078,  8.678, 4,  -0.153, -0.086,  0.018, 5,  17.156, 46.200, 11.756, 81, 343.751,  2.729,  4.492, 82,  -0.074,  0.002,  0.247, 83,   0.768, -0.466,  9.765
13576.82578, 3,   1.022, -1.010, 10.793, 4,   0.074,  0.041,  0.039, 5,  17.513, 45.488, 11.513, 81, 343.669,  2.817,  4.533, 82,  -0.091,  0.403, -1.086, 83,   0.775, -0.481,  9.764
13576.84600, 3,   1.269, -0.457,  9.694, 4,   0.035,  0.041,  0.021, 5,  17.756, 44.869, 11.213, 81, 343.530,  2.829,  4.595, 82,   0.237, -0.527,  1.030, 83,   0.785, -0.483,  9.763
13576.86621, 3,   1.240, -0.598,  9.155, 4,   0.046,  0.029,  0.033, 5,  18.056, 44.213, 11.100, 81, 343.412,  2.727,  4.627, 82,   0.478,  0.008, -0.070, 83,   0.791, -0.465,  9.764
13576.88642, 3,   0.967, -0.773, 10.082, 4,   0.083,  0.046,  0.071, 5,  18.000, 43.744, 10.613, 81, 343.287,  2.674,  4.614, 82,   0.451, -0.142, -0.609, 83,   0.789, -0.456,  9.764
13576.90664, 3,   0.938, -0.735,  9.569, 4,   0.072,  0.052,  0.111, 5,  17.813, 43.313, 10.388, 81, 343.134,  2.618,  4.583, 82,   0.184, -0.326,  0.317, 83,   0.783, -0.447,  9.765
13576.92685, 3,   1.266, -0.866,  9.588, 4,   0.009,  0.010,  0.139, 5,  17.756, 42.788, 10.256, 81, 342.925,  2.570,  4.550, 82,   0.160, -0.297, -0.197, 83,   0.778, -0.438,  9.766
13576.94706, 3,   1.223, -1.463,  9.916, 4,   0.035,  0.031,  0.108, 5,  17.681, 42.488, 10.200, 81, 342.691,  2.583,  4.594, 82,   0.481, -0.425, -0.177, 83,   0.785, -0.441,  9.765
13576.96728, 3,   0.972, -1.400,  9.286, 4,   0.076, -0.017,  0.089, 5,  17.756, 42.113, 10.200, 81, 342.459,  2.605,  4.600, 82,   0.437, -1.019,  0.151, 83,   0.786, -0.444,  9.765
13576.98749, 3,   0.876, -1.266,  9.732, 4,   0.079, -0.036,  0.103, 5,  17.681, 41.288, 10.088, 81, 342.257,  2.601,  4.602, 82,   0.185, -0.956, -0.479, 83,   0.787, -0.444,  9.765
13577.00770, 3,   0.919, -1.240,  9.789, 4,   0.090, -0.025,  0.117, 5,  17.681, 41.288, 10.088, 81, 342.052,  2.640,  4.654, 82,   0.080, -0.816, -0.032, 83,   0.796, -0.450,  9.764
13577.02792, 3,   0.921, -1.022,  9.612, 4,   0.079, -0.059,  0.113, 5,  17.756, 41.044, 10.200, 81, 341.798,  2.616,  4.718, 82,   0.113, -0.794,  0.026, 83,   0.806, -0.446,  9.763
13577.04813, 3,   0.849, -0.744,  9.744, 4,   0.098, -0.045,  0.105, 5,  18.113, 40.725, 10.669, 81, 341.618,  2.616,  4.773, 82,   0.105, -0.576, -0.150, 83,   0.816, -0.446,  9.762
13577.06834, 3,   0.838, -0.435,  9.756, 4,   0.123, -0.057,  0.122, 5,  18.113, 40.500, 11.100, 81, 341.399,  2.585,  4.847, 82,   0.021, -0.303, -0.018, 83,   0.828, -0.441,  9.762
13577.08856, 3,   0.818, -0.097,  9.751, 4,   0.076, -0.039,  0.098, 5,  18.281, 40.313, 11.213, 81, 341.152,  2.447,  4.916, 82,  -0.002, -0.018, -0.006, 83,   0.840, -0.417,  9.762
13577.10877, 3,   0.979, -0.248,  9.756, 4,   0.109, -0.039,  0.052, 5,  18.525, 40.144, 11.456, 81, 340.951,  2.313,  4.957, 82,  -0.029,  0.297, -0.011, 83,   0.847, -0.394,  9.762
13577.12899, 3,   0.950, -0.560,  9.607, 4,   0.114, -0.052, -0.006, 5,  18.713, 40.313, 11.813, 81, 340.790,  2.183,  5.029, 82,   0.120,  0.124, -0.006, 83,   0.859, -0.372,  9.762
13577.14920, 3,   1.048, -0.785,  9.603, 4,   0.075, -0.017, -0.064, 5,  18.956, 40.425, 12.056, 81, 340.694,  2.121,  5.078, 82,   0.082, -0.198, -0.154, 83,   0.868, -0.362,  9.761
13577.16941, 3,   1.058, -0.802,  9.411, 4,  -0.053,  0.081, -0.152, 5,  19.144, 40.613, 12.413, 81, 340.652,  2.064,  5.138, 82,   0.170, -0.433, -0.158, 83,   0.878, -0.352,  9.761
13577.18963, 3,   1.039, -1.046,  9.773, 4,   0.000,  0.007, -0.185, 5,  19.013, 40.725, 12.956, 81, 340.683,  2.061,  5.118, 82,   0.183, -0.451, -0.350, 83,   0.875, -0.351,  9.761
13577.20984, 3,   0.821, -0.792,  9.947, 4,   0.028,  0.010, -0.179, 5,  19.013, 40.913, 13.388, 81, 340.841,  2.153,  5.091, 82,   0.169, -0.679,  0.012, 83,   0.870, -0.367,  9.761
13577.23005, 3,   0.897, -0.167,  9.296, 4,  -0.045,  0.093, -0.200, 5,  19.256, 41.044, 13.556, 81, 340.913,  2.143,  5.083, 82,  -0.048, -0.427,  0.186, 83,   0.869, -0.365,  9.761
13577.25027, 3,   0.706, -0.047,  9.265, 4,  -0.107,  0.045, -0.166, 5,  19.013, 41.400, 13.781, 81, 341.039,  2.125,  5.032, 82,   0.037,  0.195, -0.466, 83,   0.860, -0.362,  9.762
13577.27048, 3,   0.763, -0.605, 10.242, 4,  -0.016, -0.029, -0.178, 5,  18.956, 41.869, 14.100, 81, 341.225,  2.265,  4.942, 82,  -0.139,  0.339, -0.498, 83,   0.845, -0.386,  9.763
13577.29069, 3,   0.919, -0.957, 10.403, 4,   0.041, -0.087, -0.196, 5,  18.900, 42.000, 14.156, 81, 341.358,  2.434,  4.901, 82,  -0.075, -0.190,  0.480, 83,   0.838, -0.415,  9.762
13577.31091, 3,   0.622, -0.392,  8.963, 4,   0.000,  0.034, -0.180, 5,  18.656, 42.488, 14.513, 81, 341.433,  2.361,  4.898, 82,   0.082, -0.554,  0.640, 83,   0.837, -0.403,  9.763
13577.33112, 3,   0.390, -0.074,  9.993, 4,   0.025,  0.005, -0.130, 5,  18.600, 43.013, 14.888, 81, 341.628,  2.246,  4.871, 82,  -0.211, -0.009, -0.801, 83,   0.833, -0.383,  9.764
13577.35133, 3,   0.315,  0.210,  9.789, 4,  -0.224, -0.065, -0.014, 5,  18.600, 43.688, 15.056, 81, 341.717,  2.153,  4.815, 82,  -0.433,  0.293,  0.228, 83,   0.823, -0.367,  9.765
13577.37155, 3,   0.397, -0.004,  9.564, 4,  -0.026,  0.100,  0.070, 5,  18.525, 44.400, 15.056, 81, 341.709,  2.077,  4.690, 82,  -0.487,  0.564,  0.022, 83,   0.802, -0.354,  9.767
13577.39176, 3,   0.660, -0.193,  9.593, 4,   0.007,  0.002,  0.143, 5,  18.000, 45.113, 15.281, 81, 341.605,  1.988,  4.626, 82,  -0.394,  0.335, -0.205, 83,   0.791, -0.339,  9.769
13577.41197, 3,   0.737, -0.215,  9.639, 4,   0.035, -0.029,  0.172, 5,  18.000, 46.144, 15.356, 81, 341.419,  1.987,  4.642, 82,  -0.134,  0.146, -0.176, 83,   0.794, -0.339,  9.769
13577.43219, 3,   0.655,  0.019,  9.648, 4,   0.004, -0.000,  0.187, 5,  17.756, 47.213, 15.413, 81, 341.157,  1.926,  4.629, 82,  -0.054,  0.114, -0.130, 83,   0.791, -0.329,  9.769
13577.45240, 3,   0.761,  0.129,  9.200, 4,  -0.055,  0.051,  0.179, 5,  17.344, 48.488, 15.281, 81, 340.937,  1.897,  4.597, 82,  -0.131,  0.343, -0.122, 83,   0.786, -0.324,  9.770
13577.47261, 3,   1.173, -0.179, 10.204, 4,   0.040,  0.087,  0.143, 5,  17.400, 49.613, 14.813, 81, 340.804,  1.902,  4.540, 82,  -0.015,  0.454, -0.571, 83,   0.776, -0.325,  9.770
13577.49283, 3,   1.106,  0.134,  9.799, 4,  -0.044, -0.014,  0.112, 5,  17.025, 50.813, 13.856
13577.51304, 3,   1.041,  0.081,  9.219, 4,  -0.018, -0.008,  0.061, 5,  16.913, 51.525, 12.788, 81, 340.529,  1.922,  4.587, 82,   0.322,  0.462,  0.029, 83,   0.784, -0.328,  9.770
13577.53325, 3,   1.020, -0.270,  9.957, 4,   0.016, -0.012,  0.051, 5,  16.556, 52.088, 11.700, 81, 340.530,  1.911,  4.592, 82,   0.256,  0.407, -0.551, 83,   0.785, -0.326,  9.770
13577.55347, 3,   1.055, -0.553,  9.715, 4,  -0.024,  0.011,  0.052, 5,  16.744, 52.688, 10.256, 81, 340.532,  1.910,  4.622, 82,   0.230,  0.056,  0.188, 83,   0.790, -0.326,  9.769
13577.57368, 3,   1.012, -0.567,  9.337, 4,  -0.038, -0.015,  0.053, 5,  16.613, 52.500,  9.113, 81, 340.558,  1.956,  4.667, 82,   0.257, -0.219, -0.053, 83,   0.798, -0.334,  9.768
13577.59390, 3,   1.063, -0.466,  9.794, 4,  -0.045, -0.000,  0.013, 5,  16.781, 52.181,  7.688
13577.61411, 3,   1.108, -0.426, 10.031, 4,   0.013, -0.038,  0.016, 5,  17.025, 51.788,  6.488, 81, 340.562,  2.080,  4.763, 82,   0.249, -0.111,  0.028, 83,   0.814, -0.355,  9.766
13577.63432, 3,   0.763, -0.241,  9.775, 4,  -0.008, -0.040,  0.042, 5,  16.856, 50.944,  5.400, 81, 340.594,  2.104,  4.819, 82,   0.284, -0.067,  0.266, 83,   0.824, -0.359,  9.765
13577.65454, 3,   0.840, -0.191,  8.657, 4,  -0.044, -0.009,  0.083, 5,  16.913, 49.913,  4.556, 81, 340.607,  2.087,  4.828, 82,  -0.062,  0.115,  0.010, 83,   0.825, -0.356,  9.765
13577.67475, 3,   1.065, -0.495,  9.761, 4,   0.035,  0.010,  0.089, 5,  16.781, 49.144,  3.956, 81, 340.551,  2.103,  4.793, 82,   0.021,  0.168, -1.109, 83,   0.819, -0.359,  9.766
13577.69496, 3,   1.024, -0.306, 10.290, 4,   0.026,  0.040,  0.045, 5,  17.100, 48.413,  3.169
13577.71518, 3,   0.859,  0.203,  8.499, 4,  -0.216,  0.141,  0.007, 5,  17.156, 47.588,  2.813, 81, 340.406,  2.121,  4.811, 82,   0.202,  0.056,  0.525, 83,   0.822, -0.362,  9.765
13577.73539, 3,   0.818, -0.296,  9.164, 4,  -0.321,  0.163,  0.015, 5,  17.456, 46.800,  2.213, 81, 340.384,  2.222,  4.695, 82,   0.056,  0.582, -1.267, 83,   0.803, -0.379,  9.766
13577.75560, 3,   0.651, -0.627, 11.689, 4,   0.055,  0.127,  0.049, 5,  17.756, 45.844,  1.969, 81, 340.355,  2.621,  4.486, 82,   0.051,  0.151, -0.602, 83,   0.767, -0.447,  9.766
13577.77582, 3,   0.809,  0.270,  9.121, 4,  -0.165,  0.179,  0.036, 5,  17.644, 44.813,  1.613, 81, 340.287,  2.607,  4.447, 82,  -0.109, -0.182,  1.922, 83,   0.760, -0.445,  9.767
13577.79603, 3,   0.799, -0.394,  9.071, 4,   0.104,  0.018,  0.059, 5,  17.681, 44.044,  1.556
13577.81624, 3,   0.703, -0.196, 10.407, 4,   0.042,  0.069,  0.102, 5,  17.813, 43.088,  1.556, 81, 340.100,  2.596,  4.365, 82,   0.053,  0.049, -0.697, 83,   0.746, -0.443,  9.768
13577.83646, 3,   0.584,  0.031,  9.737, 4,  -0.055,  0.035,  0.136, 5,  18.056, 42.113,  1.800, 81, 339.993,  2.619,  4.351, 82,  -0.041,  0.251,  0.639, 83,   0.744, -0.447,  9.768
13577.85667, 3,   0.687, -0.550,  9.210, 4,   0.040,  0.002,  0.148, 5,  18.356, 41.213,  2.081, 81, 339.760,  2.559,  4.248, 82,  -0.142,  0.468, -0.033, 83,   0.726, -0.437,  9.770
13577.87688, 3,   0.653, -0.921,  9.909, 4,   0.017,  0.016,  0.094, 5,  18.600, 40.313,  2.381, 81, 339.570,  2.564,  4.236, 82,  -0.037, -0.112, -0.560, 83,   0.724, -0.438,  9.770
13577.89710, 3,   0.766, -0.797,  9.763, 4,  -0.009,  0.016,  0.038, 5,  18.656, 39.544,  2.888, 81, 339.333,  2.604,  4.215, 82,  -0.068, -0.477,  0.139, 83,   0.721, -0.444,  9.770
13577.91731, 3,   0.902, -0.770,  9.528, 4,   0.008, -0.011,  0.019, 5,  19.781, 37.313,  4.256, 81, 339.117,  2.636,  4.222, 82,   0.044, -0.347, -0.007, 83,   0.722, -0.450,  9.770
13577.93752, 3,   1.072, -0.972,  9.744, 4,   0.002,  0.021,  0.006, 5,  19.781, 37.313,  4.256, 81, 338.967,  2.649,  4.239, 82,   0.177, -0.318, -0.241, 83,   0.725, -0.452,  9.769
13577.95774, 3,   1.048, -1.149,  9.878, 4,  -0.023,  0.030, -0.043, 5,  20.100, 36.488,  4.856, 81, 338.843,  2.731,  4.299, 82,   0.337, -0.506, -0.024, 83,   0.735, -0.466,  9.768
13577.97795, 3,   0.876, -1.077,  9.492, 4,   0.011,  0.016, -0.067, 5,  20.344, 35.813,  5.100, 81, 338.756,  2.784,  4.306, 82,   0.312, -0.674,  0.111, 83,   0.736, -0.475,  9.767
13577.99816, 3,   0.739, -1.187,  9.550, 4,   0.032,  0.010, -0.070, 5,  20.344, 35.044,  5.700, 81, 338.699,  2.797,  4.287, 82,   0.143, -0.600, -0.276, 83,   0.733, -0.477,  9.768
13578.01838, 3,   0.780, -1.233,  9.900, 4,   0.022,  0.016, -0.084, 5,  20.400, 34.388,  6.188, 81, 338.648,  2.827,  4.290, 82,   0.006, -0.704, -0.217, 83,   0.733, -0.483,  9.767
13578.03859, 3,   0.838, -1.240,  9.674, 4,   0.038,  0.007, -0.134, 5,  20.456, 33.488,  6.713, 81, 338.628,  2.836,  4.294, 82,   0.046, -0.749,  0.133, 83,   0.734, -0.484,  9.767
13578.05881, 3,   0.481, -1.551,  8.918, 4,  -0.076, -0.088, -0.132, 5,  20.400, 33.188,  7.313, 81, 338.625,  2.895,  4.316, 82,   0.100, -0.746, -0.092, 83,   0.738, -0.494,  9.766
13578.07902, 3,   0.150, -1.786,  9.631, 4,  -0.008, -0.089, -0.101, 5,  20.400, 32.700,  7.688, 81, 338.607,  2.907,  4.343, 82,  -0.261, -1.055, -0.848, 83,   0.742, -0.496,  9.766
13578.09923, 3,   0.181, -1.750, 10.745, 4,   0.041,  0.010, -0.036, 5,  20.513, 32.344,  8.381, 81, 338.609,  3.111,  4.375, 82,  -0.598, -1.255, -0.133, 83,   0.748, -0.531,  9.764
13578.11945, 3,   0.495, -1.611,  9.811, 4,   0.013,  0.039, -0.002, 5,  20.644, 32.213,  8.813, 81, 338.521,  3.140,  4.382, 82,  -0.568, -1.214,  0.982, 83,   0.749, -0.536,  9.763
13578.13966, 3,   0.821, -1.434,  9.342, 4,   0.033,  0.010,  0.023, 5,  20.813, 31.800,  9.169, 81, 338.392,  3.190,  4.310, 82,  -0.242, -1.067,  0.047, 83,   0.737, -0.544,  9.764
13578.15987, 3,   1.032, -1.381,  9.617, 4,   0.013,  0.001,  0.029, 5,  21.000, 31.669,  9.656, 81, 338.218,  3.203,  4.293, 82,   0.087, -0.887, -0.422, 83,   0.734, -0.547,  9.764
13578.18009, 3,   0.873, -1.103,  9.574, 4,  -0.004, -0.011,  0.055, 5,  21.113, 31.500, 10.013, 81, 338.032,  3.295,  4.352, 82,   0.288, -0.819, -0.145, 83,   0.744, -0.562,  9.762
13578.20030, 3,   0.751, -1.158,  9.564, 4,  -0.008, -0.028,  0.083, 5,  21.413, 31.500, 10.500, 81, 337.837,  3.348,  4.373, 82,   0.125, -0.532, -0.187, 83,   0.748, -0.571,  9.761
13578.22051, 3,   0.907, -1.539,  9.859, 4,  -0.008, -0.032,  0.072, 5,  21.413, 31.313, 10.856, 81, 337.572,  3.439,  4.406, 82,  -0.002, -0.571, -0.196, 83,   0.753, -0.587,  9.760
13578.24073, 3,   1.055, -1.599, 10.379, 4,   0.045,  0.045,  0.044, 5,  21.600, 31.388, 11.400, 81, 337.349,  3.537,  4.441, 82,   0.148, -0.936,  0.100, 83,   0.759, -0.603,  9.759
13578.26094, 3,   1.077, -1.661,  9.753, 4,   0.064,  0.079,  0.011, 5,  21.656, 31.013, 11.588, 81, 337.124,  3.537,  4.406, 82,   0.302, -0.996,  0.620, 83,   0.753, -0.603,  9.759
13578.28115, 3,   0.929, -1.685,  8.903, 4,  -0.010,  0.014, -0.021, 5,  21.713, 30.900, 11.813, 81, 336.950,  3.570,  4.371, 82,   0.330, -1.052, -0.006, 83,   0.747, -0.609,  9.759
13578.30137, 3,   0.723, -1.654,  9.753, 4,  -0.005,  0.008, -0.033, 5,  21.600, 30.844, 12.169, 81, 336.813,  3.596,  4.356, 82,   0.184, -1.072, -0.856, 83,   0.745, -0.613,  9.759
13578.32158, 3,   0.687, -1.786, 10.151, 4,   0.002,  0.018, -0.011, 5,  21.544, 30.713, 12.413, 81, 336.697,  3.709,  4.359, 82,  -0.022, -1.021, -0.005, 83,   0.745, -0.633,  9.758
13578.34179, 3,   0.809, -1.542,  9.143, 4,  -0.025,  0.003,  0.005, 5,  21.300, 30.713, 12.713, 81, 336.571,  3.763,  4.333, 82,  -0.054, -1.144,  0.393, 83,   0.741, -0.642,  9.758
13578.36201, 3,   0.699, -0.270,  9.713, 4,  -0.049,  0.003,  0.004, 5,  21.113, 30.581, 12.900, 81, 336.431,  3.829,  4.327, 82,   0.069, -0.889, -0.614, 83,   0.740, -0.653,  9.757
13578.38222, 3,   0.758, -0.174, 10.003, 4,   0.014,  0.043, -0.002, 5,  21.113, 30.488, 13.088, 81, 336.296,  3.826,  4.315, 82,  -0.039,  0.383, -0.044, 83,   0.738, -0.653,  9.757
13578.40243, 3,   0.672, -0.126,  9.049, 4,  -0.060, -0.118,  0.002, 5,  20.925, 30.488, 13.556, 81, 336.168,  3.792,  4.298, 82,   0.023,  0.473,  0.245, 83,   0.735, -0.647,  9.758
13578.42265, 3,   0.864, -0.390,  9.914, 4,   0.013,  0.025,  0.001, 5,  20.925, 30.488, 13.556, 81, 336.050,  3.724,  4.280, 82,  -0.060,  0.509, -0.710, 83,   0.732, -0.635,  9.759
13578.44286, 3,   0.790, -0.394, 10.012, 4,  -0.050,  0.056,  0.002, 5,  21.056, 30.488, 13.781, 81, 335.922,  3.720,  4.316, 82,   0.126,  0.245,  0.156, 83,   0.738, -0.635,  9.758
13578.46308, 3,   0.689, -0.332,  9.174, 4,   0.014, -0.003, -0.003, 5,  21.056, 30.488, 13.781, 81, 335.797,  3.713,  4.306, 82,   0.054,  0.239,  0.254, 83,   0.736, -0.633,  9.758
13578.48329, 3,   0.723, -0.239,  9.775, 4,   0.008, -0.033,  0.002, 5,  21.056, 30.581, 13.856, 81, 335.676,  3.679,  4.310, 82,  -0.048,  0.296, -0.585, 83,   0.737, -0.628,  9.759
13578.50350, 3,   0.782, -0.222,  9.945, 4,  -0.009, -0.009, -0.001, 5,  21.356, 30.544, 13.781, 81, 335.556,  3.619,  4.316, 82,  -0.015,  0.378,  0.016, 83,   0.738, -0.617,  9.759
13578.52372, 3,   0.744, -0.363,  9.092, 4,  -0.045, -0.020, -0.003, 5,  21.413, 30.581, 13.781, 81, 335.431,  3.580,  4.303, 82,   0.046,  0.389,  0.185, 83,   0.736, -0.611,  9.760
13578.54393, 3,   0.747, -0.471,  9.773, 4,  -0.028, -0.012,  0.003, 5,  21.356, 30.788, 13.500, 81, 335.305,  3.596,  4.309, 82,   0.007,  0.250, -0.668, 83,   0.737, -0.613,  9.760
13578.56414, 3,   0.775, -0.256, 10.173, 4,  -0.009,  0.011,  0.004, 5,  21.413, 30.581, 13.313, 81, 335.176,  3.600,  4.349, 82,   0.004,  0.143,  0.014, 83,   0.743, -0.614,  9.759
13578.58436, 3,   0.761, -0.160,  9.478, 4,   0.014,  0.011, -0.003, 5,  21.600, 30.544, 13.313, 81, 335.048,  3.587,  4.350, 82,   0.031,  0.356,  0.414, 83,   0.744, -0.612,  9.759
13578.60457, 3,   0.766, -0.404,  9.749, 4,   0.023,  0.013, -0.002, 5,  21.300, 30.544, 13.200, 81, 334.925,  3.539,  4.335, 82,   0.020,  0.444, -0.282, 83,   0.741, -0.604,  9.760
13578.62478, 3,   0.775, -0.440,  9.758, 4,   0.015,  0.010,  0.003, 5,  21.544, 30.544, 13.200, 81, 334.811,  3.483,  4.314, 82,   0.028,  0.190, -0.012, 83,   0.738, -0.594,  9.761
13578.64500, 3,   0.747, -0.239,  9.330, 4,  -0.001, -0.014, -0.001, 5,  21.544, 30.300, 12.956, 81, 334.685,  3.437,  4.296, 82,   0.040,  0.146, -0.004, 83,   0.735, -0.586,  9.762
13578.66521, 3,   0.718, -0.198,  9.761, 4,  -0.004, -0.005, -0.004, 5,  21.413, 30.169, 12.956, 81, 334.559,  3.421,  4.296, 82,   0.013,  0.345, -0.432, 83,   0.734, -0.584,  9.762
13578.68542, 3,   0.737, -0.337,  9.830, 4,   0.000,  0.009,  0.001, 5,  21.300, 30.244, 13.088, 81, 334.327,  3.338,  4.286, 82,   0.004,  0.232,  0.067, 83,   0.733, -0.569,  9.763
13578.70564, 3,   0.787, -0.390,  9.368, 4,  -0.007, -0.012,  0.001, 5,  21.413, 30.244, 13.088
13578.72585, 3,   0.790, -0.299,  9.840, 4,  -0.010, -0.010, -0.001, 5,  21.356, 30.300, 13.200, 81, 334.206,  3.342,  4.302, 82,   0.052,  0.180, -0.394, 83,   0.735, -0.570,  9.762
13578.74606, 3,   0.751, -0.287,  9.854, 4,   0.013,  0.008, -0.001, 5,  21.244, 30.413, 12.900, 81, 334.093,  3.314,  4.316, 82,   0.052,  0.266,  0.078, 83,   0.738, -0.565,  9.762
13578.76628, 3,   0.723, -0.265,  9.519, 4,   0.005,  0.003,  0.002, 5,  21.356, 30.413, 12.900, 81, 333.984,  3.282,  4.311, 82,   0.014,  0.273,  0.091, 83,   0.737, -0.560,  9.763
13578.78649, 3,   0.749, -0.339,  9.674, 4,  -0.005, -0.003, -0.001, 5,  21.056, 30.413, 12.956
13578.80670, 3,   0.761, -0.390,  9.627, 4,  -0.007, -0.004,  0.002, 5,  21.113, 30.581, 13.200, 81, 333.771,  3.233,  4.301, 82,   0.014,  0.213, -0.090, 83,   0.735, -0.552,  9.763
13578.82692, 3,   0.739, -0.289,  9.536, 4,  -0.021, -0.021,  0.002, 5,  21.113, 30.713, 13.256, 81, 333.669,  3.226,  4.309, 82,   0.024,  0.160, -0.136, 83,   0.737, -0.550,  9.763
13578.84713, 3,   0.739, -0.222,  9.737, 4,  -0.019, -0.016, -0.003, 5,  21.244, 30.788, 13.200, 81, 333.565,  3.232,  4.332, 82,  -0.002,  0.262, -0.227, 83,   0.741, -0.551,  9.763
13578.86734, 3,   0.763, -0.385,  9.806, 4,  -0.004, -0.004, -0.002, 5,  21.300, 30.581, 13.256, 81, 333.466,  3.210,  4.349, 82,  -0.005,  0.326, -0.026, 83,   0.744, -0.548,  9.763
13578.88756, 3,   0.794, -0.406,  9.725, 4,   0.002, -0.000,  0.002, 5,  21.300, 30.581, 13.256
13578.90777, 3,   0.816, -0.280,  9.691, 4,   0.000,  0.003,  0.002, 5,  21.356, 30.788, 13.388, 81, 333.267,  3.182,  4.364, 82,   0.048,  0.137, -0.038, 83,   0.746, -0.543,  9.763
13578.92799, 3,   0.735, -0.258,  9.742, 4,   0.011,  0.011, -0.003, 5,  21.244, 30.788, 13.556, 81, 333.168,  3.154,  4.368, 82,   0.069,  0.258, -0.072, 83,   0.747, -0.538,  9.763
13578.94820, 3,   0.703, -0.359,  9.651, 4,   0.010,  0.009,  0.001, 5,  21.356, 30.788, 13.500, 81, 333.081,  3.102,  4.349, 82,  -0.009,  0.271, -0.022, 83,   0.744, -0.529,  9.764
13578.96841, 3,   0.773, -0.366,  9.586, 4,  -0.002, -0.003,  0.002, 5,  21.113, 30.544, 13.388, 81, 332.988,  3.080,  4.335, 82,  -0.038,  0.166, -0.113, 83,   0.741, -0.525,  9.764
13578.98863, 3,   0.806, -0.284,  9.631, 4,  -0.007, -0.008, -0.001, 5,  21.244, 30.544, 13.313, 81, 332.894,  3.062,  4.332, 82,   0.032,  0.156, -0.179, 83,   0.741, -0.522,  9.765
13579.00884, 3,   0.770, -0.308,  9.636, 4,  -0.009, -0.013, -0.000, 5,  21.244, 30.488, 13.256, 81, 332.802,  3.046,  4.343, 82,   0.063,  0.236, -0.134, 83,   0.742, -0.520,  9.765
13579.02905, 3,   0.711, -0.325,  9.753, 4,  -0.009, -0.009,  0.002, 5,  21.056, 30.413, 13.313, 81, 332.711,  3.043,  4.362, 82,   0.024,  0.211, -0.128, 83,   0.746, -0.519,  9.764
13579.04927, 3,   0.761, -0.342,  9.749, 4,  -0.001,  0.002, -0.000, 5,  21.244, 30.300, 13.313, 81, 332.623,  3.023,  4.362, 82,  -0.035,  0.191, -0.012, 83,   0.746, -0.516,  9.765
13579.06948, 3,   0.794, -0.354,  9.617, 4,  -0.004, -0.003,  0.002, 5,  21.244, 30.300, 13.388, 81, 332.532,  3.002,  4.365, 82,   0.015,  0.170, -0.016, 83,   0.746, -0.512,  9.765
13579.08969, 3,   0.782, -0.303,  9.641, 4,  -0.004, -0.004,  0.002, 5,  21.413, 30.244, 13.313, 81, 332.442,  2.992,  4.371, 82,   0.047,  0.156, -0.148, 83,   0.747, -0.510,  9.765
13579.10991, 3,   0.730, -0.275,  9.732, 4,  -0.004, -0.003,  0.001, 5,  21.600, 30.244, 13.388, 81, 332.348,  2.977,  4.377, 82,   0.034,  0.205, -0.124, 83,   0.748, -0.508,  9.765
13579.13012, 3,   0.739, -0.366,  9.698, 4,   0.004,  0.003, -0.003, 5,  21.713, 30.300, 13.313, 81, 332.251,  2.953,  4.377, 82,  -0.018,  0.229, -0.033, 83,   0.748, -0.504,  9.765
13579.15033, 3,   0.792, -0.380,  9.713, 4,   0.006,  0.007, -0.000, 5,  21.656, 30.488, 13.313, 81, 332.156,  2.935,  4.375, 82,  -0.009,  0.135, -0.067, 83,   0.748, -0.501,  9.765
13579.17055, 3,   0.816, -0.284,  9.622, 4,   0.002,  0.003,  0.001, 5,  21.600, 30.488, 13.256, 81, 332.064,  2.915,  4.374, 82,   0.044,  0.117, -0.052, 83,   0.748, -0.497,  9.765
13579.19076, 3,   0.756, -0.299,  9.662, 4,  -0.001,  0.002, -0.004, 5,  21.600, 30.300, 13.313, 81, 331.972,  2.895,  4.377, 82,   0.068,  0.210, -0.144, 83,   0.748, -0.494,  9.766
13579.21097, 3,   0.715, -0.371,  9.753, 4,  -0.002,  0.003, -0.001, 5,  21.544, 30.544, 13.256, 81, 331.884,  2.873,  4.374, 82,   0.008,  0.191, -0.104, 83,   0.748, -0.490,  9.766
13579.23119, 3,   0.773, -0.354,  9.665, 4,   0.002,  0.002,  0.003, 5,  21.356, 30.488, 13.200, 81, 331.803,  2.856,  4.364, 82,  -0.031,  0.116, -0.013, 83,   0.746, -0.487,  9.766
13579.25140, 3,   0.835, -0.280,  9.624, 4,  -0.004, -0.003, -0.001, 5,  21.244, 30.413, 13.013, 81, 331.721,  2.839,  4.362, 82,   0.027,  0.130, -0.101, 83,   0.746, -0.484,  9.766
13579.27161, 3,   0.782, -0.325,  9.631, 4,  -0.014, -0.013,  0.002, 5,  21.300, 30.413, 13.256, 81, 331.643,  2.824,  4.372, 82,   0.088,  0.202, -0.142, 83,   0.747, -0.482,  9.766
13579.29183, 3,   0.708, -0.359,  9.677, 4,  -0.013, -0.013,  0.004, 5,  21.356, 30.488, 13.500, 81, 331.568,  2.825,  4.389, 82,   0.032,  0.157, -0.135, 83,   0.750, -0.482,  9.766
13579.31204, 3,   0.744, -0.325,  9.708, 4,  -0.012, -0.011, -0.000, 5,  21.413, 30.300, 13.500, 81, 331.488,  2.826,  4.398, 82,  -0.044,  0.123, -0.089, 83,   0.752, -0.482,  9.766
13579.33225, 3,   0.821, -0.337,  9.686, 4,  -0.008, -0.009, -0.001, 5,  21.600, 30.113, 13.669, 81, 331.408,  2.821,  4.410, 82,  -0.010,  0.156, -0.058, 83,   0.754, -0.481,  9.766
13579.35247, 3,   0.811, -0.332,  9.756, 4,   0.002,  0.001, -0.000, 5,  21.244, 30.169, 14.100, 81, 331.326,  2.816,  4.429, 82,   0.064,  0.143, -0.080, 83,   0.757, -0.480,  9.766
13579.37268, 3,   0.739, -0.320,  9.742, 4,   0.007,  0.009, -0.000, 5,  21.244, 30.169, 14.100, 81, 331.255,  2.795,  4.436, 82,   0.053,  0.145, -0.010, 83,   0.758, -0.477,  9.766
13579.39290, 3,   0.730, -0.344,  9.634, 4,   0.007,  0.006, -0.002, 5,  21.300, 30.113, 14.288, 81, 331.185,  2.768,  4.425, 82,  -0.017,  0.152, -0.024, 83,   0.757, -0.472,  9.766
13579.41311, 3,   0.770, -0.342,  9.627, 4,  -0.002,  0.002,  0.001, 5,  21.544, 30.244, 14.213, 81, 331.116,  2.745,  4.410, 82,  -0.024,  0.124, -0.132, 83,   0.754, -0.468,  9.766
13579.43332, 3,   0.809, -0.301,  9.665, 4,  -0.003, -0.002, -0.000, 5,  21.244, 30.244, 14.156, 81, 331.043,  2.733,  4.408, 82,   0.016,  0.124, -0.140, 83,   0.754, -0.466,  9.767
13579.45354, 3,   0.780, -0.325,  9.677, 4,  -0.003, -0.004, -0.001, 5,  21.113, 30.244, 14.100, 81, 330.976,  2.719,  4.416, 82,   0.054,  0.163, -0.102, 83,   0.755, -0.464,  9.767
13579.47375, 3,   0.735, -0.366,  9.758, 4,   0.006,  0.003, -0.000, 5,  21.113, 30.169, 14.288, 81, 330.914,  2.711,  4.423, 82,   0.024,  0.137, -0.090, 83,   0.756, -0.463,  9.767
13579.49396, 3,   0.766, -0.318,  9.713, 4,   0.010,  0.012,  0.001, 5,  21.113, 30.244, 14.100, 81, 330.853,  2.689,  4.413, 82,  -0.020,  0.093, -0.009, 83,   0.755, -0.459,  9.767
13579.51418, 3,   0.806, -0.294,  9.629, 4,   0.008,  0.010, -0.002, 5,  21.244, 30.244, 13.781, 81, 330.791,  2.666,  4.406, 82,   0.013,  0.137, -0.054, 83,   0.753, -0.455,  9.767
13579.53439, 3,   0.806, -0.339,  9.694, 4,   0.009,  0.009, -0.001, 5,  21.056, 30.413, 13.856, 81, 330.729,  2.639,  4.397, 82,   0.054,  0.156, -0.138, 83,   0.752, -0.450,  9.767
13579.55460, 3,   0.739, -0.361,  9.708, 4,   0.009,  0.013,  0.002, 5,  20.813, 30.581, 13.556, 81, 330.674,  2.620,  4.395, 82,   0.055,  0.108, -0.074, 83,   0.751, -0.447,  9.768
13579.57482, 3,   0.715, -0.308,  9.615, 4,   0.004,  0.006, -0.000, 5,  20.756, 30.844, 13.856, 81, 330.625,  2.599,  4.379, 82,  -0.010,  0.082, -0.060, 83,   0.749, -0.443,  9.768
13579.61524, 3,   0.814, -0.323,  9.742, 4,   0.010,  0.010, -0.002, 5,  21.000, 31.013, 13.856, 81, 330.579,  2.578,  4.366, 82,  -0.031,  0.132, -0.153, 83,   0.747, -0.440,  9.768
13579.65567, 3,   0.706, -0.301,  9.490, 4,  -0.010, -0.006, -0.000, 5,  21.056, 31.088, 13.669, 81, 330.487,  2.546,  4.360, 82,   0.069,  0.111, -0.027, 83,   0.745, -0.434,  9.769
13579.69610, 3,   0.766, -0.363,  8.175, 4,   0.088,  0.170, -0.004, 5,  21.300, 31.013, 13.913, 81, 330.389,  2.532,  4.350, 82,  -0.038,  0.131, -0.279, 83,   0.744, -0.432,  9.769
13579.73652, 3,   0.902, -0.354, 11.540, 4,   0.012,  0.049, -0.000, 5,  21.356, 30.788, 13.913, 81, 330.293,  2.550,  4.296, 82,   0.032,  0.072, -1.594, 83,   0.735, -0.435,  9.769
13579.77695, 3,   0.610, -0.212,  8.865, 4,  -0.040, -0.006,  0.003, 5,  21.544, 30.788, 13.856, 81, 330.178,  2.608,  4.465, 82,   0.139,  0.091,  1.773, 83,   0.763, -0.445,  9.767
13579.81738, 3,   0.782, -0.330,  9.018, 4,   0.030,  0.022, -0.001, 5,  21.113, 30.844, 13.556
